worker_key,image_id,image_path,worker_index,bbox_x1,bbox_y1,bbox_x2,bbox_y2,depth_z_m,distance_class_3
2person-garage_000009#1,2person-garage_000009,images/2person-garage_000009.png,1,292.289551,294.719238,340.67865,480.906921,6.4375,>6
2person-garage_000009#2,2person-garage_000009,images/2person-garage_000009.png,2,549.233826,305.666565,615.273376,501.3013,5.789062,3-6
2person-garage_000016#1,2person-garage_000016,images/2person-garage_000016.png,1,273.891937,282.264313,363.490723,492.876617,5.5625,3-6
2person-garage_000016#2,2person-garage_000016,images/2person-garage_000016.png,2,586.930298,316.488312,659.14209,514.204041,5.707031,3-6
2person-garage_000027#1,2person-garage_000027,images/2person-garage_000027.png,1,214.738739,264.967743,300.877899,501.285034,5.332031,3-6
2person-garage_000027#2,2person-garage_000027,images/2person-garage_000027.png,2,592.366089,304.121185,677.722046,509.639862,5.355469,3-6
2person-garage_000030#1,2person-garage_000030,images/2person-garage_000030.png,1,216.77446,278.433014,305.259674,513.512756,5.273438,3-6
2person-garage_000030#2,2person-garage_000030,images/2person-garage_000030.png,2,640.627869,318.25882,726.77771,531.227051,4.972656,3-6
2person-garage_000045#1,2person-garage_000045,images/2person-garage_000045.png,1,189.363251,303.642059,271.016785,555.036621,4.855469,3-6
2person-garage_000045#2,2person-garage_000045,images/2person-garage_000045.png,2,799.229553,339.928253,922.458801,663.5177,3.615234,3-6
2person-garage_000051#1,2person-garage_000051,images/2person-garage_000051.png,1,173.495377,306.218628,280.165283,547.524414,5.074219,3-6
2person-garage_000051#2,2person-garage_000051,images/2person-garage_000051.png,2,781.348022,354.826752,937.353149,711.143127,3.307617,3-6
2person-garage_000067#1,2person-garage_000067,images/2person-garage_000067.png,1,327.576508,311.709778,390.708893,495.074982,6.539062,>6
2person-garage_000067#2,2person-garage_000067,images/2person-garage_000067.png,2,686.472471,350.756686,803.985664,719.241394,2.992188,<3
2person-garage_000070#1,2person-garage_000070,images/2person-garage_000070.png,1,331.723389,312.918121,400.873199,496.100586,6.839844,>6
2person-garage_000070#2,2person-garage_000070,images/2person-garage_000070.png,2,647.442505,336.094208,782.503662,718.539734,3.011719,3-6
2person-garage_000082#1,2person-garage_000082,images/2person-garage_000082.png,1,404.493103,365.987091,447.189819,519.211914,7.779297,>6
2person-garage_000082#2,2person-garage_000082,images/2person-garage_000082.png,2,464.660339,373.701019,557.697144,719.620972,3.095703,3-6
2person-garage_000099#1,2person-garage_000099,images/2person-garage_000099.png,1,260.264191,366.928467,338.125267,620.530621,4.539062,3-6
2person-garage_000099#2,2person-garage_000099,images/2person-garage_000099.png,2,461.249769,367.633026,521.706016,519.894925,8.265625,>6
2person-garage_000108#1,2person-garage_000108,images/2person-garage_000108.png,1,257.722412,320.830353,354.730774,518.250732,5.792969,3-6
2person-garage_000108#2,2person-garage_000108,images/2person-garage_000108.png,2,517.6474,323.990112,570.559021,477.303223,7.890625,>6
2person-garage_000117#1,2person-garage_000117,images/2person-garage_000117.png,1,277.943848,305.975464,335.113373,474.220367,6.828125,>6
2person-garage_000117#2,2person-garage_000117,images/2person-garage_000117.png,2,520.895325,311.775879,576.071228,471.008148,7.445312,>6
2person-garage_000122#1,2person-garage_000122,images/2person-garage_000122.png,1,289.71167,338.863007,349.215637,490.161072,7.246094,>6
2person-garage_000122#2,2person-garage_000122,images/2person-garage_000122.png,2,508.117218,320.821838,576.348328,492.38031,7.078125,>6
2person-garage_000132#1,2person-garage_000132,images/2person-garage_000132.png,1,271.654755,317.824432,337.749329,476.527252,7.449219,>6
2person-garage_000132#2,2person-garage_000132,images/2person-garage_000132.png,2,433.0578,310.30014,503.8396,510.729675,5.902344,3-6
2person-garage_000146#1,2person-garage_000146,images/2person-garage_000146.png,1,262.052856,309.123535,372.4823,553.834473,5.076172,3-6
2person-garage_000146#2,2person-garage_000146,images/2person-garage_000146.png,2,374.362946,334.575348,423.181458,502.710114,6.402344,>6
2person-garage_000157#1,2person-garage_000157,images/2person-garage_000157.png,1,203.888077,298.334381,297.174255,565.841553,4.621094,3-6
2person-garage_000157#2,2person-garage_000157,images/2person-garage_000157.png,2,483.086548,331.094421,548.985474,537.083191,5.585938,3-6
2person-garage_000163#1,2person-garage_000163,images/2person-garage_000163.png,1,108.179398,309.009369,237.841415,587.261719,4.484375,3-6
2person-garage_000163#2,2person-garage_000163,images/2person-garage_000163.png,2,494.692841,349.237885,573.345215,596.193115,4.621094,3-6
2person-garage_000163#3,2person-garage_000163,images/2person-garage_000163.png,3,494.544983,347.39444,616.666321,598.909424,4.5625,3-6
2person-garage_000175#1,2person-garage_000175,images/2person-garage_000175.png,1,86.292206,307.940582,199.459946,561.265076,4.476562,3-6
2person-garage_000175#2,2person-garage_000175,images/2person-garage_000175.png,2,551.759827,346.336487,747.496094,701.720215,3.390625,3-6
2person-garage_000180#1,2person-garage_000180,images/2person-garage_000180.png,1,143.338211,289.398102,212.313721,512.260864,5.257812,3-6
2person-garage_000180#2,2person-garage_000180,images/2person-garage_000180.png,2,616.160522,320.528412,735.913147,678.465698,3.337891,3-6
2person-garage_000196#1,2person-garage_000196,images/2person-garage_000196.png,1,211.81929,336.497345,267.360016,493.960541,8.121094,>6
2person-garage_000196#2,2person-garage_000196,images/2person-garage_000196.png,2,713.178223,358.878662,884.418823,716.958435,3.285156,3-6
2person-garage_000201#1,2person-garage_000201,images/2person-garage_000201.png,1,240.477539,306.510162,297.890198,445.807098,9,>6
2person-garage_000201#2,2person-garage_000201,images/2person-garage_000201.png,2,770.596985,327.643402,881.642395,693.676941,3.253906,3-6
2person-garage_000212#1,2person-garage_000212,images/2person-garage_000212.png,1,221.947952,336.286713,271.307861,458.403442,10.398438,>6
2person-garage_000212#2,2person-garage_000212,images/2person-garage_000212.png,2,747.23407,359.236542,846.321411,709.472046,3.457031,3-6
2person-garage_000221#1,2person-garage_000221,images/2person-garage_000221.png,1,212.91687,279.705719,254.15744,387.731079,11.78125,>6
2person-garage_000221#2,2person-garage_000221,images/2person-garage_000221.png,2,709.709656,303.382324,788.380005,604.798645,3.839844,3-6
2person-garage_000239#1,2person-garage_000239,images/2person-garage_000239.png,1,307.694781,276.552957,362.131597,397.661338,13.070312,>6
2person-garage_000239#2,2person-garage_000239,images/2person-garage_000239.png,2,716.46698,314.286041,805.666809,611.308594,3.963867,3-6
2person-garage_000241#1,2person-garage_000241,images/2person-garage_000241.png,1,315.990631,290.976471,346.341038,405.6554,12.078125,>6
2person-garage_000241#2,2person-garage_000241,images/2person-garage_000241.png,2,714.621826,310.076385,805.102112,612.141785,3.999023,3-6
2person-garage_000251#1,2person-garage_000251,images/2person-garage_000251.png,1,374.065492,289.63152,419.300367,410.63128,11.449219,>6
2person-garage_000251#2,2person-garage_000251,images/2person-garage_000251.png,2,774.890686,313.698792,881.273682,643.314514,3.599609,3-6
2person-garage_000261#1,2person-garage_000261,images/2person-garage_000261.png,1,368.477551,306.140167,426.267975,433.046819,11.195312,>6
2person-garage_000261#2,2person-garage_000261,images/2person-garage_000261.png,2,853.63385,322.759735,959.960266,698.337402,3.099609,3-6
2person-garage_000278#1,2person-garage_000278,images/2person-garage_000278.png,1,374.720551,317.722961,425.782837,477.629242,7.675781,>6
2person-garage_000286#1,2person-garage_000286,images/2person-garage_000286.png,1,311.474396,317.635529,392.163116,508.250244,6.574219,>6
2person-garage_000286#2,2person-garage_000286,images/2person-garage_000286.png,2,784.599976,370.479553,959.388062,719.382996,2.818359,<3
2person-garage_000296#1,2person-garage_000296,images/2person-garage_000296.png,1,305.026703,300.835419,410.966217,544.41217,5.121094,3-6
2person-garage_000296#2,2person-garage_000296,images/2person-garage_000296.png,2,740.840332,343.567383,938.252563,719.457092,3.089844,3-6
2person-garage_000308#1,2person-garage_000308,images/2person-garage_000308.png,1,157.620987,308.892853,349.569336,695.787964,3.408203,3-6
2person-garage_000308#2,2person-garage_000308,images/2person-garage_000308.png,2,734.463928,355.889984,902.842407,697.997131,3.460938,3-6
2person-garage_000316#1,2person-garage_000316,images/2person-garage_000316.png,1,98.250069,263.09079,294.850342,718.022522,2.662109,<3
2person-garage_000316#2,2person-garage_000316,images/2person-garage_000316.png,2,700.435608,341.105988,818.563477,628.006714,4.0625,3-6
2person-garage_000323#1,2person-garage_000323,images/2person-garage_000323.png,1,150.597076,271.87616,323.49234,719.651978,2.714844,<3
2person-garage_000323#2,2person-garage_000323,images/2person-garage_000323.png,2,672.023621,337.201324,766.300415,581.88739,4.726562,3-6
2person-garage_000336#1,2person-garage_000336,images/2person-garage_000336.png,1,356.850586,289.716949,464.458649,617.524109,4.003906,3-6
2person-garage_000336#2,2person-garage_000336,images/2person-garage_000336.png,2,584.270569,347.904327,643.331909,504.142456,6.628906,>6
2person-garage_000345#1,2person-garage_000345,images/2person-garage_000345.png,1,377.480591,267.26239,497.555695,550.957092,4.421875,3-6
2person-garage_000345#2,2person-garage_000345,images/2person-garage_000345.png,2,514.671204,309.559479,591.696716,466.461456,7.199219,>6
2person-garage_000350#1,2person-garage_000350,images/2person-garage_000350.png,1,354.861145,271.307556,440.394836,555.463623,4.332031,3-6
2person-garage_000350#2,2person-garage_000350,images/2person-garage_000350.png,2,446.398773,306.844482,514.392029,462.088989,7.9375,>6
2person-garage_000366#1,2person-garage_000366,images/2person-garage_000366.png,1,360.269562,325.261688,448.237,539.205017,5.308594,3-6
2person-garage_000366#2,2person-garage_000366,images/2person-garage_000366.png,2,466.469696,294.545959,574.493408,603.542114,4.011719,3-6
2person-garage_000379#1,2person-garage_000379,images/2person-garage_000379.png,1,45.272118,303.154175,191.515411,672.305603,3.208984,3-6
2person-garage_000379#2,2person-garage_000379,images/2person-garage_000379.png,2,444.286377,287.226562,574.933228,630.342957,3.652344,3-6
2person-garage_000381#1,2person-garage_000381,images/2person-garage_000381.png,1,0,294.938171,114.69088,695.420837,3.066406,3-6
2person-garage_000381#2,2person-garage_000381,images/2person-garage_000381.png,2,427.449371,288.731232,578.965088,638.950806,3.564453,3-6
2person-garage_000399#1,2person-garage_000399,images/2person-garage_000399.png,1,435.473969,256.411682,603.924377,691.381287,2.75,<3
2person-garage_000405#1,2person-garage_000405,images/2person-garage_000405.png,1,442.661316,252.088257,603.037354,719.661133,2.207031,<3
2person-garage_000417#1,2person-garage_000417,images/2person-garage_000417.png,1,675.243042,220.211243,958.86261,718.20813,1.53418,<3
2person-garage_000420#1,2person-garage_000420,images/2person-garage_000420.png,1,681.596497,206.490646,959.120728,718.190002,1.380371,<3
2person-garage_000430#1,2person-garage_000430,images/2person-garage_000430.png,1,98.679459,218.801697,368.145447,718.472046,1.553711,<3
2person-garage_000468#1,2person-garage_000468,images/2person-garage_000468.png,1,44.021736,320.884277,128.229507,539.362854,5.066406,3-6
2person-garage_000468#2,2person-garage_000468,images/2person-garage_000468.png,2,305.598358,322.502777,392.327576,530.150513,5.902344,3-6
2person-garage_000475#1,2person-garage_000475,images/2person-garage_000475.png,1,276.544861,324.693451,344.655151,492.591644,6.789062,>6
2person-garage_000475#2,2person-garage_000475,images/2person-garage_000475.png,2,466.279816,317.637909,553.808777,494.858917,6.90625,>6
2person-garage_000488#1,2person-garage_000488,images/2person-garage_000488.png,1,356.572571,310.857147,404.641602,444.864258,8.3125,>6
2person-garage_000488#2,2person-garage_000488,images/2person-garage_000488.png,2,527.056885,301.286072,586.602417,452.821198,7.875,>6
2person-garage_000497#1,2person-garage_000497,images/2person-garage_000497.png,1,385.244305,335.059796,433.415161,474.070676,7.597656,>6
2person-garage_000497#2,2person-garage_000497,images/2person-garage_000497.png,2,529.477722,322.317291,588.663818,475.325073,8.09375,>6
2person-garage_000500#1,2person-garage_000500,images/2person-garage_000500.png,1,354.131744,311.698334,411.804822,463.082191,7.234375,>6
2person-garage_000500#2,2person-garage_000500,images/2person-garage_000500.png,2,477.171204,303.099365,532.734985,456.198517,7.994141,>6
2person-garage_000511#1,2person-garage_000511,images/2person-garage_000511.png,1,413.45874,336.975494,477.166809,531.420471,5.798828,3-6
2person-garage_000511#2,2person-garage_000511,images/2person-garage_000511.png,2,478.432617,330.163116,538.11731,490.160522,7.558594,>6
2person-garage_000528#1,2person-garage_000528,images/2person-garage_000528.png,1,411.66806,315.148132,480.288116,478.836914,7.457031,>6
2person-garage_000528#2,2person-garage_000528,images/2person-garage_000528.png,2,506.181824,325.171631,631.844177,681.940613,3.197266,3-6
2person-garage_000530#1,2person-garage_000530,images/2person-garage_000530.png,1,430.180481,306.102448,484.330444,467.92511,7.554688,>6
2person-garage_000530#2,2person-garage_000530,images/2person-garage_000530.png,2,549.082581,317.811951,701.741089,718.631653,2.920898,<3
2person-garage_000541#1,2person-garage_000541,images/2person-garage_000541.png,1,429.926147,338.686615,483.51059,490.445068,8.09375,>6
2person-garage_000541#2,2person-garage_000541,images/2person-garage_000541.png,2,809.759216,358.251709,959.185913,719.562927,2.496094,<3
2person-garage_000554#1,2person-garage_000554,images/2person-garage_000554.png,1,441.913269,327.109985,491.75705,451.041626,9.726562,>6
2person-garage_000554#2,2person-garage_000554,images/2person-garage_000554.png,2,807.94281,349.88205,940.191833,632.459167,4.09375,3-6
2person-garage_000562#1,2person-garage_000562,images/2person-garage_000562.png,1,390.450989,296.514343,431.913574,419.023529,11.089844,>6
2person-garage_000562#2,2person-garage_000562,images/2person-garage_000562.png,2,713.382935,324.030304,801.866638,545.131165,5.15625,3-6
2person-garage_000574#1,2person-garage_000574,images/2person-garage_000574.png,1,346.586308,346.791565,402.266126,474.479182,10.761719,>6
2person-garage_000574#2,2person-garage_000574,images/2person-garage_000574.png,2,695.040344,362.855927,789.988403,569.578125,5.582031,3-6
2person-garage_000583#1,2person-garage_000583,images/2person-garage_000583.png,1,321.114532,336.304779,374.324615,472.334015,9.140625,>6
2person-garage_000583#2,2person-garage_000583,images/2person-garage_000583.png,2,701.076965,368.366547,779.048828,570.328369,5.859375,3-6
2person-garage_000597#1,2person-garage_000597,images/2person-garage_000597.png,1,332.489716,328.762268,399.432526,507.247833,7.105469,>6
2person-garage_000597#2,2person-garage_000597,images/2person-garage_000597.png,2,732.95697,369.778809,821.887634,564.542603,5.726562,3-6
2person-garage_000603#1,2person-garage_000603,images/2person-garage_000603.png,1,338.660156,329.023956,411.738098,528.231262,6.296875,>6
2person-garage_000603#2,2person-garage_000603,images/2person-garage_000603.png,2,723.938477,359.047333,799.027649,550.538391,6.335938,>6
2person-garage_000610#1,2person-garage_000610,images/2person-garage_000610.png,1,355.950653,318.946381,429.393524,537.132812,5.464844,3-6
2person-garage_000610#2,2person-garage_000610,images/2person-garage_000610.png,2,678.871643,350.901489,757.522522,535.921875,6.152344,>6
2person-garage_000626#1,2person-garage_000626,images/2person-garage_000626.png,1,423.288666,347.97995,529.217529,608.59314,4.828125,3-6
2person-garage_000626#2,2person-garage_000626,images/2person-garage_000626.png,2,511.534882,377.394958,601.301208,563.003479,6.101562,>6
2person-garage_000637#1,2person-garage_000637,images/2person-garage_000637.png,1,390.770325,356.944519,466.852661,532.454773,6.398438,>6
2person-garage_000637#2,2person-garage_000637,images/2person-garage_000637.png,2,491.407379,343.881683,568.814087,559.178101,5.738281,3-6
2person-garage_000649#1,2person-garage_000649,images/2person-garage_000649.png,1,276.781982,364.652313,362.929352,554.896179,5.667969,3-6
2person-garage_000649#2,2person-garage_000649,images/2person-garage_000649.png,2,540.648926,360.633301,616.873901,547.805969,6.652344,>6
2person-garage_000657#1,2person-garage_000657,images/2person-garage_000657.png,1,200.33551,331.055511,300.761169,541.680969,5.53125,3-6
2person-garage_000657#2,2person-garage_000657,images/2person-garage_000657.png,2,552.266235,331.324768,640.160339,509.663361,7.160156,>6
2person-garage_000668#1,2person-garage_000668,images/2person-garage_000668.png,1,89.335503,336.530731,223.199112,623.073547,4.066406,3-6
2person-garage_000668#2,2person-garage_000668,images/2person-garage_000668.png,2,633.447388,358.398315,727.758789,540.629333,6.832031,>6
2person-garage_000672#1,2person-garage_000672,images/2person-garage_000672.png,1,19.077101,331.558594,180.191818,672.306763,3.402344,3-6
2person-garage_000672#2,2person-garage_000672,images/2person-garage_000672.png,2,649.711365,344.386505,726.839417,523.202881,6.925781,>6
2person-garage_000687#1,2person-garage_000687,images/2person-garage_000687.png,1,78.239845,309.83432,256.246765,719.215576,2.300781,<3
2person-garage_000687#2,2person-garage_000687,images/2person-garage_000687.png,2,754.6026,338.35318,856.695618,514.656433,7.117188,>6
2person-garage_000690#1,2person-garage_000690,images/2person-garage_000690.png,1,230.710968,314.444153,381.297394,718.345886,2.338867,<3
2person-garage_000690#2,2person-garage_000690,images/2person-garage_000690.png,2,844.69574,339.697632,903.647095,517.989685,7.03125,>6
2person-garage_000727#1,2person-garage_000727,images/2person-garage_000727.png,1,811.654602,380.121704,939.421387,650.751953,4.386719,3-6
2person-garage_000739#1,2person-garage_000739,images/2person-garage_000739.png,1,559.876282,364.916077,606.650757,488.289459,10.046875,>6
2person-garage_000739#2,2person-garage_000739,images/2person-garage_000739.png,2,697.719971,382.211151,773.063965,582.213745,5.431641,3-6
2person-garage_000747#1,2person-garage_000747,images/2person-garage_000747.png,1,271.423981,361.671326,324.343149,505.801496,9.128906,>6
2person-garage_000747#2,2person-garage_000747,images/2person-garage_000747.png,2,441.994202,402.043243,496.599365,553.766541,6.535156,>6
2person-garage_000857#1,2person-garage_000857,images/2person-garage_000857.png,1,202.498489,331.306854,286.365997,518.995789,6.291016,>6
2person-garage_000864#1,2person-garage_000864,images/2person-garage_000864.png,1,227.396088,348.047974,318.550415,547.358093,6.050781,>6
2person-garage_000870#1,2person-garage_000870,images/2person-garage_000870.png,1,255.486008,325.964813,350.535217,521.793823,6.207031,>6
2person-garage_000885#1,2person-garage_000885,images/2person-garage_000885.png,1,394.994751,299.120117,460.109985,540.952148,5.136719,3-6
2person-garage_000896#1,2person-garage_000896,images/2person-garage_000896.png,1,487.281036,286.05249,642.129089,591.241699,4.019531,3-6
2person-garage_000908#1,2person-garage_000908,images/2person-garage_000908.png,1,633.645874,302.467621,852.735596,719.246155,2.861328,<3
2person-garage_000912#1,2person-garage_000912,images/2person-garage_000912.png,1,802.674316,270.481201,959.401611,718.832153,2.433594,<3
2person-garage_000928#1,2person-garage_000928,images/2person-garage_000928.png,1,0,280.192749,199.465667,720,1.083008,<3
2person-garage_000934#1,2person-garage_000934,images/2person-garage_000934.png,1,187.256744,246.69989,437.060852,719.362122,1.014648,<3
2person-garage_000947#1,2person-garage_000947,images/2person-garage_000947.png,1,349.134033,314.319183,600.573364,719.331482,1.515625,<3
2person-garage_000947#2,2person-garage_000947,images/2person-garage_000947.png,2,809.607239,332.782654,955.926453,665.497253,3.726562,3-6
2person-garage_000950#1,2person-garage_000950,images/2person-garage_000950.png,1,331.471069,328.458801,562.838379,719.390076,1.80957,<3
2person-garage_000950#2,2person-garage_000950,images/2person-garage_000950.png,2,714.768005,342.041107,813.781189,625.075256,4.359375,3-6
2person-garage_000961#1,2person-garage_000961,images/2person-garage_000961.png,1,270.85144,290.00351,419.925476,657.073425,3.099609,3-6
2person-garage_000961#2,2person-garage_000961,images/2person-garage_000961.png,2,587.274231,290.215942,660.20459,508.190826,5.683594,3-6
2person-garage_000971#1,2person-garage_000971,images/2person-garage_000971.png,1,115.88681,276.968262,243.095123,580.48114,3.792969,3-6
2person-garage_000971#2,2person-garage_000971,images/2person-garage_000971.png,2,451.573151,276.178711,511.845795,453.653412,7.023438,>6
2person-garage_000980#1,2person-garage_000980,images/2person-garage_000980.png,1,102.336136,260.815155,209.190033,530.747681,4.150391,3-6
2person-garage_000980#2,2person-garage_000980,images/2person-garage_000980.png,2,510.669067,274.051117,558.3479,437.706757,7.269531,>6
2person-garage_000991#1,2person-garage_000991,images/2person-garage_000991.png,1,413.571899,280.995117,488.5448,457.516479,6.609375,>6
2person-garage_001002#1,2person-garage_001002,images/2person-garage_001002.png,1,347.585846,310.634247,429.421173,557.255615,5.035156,3-6
2person-garage_001016#1,2person-garage_001016,images/2person-garage_001016.png,1,192.352066,295.095947,404.865265,719.089844,2.763672,<3
2person-garage_001024#1,2person-garage_001024,images/2person-garage_001024.png,1,0.240967,254.953262,190.416138,719.130066,1.542969,<3
2person-garage_001038#1,2person-garage_001038,images/2person-garage_001038.png,1,0.034081,335.017727,44.265403,665.979126,3.601562,3-6
2person-garage_001045#1,2person-garage_001045,images/2person-garage_001045.png,1,70.280983,365.807312,219.639099,640.096375,4.253906,3-6
2person-garage_001056#1,2person-garage_001056,images/2person-garage_001056.png,1,260.210541,332.087952,344.874115,522.034607,5.925781,3-6
2person-garage_001063#1,2person-garage_001063,images/2person-garage_001063.png,1,348.870789,304.058624,413.720245,468.197479,6.923828,>6
2person-garage_001078#1,2person-garage_001078,images/2person-garage_001078.png,1,440.731659,318.891541,502.73172,488.821564,6.488281,>6
2person-garage_001089#1,2person-garage_001089,images/2person-garage_001089.png,1,431.575836,335.935364,515.153015,556.261963,5.210938,3-6
2person-garage_001097#1,2person-garage_001097,images/2person-garage_001097.png,1,384.916901,306.744293,487.75882,575.571716,4.136719,3-6
2person-garage_001109#1,2person-garage_001109,images/2person-garage_001109.png,1,190.070755,298.284882,366.173615,719.368225,2.580078,<3
2person-garage_001114#1,2person-garage_001114,images/2person-garage_001114.png,1,55.288879,263.903046,226.541061,719.428589,1.976562,<3
2person-garage_001148#1,2person-garage_001148,images/2person-garage_001148.png,1,477.084869,345.686279,585.68866,638.026428,3.984375,3-6
2person-garage_001158#1,2person-garage_001158,images/2person-garage_001158.png,1,253.977997,266.519531,394.010651,633.607361,3.470703,3-6
2person-garage_001158#2,2person-garage_001158,images/2person-garage_001158.png,2,704.79657,315.894043,806.927307,543.26709,5.09375,3-6
2person-garage_001160#1,2person-garage_001160,images/2person-garage_001160.png,1,232.419937,271.192566,382.402496,630.990417,3.457031,3-6
2person-garage_001160#2,2person-garage_001160,images/2person-garage_001160.png,2,695.615906,314.573883,778.907837,532.490479,5.351562,3-6
2person-garage_001178#1,2person-garage_001178,images/2person-garage_001178.png,1,213.182663,236.443909,370.685089,668.304016,2.941406,<3
2person-garage_001178#2,2person-garage_001178,images/2person-garage_001178.png,2,671.54834,317.464905,736.873779,464.802277,7.445312,>6
2person-garage_001187#1,2person-garage_001187,images/2person-garage_001187.png,1,84.612106,199.154221,312.890076,719.603455,2.083984,<3
2person-garage_001187#2,2person-garage_001187,images/2person-garage_001187.png,2,607.5921,314.105896,683.955505,473.388417,7.550781,>6
2person-garage_001190#1,2person-garage_001190,images/2person-garage_001190.png,1,10.736561,212.470108,171.084641,612.048889,1.71875,<3
2person-garage_001190#2,2person-garage_001190,images/2person-garage_001190.png,2,589.744995,333.561798,635.902771,470.674377,7.492188,>6
2person-garage_001201#1,2person-garage_001201,images/2person-garage_001201.png,1,518.074036,291.629272,598.370544,466.429169,6.386719,>6
2person-garage_001214#1,2person-garage_001214,images/2person-garage_001214.png,1,484.671661,290.632874,577.542114,557.852966,4.394531,3-6
2person-garage_001224#1,2person-garage_001224,images/2person-garage_001224.png,1,484.435638,271.52182,620.569031,719.683533,2.712891,<3
2person-garage_001232#1,2person-garage_001232,images/2person-garage_001232.png,1,481.791412,251.0186,780.484375,719.386047,1.503906,<3
2person-garage_001247#1,2person-garage_001247,images/2person-garage_001247.png,1,0.498756,162.22876,285.534485,716.873901,1.300781,<3
2person-garage_001256#1,2person-garage_001256,images/2person-garage_001256.png,1,209.697235,258.569183,406.063293,719.609497,2.488281,<3
2person-garage_001268#1,2person-garage_001268,images/2person-garage_001268.png,1,313.373291,248.74617,439.217224,566.664673,3.835938,3-6
2person-garage_001268#2,2person-garage_001268,images/2person-garage_001268.png,2,876.516541,307.01712,959.388611,672.835876,3.017578,3-6
2person-garage_001278#1,2person-garage_001278,images/2person-garage_001278.png,1,374.943207,253.536255,479.454529,540.629028,4.246094,3-6
2person-garage_001278#2,2person-garage_001278,images/2person-garage_001278.png,2,830.04657,305.740631,959.949097,620.957947,3.474609,3-6
2person-garage_001287#1,2person-garage_001287,images/2person-garage_001287.png,1,371.458984,316.976807,488.753265,605.45874,4.265625,3-6
2person-garage_001287#2,2person-garage_001287,images/2person-garage_001287.png,2,759.241272,350.033661,920.168701,663.999207,3.666016,3-6
2person-garage_001296#1,2person-garage_001296,images/2person-garage_001296.png,1,375.09906,305.904694,466.111267,603.877319,4.257812,3-6
2person-garage_001296#2,2person-garage_001296,images/2person-garage_001296.png,2,691.496704,341.372589,794.902405,655.005493,3.556641,3-6
2person-garage_001302#1,2person-garage_001302,images/2person-garage_001302.png,1,401.6521,338.436523,508.15155,637.777954,4.21875,3-6
2person-garage_001302#2,2person-garage_001302,images/2person-garage_001302.png,2,632.774475,356.191589,759.280945,714.5979,3.121094,3-6
2person-garage_001314#1,2person-garage_001314,images/2person-garage_001314.png,1,384.601411,326.588228,467.352631,624.181489,4.175781,3-6
2person-garage_001314#2,2person-garage_001314,images/2person-garage_001314.png,2,427.987515,322.65644,578.301144,710.88819,2.068359,<3
2person-garage_001322#1,2person-garage_001322,images/2person-garage_001322.png,1,105.217445,317.008423,350.295319,718.980835,1.248047,<3
2person-garage_001322#2,2person-garage_001322,images/2person-garage_001322.png,2,412.621948,344.22226,526.398926,646.594116,4.246094,3-6
2person-garage_001331#1,2person-garage_001331,images/2person-garage_001331.png,1,417.642242,342.634552,526.805481,652.885864,4.113281,3-6
2person-garage_001347#1,2person-garage_001347,images/2person-garage_001347.png,1,475.797821,359.308258,595.795227,675.829773,4.128906,3-6
2person-garage_001355#1,2person-garage_001355,images/2person-garage_001355.png,1,507.234009,373.014374,609.441101,640.642822,4.628906,3-6
2person-garage_001362#1,2person-garage_001362,images/2person-garage_001362.png,1,516.342468,387.313477,598.651306,618.250549,5.578125,3-6
2person-garage_001374#1,2person-garage_001374,images/2person-garage_001374.png,1,0.092983,351.091888,95.160049,662.582153,3.736328,3-6
2person-garage_001374#2,2person-garage_001374,images/2person-garage_001374.png,2,509.297974,359.572998,568.367249,533.811951,7.074219,>6
2person-garage_001384#1,2person-garage_001384,images/2person-garage_001384.png,1,175.923004,312.634735,287.316132,575.91748,4.339844,3-6
2person-garage_001384#2,2person-garage_001384,images/2person-garage_001384.png,2,488.437439,327.919586,550.530701,486.31424,7.806641,>6
2person-garage_001391#1,2person-garage_001391,images/2person-garage_001391.png,1,211.690857,351.534332,341.480591,622.492493,4.199219,3-6
2person-garage_001391#2,2person-garage_001391,images/2person-garage_001391.png,2,439.015167,348.349274,508.42514,516.659607,7.580078,>6
2person-garage_001409#1,2person-garage_001409,images/2person-garage_001409.png,1,289.854431,293.67746,399.522125,523.020081,5.3125,3-6
2person-garage_001409#2,2person-garage_001409,images/2person-garage_001409.png,2,476.966125,321.173309,647.126648,719.636047,2.820312,<3
2person-garage_001411#1,2person-garage_001411,images/2person-garage_001411.png,1,245.05426,310.268005,363.701599,561.182922,5.160156,3-6
2person-garage_001411#2,2person-garage_001411,images/2person-garage_001411.png,2,550.511414,349.792603,682.33252,719.500488,2.539062,<3
2person-garage_001421#1,2person-garage_001421,images/2person-garage_001421.png,1,163.130219,312.701843,263.227295,648.127502,3.908203,3-6
2person-garage_001421#2,2person-garage_001421,images/2person-garage_001421.png,2,701.052063,367.013245,873.535583,719.388916,2.444336,<3
2person-garage_001459#1,2person-garage_001459,images/2person-garage_001459.png,1,19.2911,354.983459,125.216606,585.188232,4.341797,3-6
2person-garage_001469#1,2person-garage_001469,images/2person-garage_001469.png,1,90.664619,354.87793,195.446411,565.333862,5.300781,3-6
2person-garage_001470#1,2person-garage_001470,images/2person-garage_001470.png,1,97.17144,368.383667,200.656967,579.95105,5.273438,3-6
2person-garage_001483#1,2person-garage_001483,images/2person-garage_001483.png,1,266.34906,352.781342,327.667053,553.40863,5.628906,3-6
2person-garage_001493#1,2person-garage_001493,images/2person-garage_001493.png,1,366.326935,368.97464,450.854645,558.757568,5.996094,3-6
2person-garage_001508#1,2person-garage_001508,images/2person-garage_001508.png,1,413.651672,368.958435,480.370544,587.038757,5.222656,3-6
2person-garage_001515#1,2person-garage_001515,images/2person-garage_001515.png,1,371.253326,361.267365,480.012756,595.024902,4.701172,3-6
2person-garage_001529#1,2person-garage_001529,images/2person-garage_001529.png,1,344.495544,358.183746,494.943054,700.6073,3.255859,3-6
2person-garage_001535#1,2person-garage_001535,images/2person-garage_001535.png,1,279.243286,317.664825,475.923828,719.494873,2.638672,<3
2person-garage_001544#1,2person-garage_001544,images/2person-garage_001544.png,1,329.818726,303.425476,551.664185,719.472107,1.805664,<3
2person-garage_001558#1,2person-garage_001558,images/2person-garage_001558.png,1,331.100464,305.515961,642.171997,719.466431,1.259766,<3
2person-garage_001560#1,2person-garage_001560,images/2person-garage_001560.png,1,300.034576,301.083252,590.1026,719.310852,1.375,<3
2person-garage_001572#1,2person-garage_001572,images/2person-garage_001572.png,1,349.450745,307.320099,521.20459,719.450562,2.548828,<3
2person-garage_001580#1,2person-garage_001580,images/2person-garage_001580.png,1,520.726929,315.564453,620.782715,640.056519,3.382812,3-6
2person-garage_001597#1,2person-garage_001597,images/2person-garage_001597.png,1,14.360424,336.215515,151.307663,654.005859,3.71875,3-6
2person-garage_001604#1,2person-garage_001604,images/2person-garage_001604.png,1,207.405945,287.836945,335.502136,584.765869,4.320312,3-6
2person-garage_001610#1,2person-garage_001610,images/2person-garage_001610.png,1,335.825226,284.749939,454.547882,585.60376,4.117188,3-6
2person-garage_001629#1,2person-garage_001629,images/2person-garage_001629.png,1,299.963959,308.116882,517.297119,719.658569,2.232422,<3
2person-garage_001633#1,2person-garage_001633,images/2person-garage_001633.png,1,286.434601,266.869781,513.291687,718.695374,1.799805,<3
2person-garage_001642#1,2person-garage_001642,images/2person-garage_001642.png,1,533.089783,179.526413,825.516541,719.216736,0.855957,<3
2person-garage_001656#1,2person-garage_001656,images/2person-garage_001656.png,1,794.787781,200.18985,959.371765,718.333374,0.862793,<3
2person-garage_001661#1,2person-garage_001661,images/2person-garage_001661.png,1,527.507629,273.427673,759.272095,719.209534,1.322266,<3
2person-garage_001661#2,2person-garage_001661,images/2person-garage_001661.png,2,756.570923,388.870239,929.471008,703.104858,3.583984,3-6
2person-garage_001673#1,2person-garage_001673,images/2person-garage_001673.png,1,446.046295,322.685394,579.670166,595.389954,4.138672,3-6
2person-garage_001673#2,2person-garage_001673,images/2person-garage_001673.png,2,680.647217,264.104004,845.959045,719.724609,2.060547,<3
2person-garage_001681#1,2person-garage_001681,images/2person-garage_001681.png,1,316.449951,321.063538,406.988007,615.461609,3.728516,3-6
2person-garage_001681#2,2person-garage_001681,images/2person-garage_001681.png,2,730.698792,273.55722,959.447388,719.197937,2.125,<3
2person-garage_001696#1,2person-garage_001696,images/2person-garage_001696.png,1,251.552124,307.172485,430.211243,719.761841,2.521484,<3
2person-garage_001700#1,2person-garage_001700,images/2person-garage_001700.png,1,267.650757,276.966797,472.338501,719.227661,2.263672,<3
2person-garage_001710#1,2person-garage_001710,images/2person-garage_001710.png,1,301.624207,290.940857,482.450043,719.701904,2.279297,<3
2person-garage_001728#1,2person-garage_001728,images/2person-garage_001728.png,1,564.727295,322.018585,659.271057,581.066345,4.144531,3-6
2person-garage_001728#2,2person-garage_001728,images/2person-garage_001728.png,2,804.557922,256.489349,959.890686,718.493408,1.588867,<3
2person-garage_001730#1,2person-garage_001730,images/2person-garage_001730.png,1,528.902222,300.534241,612.289368,551.336731,4.300781,3-6
2person-garage_001730#2,2person-garage_001730,images/2person-garage_001730.png,2,642.567444,238.333115,893.561096,719.264343,1.74707,<3
2person-garage_001747#1,2person-garage_001747,images/2person-garage_001747.png,1,349.144531,288.515503,511.789337,718.961304,2.759766,<3
2person-garage_001747#2,2person-garage_001747,images/2person-garage_001747.png,2,543.794861,345.900024,645.988037,651.212646,3.883789,3-6
2person-garage_001755#1,2person-garage_001755,images/2person-garage_001755.png,1,292.408386,292.194305,478.802521,719.04364,2.691406,<3
2person-garage_001755#2,2person-garage_001755,images/2person-garage_001755.png,2,643.961975,350.621521,798.899048,719.570435,2.810547,<3
2person-garage_001764#1,2person-garage_001764,images/2person-garage_001764.png,1,199.829727,288.973938,394.184265,718.646912,2.345703,<3
2person-garage_001764#2,2person-garage_001764,images/2person-garage_001764.png,2,734.008728,332.157257,959.646484,719.126831,1.547852,<3
2person-garage_001775#1,2person-garage_001775,images/2person-garage_001775.png,1,163.210968,263.421478,360.863983,718.635376,2.150391,<3
2person-garage_001775#2,2person-garage_001775,images/2person-garage_001775.png,2,602.5672,314.046387,799.277527,719.384583,1.203125,<3
2person-garage_001787#1,2person-garage_001787,images/2person-garage_001787.png,1,210.996155,324.165894,369.886139,719.323242,2.605469,<3
2person-garage_001787#2,2person-garage_001787,images/2person-garage_001787.png,2,514.792969,364.545227,690.377747,719.549744,2.378906,<3
2person-garage_001794#1,2person-garage_001794,images/2person-garage_001794.png,1,243.858124,347.764618,373.212433,719.05011,3.251953,3-6
2person-garage_001794#2,2person-garage_001794,images/2person-garage_001794.png,2,534.315247,381.990021,656.841248,719.487305,3.337891,3-6
2person-garage_001806#1,2person-garage_001806,images/2person-garage_001806.png,1,390.202789,348.17746,471.328583,621.840271,4.595703,3-6
2person-garage_001806#2,2person-garage_001806,images/2person-garage_001806.png,2,609.517334,384.940063,695.783264,623.731567,4.740234,3-6
2person-garage_001818#1,2person-garage_001818,images/2person-garage_001818.png,1,346.594788,336.146179,437.117462,569.20282,5.296875,3-6
2person-garage_001818#2,2person-garage_001818,images/2person-garage_001818.png,2,602.754822,359.312347,671.427979,562.423645,5.707031,3-6
2person-garage_001820#1,2person-garage_001820,images/2person-garage_001820.png,1,345.446503,351.093567,444.711914,582.723816,5.363281,3-6
2person-garage_001820#2,2person-garage_001820,images/2person-garage_001820.png,2,625.761367,377.266876,712.799086,581.794128,5.386719,3-6
2person-garage_001830#1,2person-garage_001830,images/2person-garage_001830.png,1,406.240479,315.079834,468.439667,561.429993,5.699219,3-6
2person-garage_001830#2,2person-garage_001830,images/2person-garage_001830.png,2,755.533997,384.726013,837.706421,596.91925,5.181641,3-6
2person-garage_001848#1,2person-garage_001848,images/2person-garage_001848.png,1,440.944244,326.364166,501.444672,537.024231,5.878906,3-6
2person-garage_001848#2,2person-garage_001848,images/2person-garage_001848.png,2,820.677979,364.025024,904.171509,576.170105,5.136719,3-6
2person-garage_001856#1,2person-garage_001856,images/2person-garage_001856.png,1,381.877625,351.930603,474.406219,565.266235,5.84375,3-6
2person-garage_001856#2,2person-garage_001856,images/2person-garage_001856.png,2,703.060791,387.796234,799.411377,604.750854,5.148438,3-6
2person-garage_001868#1,2person-garage_001868,images/2person-garage_001868.png,1,342.644775,320.813843,426.980988,531.67627,5.861328,3-6
2person-garage_001868#2,2person-garage_001868,images/2person-garage_001868.png,2,545.534424,345.65387,661.298218,602.160645,4.347656,3-6
2person-garage_001870#1,2person-garage_001870,images/2person-garage_001870.png,1,353.850922,327.530273,435.138062,542.111389,5.566406,3-6
2person-garage_001870#2,2person-garage_001870,images/2person-garage_001870.png,2,546.830017,351.539246,639.819214,625.995117,4.109375,3-6
2person-garage_001880#1,2person-garage_001880,images/2person-garage_001880.png,1,374.40448,327.110138,458.536499,540.765625,5.761719,3-6
2person-garage_001880#2,2person-garage_001880,images/2person-garage_001880.png,2,426.671844,336.784576,594.361084,668.952759,3.289062,3-6
2person-garage_001898#1,2person-garage_001898,images/2person-garage_001898.png,1,206.834702,309.921478,379.314636,718.932739,2.458984,<3
2person-garage_001898#2,2person-garage_001898,images/2person-garage_001898.png,2,480.922211,321.322906,563.908875,550.657349,5.515625,3-6
2person-garage_001904#1,2person-garage_001904,images/2person-garage_001904.png,1,145.833603,308.739075,325.038849,719.327698,2.646484,<3
2person-garage_001904#2,2person-garage_001904,images/2person-garage_001904.png,2,528.49939,330.471161,605.488098,553.998718,5.449219,3-6
2person-garage_001917#1,2person-garage_001917,images/2person-garage_001917.png,1,202.374249,287.889893,308.525235,626.781921,3.365234,3-6
2person-garage_001917#2,2person-garage_001917,images/2person-garage_001917.png,2,565.171828,297.056946,655.50801,511.352966,5.535156,3-6
2person-garage_001926#1,2person-garage_001926,images/2person-garage_001926.png,1,206.898331,290.834015,313.959167,539.916931,4.46875,3-6
2person-garage_001926#2,2person-garage_001926,images/2person-garage_001926.png,2,535.834534,295.136536,608.557068,478.456421,6.570312,>6
2person-garage_001938#1,2person-garage_001938,images/2person-garage_001938.png,1,312.40625,321.208435,369.800385,504.251312,5.972656,3-6
2person-garage_001938#2,2person-garage_001938,images/2person-garage_001938.png,2,547.719238,324.657043,619.72345,497.111664,7.140625,>6
2person-garage_001943#1,2person-garage_001943,images/2person-garage_001943.png,1,396.169586,339.796326,443.948578,508.922791,6.5625,>6
2person-garage_001943#2,2person-garage_001943,images/2person-garage_001943.png,2,605.619324,345.358521,670.502014,508.631653,7.271484,>6
2person-garage_001952#1,2person-garage_001952,images/2person-garage_001952.png,1,398.247284,324.942169,469.037598,486.571106,7.179688,>6
2person-garage_001952#2,2person-garage_001952,images/2person-garage_001952.png,2,541.753601,329.999359,603.124146,491.326263,7.355469,>6
2person-garage_001968#1,2person-garage_001968,images/2person-garage_001968.png,1,463.827026,360.074799,518.074951,520.621643,6.773438,>6
2person-garage_001968#2,2person-garage_001968,images/2person-garage_001968.png,2,547.480042,360.217163,602.0755,511.656738,7.804688,>6
2person-garage_001977#1,2person-garage_001977,images/2person-garage_001977.png,1,462.457306,381.697632,515.312073,553.02655,6.623047,>6
2person-garage_001977#2,2person-garage_001977,images/2person-garage_001977.png,2,512.756714,374.553802,575.301331,532.558716,6.808594,>6
2person-garage_001982#1,2person-garage_001982,images/2person-garage_001982.png,1,451.293365,402.277954,508.363129,580.68512,6.628906,>6
2person-garage_001982#2,2person-garage_001982,images/2person-garage_001982.png,2,504.481659,390.723267,557.082336,555.046875,7.933594,>6
2person-garage_001992#1,2person-garage_001992,images/2person-garage_001992.png,1,460.267365,371.859741,517.498596,556.350403,6.308594,>6
2person-garage_001992#2,2person-garage_001992,images/2person-garage_001992.png,2,500.313263,367.922058,545.890373,526.004824,6.613281,>6
2person-garage_002004#1,2person-garage_002004,images/2person-garage_002004.png,1,461.268036,366.713287,527.44043,574.844666,6.027344,>6
2person-garage_002015#1,2person-garage_002015,images/2person-garage_002015.png,1,406.543762,378.215302,458.733673,535.150635,8.007812,>6
2person-garage_002015#2,2person-garage_002015,images/2person-garage_002015.png,2,443.124847,388.96347,510.847321,613.130249,5.375,3-6
2person-garage_002028#1,2person-garage_002028,images/2person-garage_002028.png,1,377.839172,367.271179,435.854309,531.447754,7.519531,>6
2person-garage_002028#2,2person-garage_002028,images/2person-garage_002028.png,2,471.913147,384.592255,545.813599,646.174255,4.726562,3-6
2person-garage_002032#1,2person-garage_002032,images/2person-garage_002032.png,1,396.091949,368.631866,453.411926,531.983337,7.582031,>6
2person-garage_002032#2,2person-garage_002032,images/2person-garage_002032.png,2,498.596649,377.119476,606.060791,646.433838,4.570312,3-6
2person-garage_002046#1,2person-garage_002046,images/2person-garage_002046.png,1,380.73999,369.526337,446.639099,566.554504,6.332031,>6
2person-garage_002046#2,2person-garage_002046,images/2person-garage_002046.png,2,463.925018,383.688934,585.262146,719.778992,3.302734,3-6
2person-garage_002052#1,2person-garage_002052,images/2person-garage_002052.png,1,348.788635,351.603546,423.180634,571.329102,5.544922,3-6
2person-garage_002052#2,2person-garage_002052,images/2person-garage_002052.png,2,445.549896,360.737823,570.964417,719.937622,2.748047,<3
2person-garage_002065#1,2person-garage_002065,images/2person-garage_002065.png,1,319.545807,323.475952,432.528564,646.015015,3.919922,3-6
2person-garage_002065#2,2person-garage_002065,images/2person-garage_002065.png,2,813.609558,338.130432,959.269958,719.272339,1.06543,<3
2person-garage_002072#1,2person-garage_002072,images/2person-garage_002072.png,1,337.435883,326.13913,527.537842,718.511597,2.859375,<3
2person-garage_002087#1,2person-garage_002087,images/2person-garage_002087.png,1,608.378784,152.52182,959.187805,719.012146,0.753418,<3
2person-garage_002109#1,2person-garage_002109,images/2person-garage_002109.png,1,408.203613,364.758362,575.565308,676.98999,3.616211,3-6
2person-garage_002115#1,2person-garage_002115,images/2person-garage_002115.png,1,372.750977,364.061554,514.662109,653.518616,3.894531,3-6
2person-garage_002122#1,2person-garage_002122,images/2person-garage_002122.png,1,378.740784,337.775238,480.573517,605.629211,4.285156,3-6
2person-garage_002139#1,2person-garage_002139,images/2person-garage_002139.png,1,407.315826,322.510193,497.969055,553.484558,4.830078,3-6
2person-garage_002143#1,2person-garage_002143,images/2person-garage_002143.png,1,415.023468,328.645599,513.106445,550.484802,5.066406,3-6
2person-garage_002150#1,2person-garage_002150,images/2person-garage_002150.png,1,504.891266,337.048981,599.265991,552.935303,5.390625,3-6
2person-garage_002167#1,2person-garage_002167,images/2person-garage_002167.png,1,545.018982,327.165588,617.849182,514.001282,6.171875,>6
2person-garage_002175#1,2person-garage_002175,images/2person-garage_002175.png,1,660.885315,345.885712,731.800964,524.687927,6.410156,>6
2person-garage_002181#1,2person-garage_002181,images/2person-garage_002181.png,1,609.13147,351.344788,666.835144,508.446808,7.255859,>6
2person-garage_002194#1,2person-garage_002194,images/2person-garage_002194.png,1,604.697266,375.342865,661.508667,501.351471,8.769531,>6
2person-garage_002200#1,2person-garage_002200,images/2person-garage_002200.png,1,528.992126,340.471283,580.032959,455.334076,8.515625,>6
2person-garage_002218#1,2person-garage_002218,images/2person-garage_002218.png,1,461.656036,371.163086,511.322296,478.353058,10.121094,>6
2person-garage_002224#1,2person-garage_002224,images/2person-garage_002224.png,1,468.328217,379.827606,512.183044,501.079865,8.773438,>6
2person-garage_002236#1,2person-garage_002236,images/2person-garage_002236.png,1,383.698242,373.441833,445.92691,529.946106,7.59375,>6
2person-garage_002245#1,2person-garage_002245,images/2person-garage_002245.png,1,338.466614,332.372498,423.371246,530.219421,6.09375,>6
2person-garage_002251#1,2person-garage_002251,images/2person-garage_002251.png,1,241.953204,346.001404,336.62558,578.924066,4.835938,3-6
2person-garage_002262#1,2person-garage_002262,images/2person-garage_002262.png,1,223.526276,302.873016,348.416199,645.407837,3.380859,3-6
2person-garage_002270#1,2person-garage_002270,images/2person-garage_002270.png,1,465.993286,291.51767,604.935547,717.641724,2.607422,<3
2person-garage_002308#1,2person-garage_002308,images/2person-garage_002308.png,1,800.403259,332.391022,959.638733,718.483276,1.68457,<3
2person-garage_002316#1,2person-garage_002316,images/2person-garage_002316.png,1,739.455322,358.167847,893.653931,719.715515,2.728516,<3
2person-garage_002321#1,2person-garage_002321,images/2person-garage_002321.png,1,701.264709,314.123901,825.127075,644.545593,3.498047,3-6
2person-garage_002338#1,2person-garage_002338,images/2person-garage_002338.png,1,735.384583,328.696655,835.720886,574.897583,4.570312,3-6
2person-garage_002339#1,2person-garage_002339,images/2person-garage_002339.png,1,752.689392,334.324493,847.639526,586.695923,4.5625,3-6
2person-garage_002349#1,2person-garage_002349,images/2person-garage_002349.png,1,0.138256,312.413452,64.956764,475.640259,8.734375,>6
2person-garage_002349#2,2person-garage_002349,images/2person-garage_002349.png,2,806.640198,337.88443,900.342224,568.933472,4.78125,3-6
2person-garage_002363#1,2person-garage_002363,images/2person-garage_002363.png,1,83.573181,315.830017,147.590668,468.288757,8.273438,>6
2person-garage_002363#2,2person-garage_002363,images/2person-garage_002363.png,2,778.827576,344.922302,906.572205,588.052124,4.457031,3-6
2person-garage_002378#1,2person-garage_002378,images/2person-garage_002378.png,1,98.585068,334.329926,164.163483,485.933746,8.507812,>6
2person-garage_002378#2,2person-garage_002378,images/2person-garage_002378.png,2,705.118347,356.947357,795.644775,677.935181,3.542969,3-6
2person-garage_002383#1,2person-garage_002383,images/2person-garage_002383.png,1,98.750244,342.380615,150.633041,489.684204,8.335938,>6
2person-garage_002383#2,2person-garage_002383,images/2person-garage_002383.png,2,632.68634,366.118042,755.381653,713.345398,3.28125,3-6
2person-garage_002394#1,2person-garage_002394,images/2person-garage_002394.png,1,566.068237,321.33844,719.554565,717.695679,2.882812,<3
2person-garage_002404#1,2person-garage_002404,images/2person-garage_002404.png,1,464.981689,328.489655,646.442688,719.716797,2.705078,<3
2person-garage_002412#1,2person-garage_002412,images/2person-garage_002412.png,1,142.827255,312.251953,213.131119,480.158752,7.056641,>6
2person-garage_002412#2,2person-garage_002412,images/2person-garage_002412.png,2,351.795532,310.616547,491.112061,719.416443,2.695312,<3
2person-garage_002425#1,2person-garage_002425,images/2person-garage_002425.png,1,152.360733,297.624023,239.084015,495.749817,6.214844,>6
2person-garage_002425#2,2person-garage_002425,images/2person-garage_002425.png,2,359.467651,302.595306,488.056763,719.104431,2.634766,<3
2person-garage_002433#1,2person-garage_002433,images/2person-garage_002433.png,1,185.674347,331.870148,281.891602,556.411743,5.320312,3-6
2person-garage_002433#2,2person-garage_002433,images/2person-garage_002433.png,2,491.32077,331.329987,672.436401,719.055786,2.394531,<3
2person-garage_002448#1,2person-garage_002448,images/2person-garage_002448.png,1,254.858841,286.395081,362.941559,599.926025,3.974609,3-6
2person-garage_002448#2,2person-garage_002448,images/2person-garage_002448.png,2,766.085632,287.924286,959.896912,719.168945,1.847656,<3
2person-garage_002458#1,2person-garage_002458,images/2person-garage_002458.png,1,275.768951,274.850769,444.100433,701.816345,2.795898,<3
2person-garage_002468#1,2person-garage_002468,images/2person-garage_002468.png,1,541.31366,242.879196,747.869385,719.314392,1.657227,<3
2person-garage_002469#1,2person-garage_002469,images/2person-garage_002469.png,1,574.222473,241.957535,781.789124,719.704224,1.589844,<3
2person-garage_002487#1,2person-garage_002487,images/2person-garage_002487.png,1,822.561768,324.50528,959.784302,719.615356,2.199219,<3
2person-garage_002491#1,2person-garage_002491,images/2person-garage_002491.png,1,718.152832,341.391632,929.923828,719.414612,2.435547,<3
2person-garage_002504#1,2person-garage_002504,images/2person-garage_002504.png,1,484.114777,358.593994,621.366028,621.354004,3.986328,3-6
2person-garage_002512#1,2person-garage_002512,images/2person-garage_002512.png,1,352.444397,317.319183,434.168427,539.239563,4.75,3-6
2person-garage_002525#1,2person-garage_002525,images/2person-garage_002525.png,1,292.112091,303.644257,384.206909,518.989807,5.324219,3-6
2person-garage_002537#1,2person-garage_002537,images/2person-garage_002537.png,1,7.549999,317.472839,43.097557,380.129791,,>6
2person-garage_002537#2,2person-garage_002537,images/2person-garage_002537.png,2,222.518509,318.850098,299.757965,537.271851,5.394531,3-6
2person-garage_002537#3,2person-garage_002537,images/2person-garage_002537.png,3,822.46106,327.544189,883.753418,505.596405,6.59375,>6
2person-garage_002548#1,2person-garage_002548,images/2person-garage_002548.png,1,86.459096,313.596405,118.855934,383.593781,,>6
2person-garage_002548#2,2person-garage_002548,images/2person-garage_002548.png,2,136.66449,310.815765,225.543732,552.840332,4.523438,3-6
2person-garage_002548#3,2person-garage_002548,images/2person-garage_002548.png,3,757.65033,331.83197,834.192261,512.255127,6.4375,>6
2person-garage_002553#1,2person-garage_002553,images/2person-garage_002553.png,1,94.869934,308.220184,187.429428,595.605408,4.189453,3-6
2person-garage_002553#2,2person-garage_002553,images/2person-garage_002553.png,2,721.623291,339.119659,809.858887,535.22522,6.167969,>6
2person-garage_002566#1,2person-garage_002566,images/2person-garage_002566.png,1,623.735046,311.763428,724.266724,547.599304,5.121094,3-6
2person-garage_002569#1,2person-garage_002569,images/2person-garage_002569.png,1,601.625977,312.585754,698.904602,564.014648,4.916016,3-6
2person-garage_002586#1,2person-garage_002586,images/2person-garage_002586.png,1,175.197021,329.87973,218.216644,410.317871,18.476562,>6
2person-garage_002586#2,2person-garage_002586,images/2person-garage_002586.png,2,388.786377,293.063324,539.754089,668.96228,3.185547,3-6
2person-garage_002593#1,2person-garage_002593,images/2person-garage_002593.png,1,250.926819,351.221832,293.528809,429.636017,17.984375,>6
2person-garage_002593#2,2person-garage_002593,images/2person-garage_002593.png,2,306.907837,300.676941,535.389587,718.921326,2.689453,<3
2person-garage_002599#1,2person-garage_002599,images/2person-garage_002599.png,1,242.528595,330.721375,293.22345,415.563995,17,>6
2person-garage_002599#2,2person-garage_002599,images/2person-garage_002599.png,2,269.682495,273.16272,437.753082,719.686523,2.507812,<3
2person-garage_002610#1,2person-garage_002610,images/2person-garage_002610.png,1,183.516907,295.112274,403.209503,719.125732,2.230469,<3
2person-garage_002619#1,2person-garage_002619,images/2person-garage_002619.png,1,261.426117,276.300934,489.552734,719.682373,2.212891,<3
2person-garage_002619#2,2person-garage_002619,images/2person-garage_002619.png,2,423.704464,336.18085,472.395844,449.900024,,>6
2person-garage_002637#1,2person-garage_002637,images/2person-garage_002637.png,1,309.878387,292.181946,477.580566,709.750671,2.988281,<3
2person-garage_002637#2,2person-garage_002637,images/2person-garage_002637.png,2,565.315613,345.961121,634.377686,463.24585,11.253906,>6
2person-garage_002643#1,2person-garage_002643,images/2person-garage_002643.png,1,0.162975,321.273102,117.403175,719.359192,2.898438,<3
2person-garage_002643#2,2person-garage_002643,images/2person-garage_002643.png,2,393.436646,327.759613,526.739136,655.823792,3.78125,3-6
2person-garage_002643#3,2person-garage_002643,images/2person-garage_002643.png,3,612.774536,369.486847,686.699341,481.021362,9.828125,>6
2person-garage_002651#1,2person-garage_002651,images/2person-garage_002651.png,1,56.657295,331.74118,187.279129,679.622498,3.226562,3-6
2person-garage_002651#2,2person-garage_002651,images/2person-garage_002651.png,2,434.490906,332.4198,536.474426,587.88031,4.894531,3-6
2person-garage_002651#3,2person-garage_002651,images/2person-garage_002651.png,3,699.445007,364.717377,748.752747,477.9216,9.722656,>6
2person-garage_002659#1,2person-garage_002659,images/2person-garage_002659.png,1,102.240646,348.67099,207.651672,621.099487,4.277344,3-6
2person-garage_002659#2,2person-garage_002659,images/2person-garage_002659.png,2,474.529724,332.604645,542.565308,538.291809,5.894531,3-6
2person-garage_002659#3,2person-garage_002659,images/2person-garage_002659.png,3,728.115779,347.006158,806.898622,477.113052,11.148438,>6
2person-garage_002669#1,2person-garage_002669,images/2person-garage_002669.png,1,198.898865,330.781036,277.976166,545.993286,5.060547,3-6
2person-garage_002669#2,2person-garage_002669,images/2person-garage_002669.png,2,527.217163,333.753174,575.718933,510.283905,6.902344,>6
2person-garage_002679#1,2person-garage_002679,images/2person-garage_002679.png,1,275.221649,354.648804,358.626069,566.500401,5.453125,3-6
2person-garage_002679#2,2person-garage_002679,images/2person-garage_002679.png,2,561.811584,344.437256,620.110718,516.038757,6.976562,>6
2person-garage_002691#1,2person-garage_002691,images/2person-garage_002691.png,1,304.872528,332.000427,408.196289,579.845459,4.480469,3-6
2person-garage_002691#2,2person-garage_002691,images/2person-garage_002691.png,2,546.491272,321.192841,600.27594,500.344788,6.957031,>6
2person-garage_002708#1,2person-garage_002708,images/2person-garage_002708.png,1,393.356415,341.419312,492.893097,653.242432,3.703125,3-6
2person-garage_002708#2,2person-garage_002708,images/2person-garage_002708.png,2,583.508606,331.124817,673.978333,586.92157,4.839844,3-6
2person-garage_002716#1,2person-garage_002716,images/2person-garage_002716.png,1,349.310669,340.106232,464.336151,667.639954,3.550781,3-6
2person-garage_002716#2,2person-garage_002716,images/2person-garage_002716.png,2,622.606384,328.847443,753.938049,679.978333,3.546875,3-6
2person-garage_002722#1,2person-garage_002722,images/2person-garage_002722.png,1,351.214233,339.863068,478.136536,669.300354,3.568359,3-6
2person-garage_002722#2,2person-garage_002722,images/2person-garage_002722.png,2,771.616699,287.976654,930.804199,719.784729,2.376953,<3
2person-garage_002732#1,2person-garage_002732,images/2person-garage_002732.png,1,251.142426,368.98999,347.037781,701.085999,3.455078,3-6
2person-garage_002740#1,2person-garage_002740,images/2person-garage_002740.png,1,205.681549,404.891418,308.031372,705.47998,4.023438,3-6
2person-garage_002754#1,2person-garage_002754,images/2person-garage_002754.png,1,255.78598,367.074738,329.296082,601.269653,5.085938,3-6
2person-garage_002761#1,2person-garage_002761,images/2person-garage_002761.png,1,297.753052,380.301666,375.609863,595.288818,5.482422,3-6
2person-garage_002776#1,2person-garage_002776,images/2person-garage_002776.png,1,375.124695,383.605225,449.702545,580.316528,5.667969,3-6
2person-garage_002782#1,2person-garage_002782,images/2person-garage_002782.png,1,353.023773,354.963562,429.877167,565.126892,5.585938,3-6
2person-garage_002793#1,2person-garage_002793,images/2person-garage_002793.png,1,350.530273,357.200531,430.74823,577.360657,5.429688,3-6
2person-garage_002806#1,2person-garage_002806,images/2person-garage_002806.png,1,325.155304,398.462311,409.136444,648.05188,4.886719,3-6
2person-garage_002810#1,2person-garage_002810,images/2person-garage_002810.png,1,294.132843,354.065002,389.63736,604.05011,4.683594,3-6
2person-garage_002821#1,2person-garage_002821,images/2person-garage_002821.png,1,346.848053,307.182861,442.328796,577.019775,4.419922,3-6
2person-garage_002838#1,2person-garage_002838,images/2person-garage_002838.png,1,166.659531,299.402313,318.387848,659.696594,3.216797,3-6
2person-garage_002838#2,2person-garage_002838,images/2person-garage_002838.png,2,861.188965,231.803879,959.898193,719.772522,1.856445,<3
2person-garage_002843#1,2person-garage_002843,images/2person-garage_002843.png,1,110.468079,331.528748,269.020477,719.897522,3.058594,3-6
2person-garage_002843#2,2person-garage_002843,images/2person-garage_002843.png,2,821.850098,269.910278,959.42804,719.275146,1.950195,<3
2person-garage_002851#1,2person-garage_002851,images/2person-garage_002851.png,1,0.074158,324.299011,87.197166,718.345337,5.757812,3-6
2person-garage_002851#2,2person-garage_002851,images/2person-garage_002851.png,2,725.665833,282.755432,854.219421,719.284241,2.142578,<3
2person-garage_002865#1,2person-garage_002865,images/2person-garage_002865.png,1,0,309.856995,48.891235,547.594177,5.212891,3-6
2person-garage_002865#2,2person-garage_002865,images/2person-garage_002865.png,2,563.340881,272.008759,754.221741,720,2.148438,<3
2person-garage_002877#1,2person-garage_002877,images/2person-garage_002877.png,1,62.305504,305.662109,177.975632,547.738525,4.703125,3-6
2person-garage_002877#2,2person-garage_002877,images/2person-garage_002877.png,2,405.734711,246.308456,547.207642,719.650513,2.107422,<3
2person-garage_002884#1,2person-garage_002884,images/2person-garage_002884.png,1,127.877357,300.607635,240.08786,513.818481,5.083984,3-6
2person-garage_002884#2,2person-garage_002884,images/2person-garage_002884.png,2,270.283508,237.724915,430.65387,720,2.205078,<3
2person-garage_002894#1,2person-garage_002894,images/2person-garage_002894.png,1,107.074249,246.66803,299.97467,719.460632,2.410156,<3
2person-garage_002894#2,2person-garage_002894,images/2person-garage_002894.png,2,290.292763,326.767155,358.176992,520.90012,6.515625,>6
2person-garage_002906#1,2person-garage_002906,images/2person-garage_002906.png,1,9.755791,256.540192,208.760162,688.58075,2.917969,<3
2person-garage_002906#2,2person-garage_002906,images/2person-garage_002906.png,2,412.966003,332.010071,499.133057,532.379822,5.691406,3-6
2person-garage_002918#1,2person-garage_002918,images/2person-garage_002918.png,1,71.605103,276.560913,200.986511,623.315979,3.677734,3-6
2person-garage_002918#2,2person-garage_002918,images/2person-garage_002918.png,2,499.961517,335.423218,614.302429,571.098328,4.957031,3-6
2person-garage_002928#1,2person-garage_002928,images/2person-garage_002928.png,1,184.76738,287.792816,292.04361,585.315674,4.015625,3-6
2person-garage_002928#2,2person-garage_002928,images/2person-garage_002928.png,2,535.310852,331.361481,639.893372,611.016968,4.011719,3-6
2person-garage_002931#1,2person-garage_002931,images/2person-garage_002931.png,1,192.934586,290.061249,304.888702,584.64856,4.277344,3-6
2person-garage_002931#2,2person-garage_002931,images/2person-garage_002931.png,2,536.191467,332.278839,648.929077,648.518555,3.785156,3-6
2person-garage_002940#1,2person-garage_002940,images/2person-garage_002940.png,1,310.225067,288.043213,390.37326,565.396729,4.335938,3-6
2person-garage_002940#2,2person-garage_002940,images/2person-garage_002940.png,2,559.45813,313.38916,710.159424,719.923645,2.945312,<3
2person-garage_002952#1,2person-garage_002952,images/2person-garage_002952.png,1,388.506592,300.055756,503.387512,596.186707,4.179688,3-6
2person-garage_002952#2,2person-garage_002952,images/2person-garage_002952.png,2,794.737793,317.792358,950.108643,719.441528,1.983398,<3
2person-garage_002965#1,2person-garage_002965,images/2person-garage_002965.png,1,534.915527,295.445801,658.896667,616.85321,3.912109,3-6
2person-garage_002978#1,2person-garage_002978,images/2person-garage_002978.png,1,699.209229,293.210907,853.411194,652.107849,3.587891,3-6
2person-garage_002985#1,2person-garage_002985,images/2person-garage_002985.png,1,785.355164,286.012115,959.358276,663.041626,3.25,3-6
2person-garage_002989#1,2person-garage_002989,images/2person-garage_002989.png,1,861.216614,287.88736,959.864319,676.220215,5.851562,3-6
2person-garage_003006#1,2person-garage_003006,images/2person-garage_003006.png,1,763.80896,339.989792,859.53595,565.495346,5.039062,3-6
2person-garage_003014#1,2person-garage_003014,images/2person-garage_003014.png,1,625.492493,330.198059,691.646301,514.069702,6.050781,>6
2person-garage_003021#1,2person-garage_003021,images/2person-garage_003021.png,1,575.341003,329.682861,632.644592,494.025787,6.550781,>6
2person-pavement_000007#1,2person-pavement_000007,images/2person-pavement_000007.png,1,287.505463,325.962433,370.063843,558.465698,4.478516,3-6
2person-pavement_000007#2,2person-pavement_000007,images/2person-pavement_000007.png,2,579.493896,303.212433,702.669861,617.057129,4.007812,3-6
2person-pavement_000014#1,2person-pavement_000014,images/2person-pavement_000014.png,1,193.669464,328.357269,299.487305,579.095764,4.421875,3-6
2person-pavement_000014#2,2person-pavement_000014,images/2person-pavement_000014.png,2,593.389893,308.200104,706.816223,670.479553,3.578125,3-6
2person-pavement_000028#1,2person-pavement_000028,images/2person-pavement_000028.png,1,201.074539,316.803802,307.595367,585.800171,4.042969,3-6
2person-pavement_000028#2,2person-pavement_000028,images/2person-pavement_000028.png,2,800.461853,257.995239,959.551758,720,1.999023,<3
2person-pavement_000039#1,2person-pavement_000039,images/2person-pavement_000039.png,1,225.633591,328.051544,344.707611,652.014221,3.410156,3-6
2person-pavement_000040#1,2person-pavement_000040,images/2person-pavement_000040.png,1,220.222565,319.423462,339.768555,650.562439,3.363281,3-6
2person-pavement_000057#1,2person-pavement_000057,images/2person-pavement_000057.png,1,165.799805,320.470459,319.276154,718.699646,2.365234,<3
2person-pavement_000063#1,2person-pavement_000063,images/2person-pavement_000063.png,1,148.796509,316.408905,344.14267,719.59137,2.019531,<3
2person-pavement_000075#1,2person-pavement_000075,images/2person-pavement_000075.png,1,0.213524,332.39386,190.245499,718.595947,1.52832,<3
2person-pavement_000080#1,2person-pavement_000080,images/2person-pavement_000080.png,1,0.321487,444.238886,59.145769,718.984497,,<3
2person-pavement_000099#1,2person-pavement_000099,images/2person-pavement_000099.png,1,560.373779,241.364136,959.915222,719.287903,1.118164,<3
2person-pavement_000108#1,2person-pavement_000108,images/2person-pavement_000108.png,1,8.45121,336.225159,158.802963,719.509277,2.705078,<3
2person-pavement_000108#2,2person-pavement_000108,images/2person-pavement_000108.png,2,508.728912,313.189117,679.231506,719.479187,2.570312,<3
2person-pavement_000110#1,2person-pavement_000110,images/2person-pavement_000110.png,1,29.346519,345.86673,207.79451,719.626343,2.967773,<3
2person-pavement_000110#2,2person-pavement_000110,images/2person-pavement_000110.png,2,499.207397,324.882812,673.266174,719.036377,2.927734,<3
2person-pavement_000122#1,2person-pavement_000122,images/2person-pavement_000122.png,1,156.329819,340.312439,247.652344,601.666565,4.425781,3-6
2person-pavement_000122#2,2person-pavement_000122,images/2person-pavement_000122.png,2,437.794922,330.903351,529.16217,574.861816,4.992188,3-6
2person-pavement_000131#1,2person-pavement_000131,images/2person-pavement_000131.png,1,270.115173,281.119476,344.428711,480.110992,5.527344,3-6
2person-pavement_000131#2,2person-pavement_000131,images/2person-pavement_000131.png,2,473.021576,270.323639,544.20343,455.778717,6.53125,>6
2person-pavement_000140#1,2person-pavement_000140,images/2person-pavement_000140.png,1,301.883423,294.391052,367.407623,457.921997,6.515625,>6
2person-pavement_000140#2,2person-pavement_000140,images/2person-pavement_000140.png,2,474.75531,276.426117,530.466431,428.654785,7.867188,>6
2person-pavement_000151#1,2person-pavement_000151,images/2person-pavement_000151.png,1,341.356232,312.951782,396.647949,474.747253,6.613281,>6
2person-pavement_000151#2,2person-pavement_000151,images/2person-pavement_000151.png,2,485.299622,294.269165,534.471497,433.684296,9.03125,>6
2person-pavement_000167#1,2person-pavement_000167,images/2person-pavement_000167.png,1,383.349396,408.074005,440.881714,583.671692,6.109375,>6
2person-pavement_000167#2,2person-pavement_000167,images/2person-pavement_000167.png,2,495.819336,391.783386,547.872925,537.965637,8.179688,>6
2person-pavement_000174#1,2person-pavement_000174,images/2person-pavement_000174.png,1,354.917999,441.425995,421.429779,637.123352,5.580078,3-6
2person-pavement_000174#2,2person-pavement_000174,images/2person-pavement_000174.png,2,455.504152,423.013619,519.605232,587.491107,6.314453,>6
2person-pavement_000187#1,2person-pavement_000187,images/2person-pavement_000187.png,1,350.294952,400.808807,432.453003,616.591736,5.226562,3-6
2person-pavement_000187#2,2person-pavement_000187,images/2person-pavement_000187.png,2,449.344757,394.693481,502.160614,544.152588,8.074219,>6
2person-pavement_000193#1,2person-pavement_000193,images/2person-pavement_000193.png,1,362.237274,412.438293,449.211914,630.467285,5.191406,3-6
2person-pavement_000193#2,2person-pavement_000193,images/2person-pavement_000193.png,2,456.050903,395.375977,516.618522,553.877017,7.222656,>6
2person-pavement_000202#1,2person-pavement_000202,images/2person-pavement_000202.png,1,337.594757,415.949707,432.410522,636.990051,4.984375,3-6
2person-pavement_000202#2,2person-pavement_000202,images/2person-pavement_000202.png,2,436.541748,400.552551,490.919769,551.294312,8.242188,>6
2person-pavement_000217#1,2person-pavement_000217,images/2person-pavement_000217.png,1,323.01297,399.774078,415.729523,636.08136,4.976562,3-6
2person-pavement_000217#2,2person-pavement_000217,images/2person-pavement_000217.png,2,447.736725,386.13913,507.072693,532.906128,8.601562,>6
2person-pavement_000229#1,2person-pavement_000229,images/2person-pavement_000229.png,1,293.950134,396.630707,404.900024,646.398804,4.623047,3-6
2person-pavement_000229#2,2person-pavement_000229,images/2person-pavement_000229.png,2,446.078522,389.257355,497.364166,537.273315,8.226562,>6
2person-pavement_000238#1,2person-pavement_000238,images/2person-pavement_000238.png,1,384.667328,381.931824,469.960785,636.640564,4.277344,3-6
2person-pavement_000238#2,2person-pavement_000238,images/2person-pavement_000238.png,2,484.982025,367.634766,541.639038,514.802307,8.28125,>6
2person-pavement_000244#1,2person-pavement_000244,images/2person-pavement_000244.png,1,403.335022,363.704468,491.861389,634.939148,4.039062,3-6
2person-pavement_000244#2,2person-pavement_000244,images/2person-pavement_000244.png,2,474.330057,356.86633,511.017252,496.424741,,>6
2person-pavement_000257#1,2person-pavement_000257,images/2person-pavement_000257.png,1,406.20639,357.123779,480.432474,534.092412,6.830078,>6
2person-pavement_000257#2,2person-pavement_000257,images/2person-pavement_000257.png,2,564.261719,373.369354,666.984192,688.448425,3.529297,3-6
2person-pavement_000269#1,2person-pavement_000269,images/2person-pavement_000269.png,1,370.996216,349.474945,448.388306,540.40979,6.523438,>6
2person-pavement_000269#2,2person-pavement_000269,images/2person-pavement_000269.png,2,682.137878,372.094666,786.328735,658.252441,3.890625,3-6
2person-pavement_000277#1,2person-pavement_000277,images/2person-pavement_000277.png,1,382.244415,358.064301,470.2742,556.535034,6.082031,>6
2person-pavement_000277#2,2person-pavement_000277,images/2person-pavement_000277.png,2,690.037354,381.31842,807.016846,624.466736,4.683594,3-6
2person-pavement_000288#1,2person-pavement_000288,images/2person-pavement_000288.png,1,467.530609,357.712372,537.058472,578.864563,5.507812,3-6
2person-pavement_000288#2,2person-pavement_000288,images/2person-pavement_000288.png,2,753.627686,386.230957,865.585327,598.908325,5.236328,3-6
2person-pavement_000292#1,2person-pavement_000292,images/2person-pavement_000292.png,1,456.452066,356.029508,549.260752,603.154615,5.21875,3-6
2person-pavement_000292#2,2person-pavement_000292,images/2person-pavement_000292.png,2,767.387878,384.165436,840.892273,588.587036,5.054688,3-6
2person-pavement_000303#1,2person-pavement_000303,images/2person-pavement_000303.png,1,562.113708,350.371399,679.313843,629.073853,3.929688,3-6
2person-pavement_000303#2,2person-pavement_000303,images/2person-pavement_000303.png,2,872.057373,387.236115,959.115967,601.290222,4.484375,3-6
2person-pavement_000317#1,2person-pavement_000317,images/2person-pavement_000317.png,1,618.645142,317.76062,724.736816,607.031982,4.375,3-6
2person-pavement_000317#2,2person-pavement_000317,images/2person-pavement_000317.png,2,845.917603,357.207306,958.976074,566.084229,,3-6
2person-pavement_000327#1,2person-pavement_000327,images/2person-pavement_000327.png,1,302.474884,316.391602,431.755585,639.626831,3.992188,3-6
2person-pavement_000327#2,2person-pavement_000327,images/2person-pavement_000327.png,2,471.222656,360.481476,556.617432,565.531555,5.683594,3-6
2person-pavement_000330#1,2person-pavement_000330,images/2person-pavement_000330.png,1,294.700195,311.546906,425.556152,651.386353,3.792969,3-6
2person-pavement_000330#2,2person-pavement_000330,images/2person-pavement_000330.png,2,486.471497,354.342651,570.194641,561.650452,5.574219,3-6
2person-pavement_000340#1,2person-pavement_000340,images/2person-pavement_000340.png,1,503.89389,317.689178,599.647766,685.742493,3.365234,3-6
2person-pavement_000340#2,2person-pavement_000340,images/2person-pavement_000340.png,2,709.376038,365.831268,814.591797,629.863647,4.457031,3-6
2person-pavement_000350#1,2person-pavement_000350,images/2person-pavement_000350.png,1,631.540161,335.887665,753.709717,683.329346,3.626953,3-6
2person-pavement_000350#2,2person-pavement_000350,images/2person-pavement_000350.png,2,879.216064,377.378632,959.943604,709.695068,3.466797,3-6
2person-pavement_000364#1,2person-pavement_000364,images/2person-pavement_000364.png,1,828.333801,368.710907,946.670105,642.834595,4.363281,3-6
2person-pavement_000374#1,2person-pavement_000374,images/2person-pavement_000374.png,1,623.970337,341.240021,695.112915,528.327026,6.472656,>6
2person-pavement_000386#1,2person-pavement_000386,images/2person-pavement_000386.png,1,332.089722,331.557495,382.631409,476.260986,8.46875,>6
2person-pavement_000386#2,2person-pavement_000386,images/2person-pavement_000386.png,2,752.729309,357.188324,918.513794,674.7948,3.464844,3-6
2person-pavement_000391#1,2person-pavement_000391,images/2person-pavement_000391.png,1,160.553116,286.326782,222.223038,430.220215,,>6
2person-pavement_000391#2,2person-pavement_000391,images/2person-pavement_000391.png,2,620.226746,323.797485,751.968506,598.948059,4.078125,3-6
2person-pavement_000405#1,2person-pavement_000405,images/2person-pavement_000405.png,1,597.434509,354.299561,722.862915,622.139648,4.179688,3-6
2person-pavement_000415#1,2person-pavement_000415,images/2person-pavement_000415.png,1,549.399963,330.645538,673.107483,590.878845,4.226562,3-6
2person-pavement_000426#1,2person-pavement_000426,images/2person-pavement_000426.png,1,23.230087,311.444672,79.924782,446.598541,,>6
2person-pavement_000426#2,2person-pavement_000426,images/2person-pavement_000426.png,2,655.146301,380.465454,751.877441,679.653015,3.794922,3-6
2person-pavement_000439#1,2person-pavement_000439,images/2person-pavement_000439.png,1,109.23864,327.308807,159.712351,453.344428,,>6
2person-pavement_000439#2,2person-pavement_000439,images/2person-pavement_000439.png,2,676.619995,367.24765,794.148071,691.056152,3.330078,3-6
2person-pavement_000447#1,2person-pavement_000447,images/2person-pavement_000447.png,1,12.325424,361.400696,65.129158,442.944885,18.640625,>6
2person-pavement_000447#2,2person-pavement_000447,images/2person-pavement_000447.png,2,171.881828,355.420334,228.197345,479.434943,,>6
2person-pavement_000447#3,2person-pavement_000447,images/2person-pavement_000447.png,3,745.227783,390.29187,903.490051,719.854248,3.075195,3-6
2person-pavement_000451#1,2person-pavement_000451,images/2person-pavement_000451.png,1,155.048728,334.759931,204.081112,422.096182,17.78125,>6
2person-pavement_000451#2,2person-pavement_000451,images/2person-pavement_000451.png,2,252.186644,330.512922,302.097748,450.243073,,>6
2person-pavement_000451#3,2person-pavement_000451,images/2person-pavement_000451.png,3,817.879395,382.525513,959.817627,720,2.962891,<3
2person-pavement_000469#1,2person-pavement_000469,images/2person-pavement_000469.png,1,506.351246,353.750041,559.690418,489.394023,,>6
2person-pavement_000469#2,2person-pavement_000469,images/2person-pavement_000469.png,2,593.997131,377.135406,623.020264,439.039246,,>6
2person-pavement_000472#1,2person-pavement_000472,images/2person-pavement_000472.png,1,488.946259,375.212128,550.233093,520.664856,8.710938,>6
2person-pavement_000472#2,2person-pavement_000472,images/2person-pavement_000472.png,2,600.140625,399.865631,625.531494,462.166809,16.28125,>6
2person-pavement_000489#1,2person-pavement_000489,images/2person-pavement_000489.png,1,499.586243,338.294342,584.293457,551.932373,5.878906,3-6
2person-pavement_000489#2,2person-pavement_000489,images/2person-pavement_000489.png,2,641.23999,369.798431,667.287292,428.558533,20,>6
2person-pavement_000496#1,2person-pavement_000496,images/2person-pavement_000496.png,1,453.44104,317.954315,542.732971,590.932251,4.589844,3-6
2person-pavement_000496#2,2person-pavement_000496,images/2person-pavement_000496.png,2,583.754578,344.411774,613.074341,408.984222,19.765625,>6
2person-pavement_000509#1,2person-pavement_000509,images/2person-pavement_000509.png,1,413.553864,290.157104,578.204834,719.224304,2.390625,<3
2person-pavement_000517#1,2person-pavement_000517,images/2person-pavement_000517.png,1,294.694458,346.565002,316.627014,408.633484,,>6
2person-pavement_000517#2,2person-pavement_000517,images/2person-pavement_000517.png,2,485.969604,252.047394,778.13269,719.433838,1.46875,<3
2person-pavement_000517#3,2person-pavement_000517,images/2person-pavement_000517.png,3,644.628479,350.804474,742.637146,627.516724,3.755859,3-6
2person-pavement_000524#1,2person-pavement_000524,images/2person-pavement_000524.png,1,183.19899,333.248291,206.771851,392.652374,18.117188,>6
2person-pavement_000524#2,2person-pavement_000524,images/2person-pavement_000524.png,2,447.349396,345.008057,546.791199,651.576782,3.483398,3-6
2person-pavement_000524#3,2person-pavement_000524,images/2person-pavement_000524.png,3,661.361938,203.684372,959.424133,718.892334,0.898438,<3
2person-pavement_000531#1,2person-pavement_000531,images/2person-pavement_000531.png,1,187.756851,344.133484,211.428223,400.302612,19.78125,>6
2person-pavement_000531#2,2person-pavement_000531,images/2person-pavement_000531.png,2,325.565735,346.397034,493.482239,719.203491,2.892578,<3
2person-pavement_000542#1,2person-pavement_000542,images/2person-pavement_000542.png,1,261.021057,316.626343,287.578491,366.446503,19.609375,>6
2person-pavement_000542#2,2person-pavement_000542,images/2person-pavement_000542.png,2,292.544037,282.22345,690.194885,719.093506,1.113281,<3
2person-pavement_000555#1,2person-pavement_000555,images/2person-pavement_000555.png,1,310.159058,322.680084,331.729919,370.638245,19.734375,>6
2person-pavement_000591#1,2person-pavement_000591,images/2person-pavement_000591.png,1,740.872498,336.133118,959.326172,719.439148,2.248047,<3
2person-pavement_000608#1,2person-pavement_000608,images/2person-pavement_000608.png,1,14.869034,292.265259,206.417542,670.869934,2.753906,<3
2person-pavement_000608#2,2person-pavement_000608,images/2person-pavement_000608.png,2,697.045715,254.5811,942.492554,719.518066,1.886719,<3
2person-pavement_000614#1,2person-pavement_000614,images/2person-pavement_000614.png,1,161.356476,315.173584,315.155548,625.644653,3.576172,3-6
2person-pavement_000614#2,2person-pavement_000614,images/2person-pavement_000614.png,2,637.802307,278.448242,836.061096,719.893921,2.578125,<3
2person-pavement_000623#1,2person-pavement_000623,images/2person-pavement_000623.png,1,204.615509,307.9039,333.403198,575.799866,4.109375,3-6
2person-pavement_000623#2,2person-pavement_000623,images/2person-pavement_000623.png,2,630.1474,267.856781,773.20282,644.21228,3.330078,3-6
2person-pavement_000632#1,2person-pavement_000632,images/2person-pavement_000632.png,1,204.205185,318.553162,308.14563,607.277588,3.988281,3-6
2person-pavement_000632#2,2person-pavement_000632,images/2person-pavement_000632.png,2,636.930603,288.216858,768.177612,633.761047,3.507812,3-6
2person-pavement_000647#1,2person-pavement_000647,images/2person-pavement_000647.png,1,104.501266,293.644958,230.711838,582.983643,3.844727,3-6
2person-pavement_000647#2,2person-pavement_000647,images/2person-pavement_000647.png,2,585.831482,271.751129,700.588257,625.710083,3.558594,3-6
2person-pavement_000652#1,2person-pavement_000652,images/2person-pavement_000652.png,1,100.349716,348.151062,219.980759,629.787231,4.019531,3-6
2person-pavement_000652#2,2person-pavement_000652,images/2person-pavement_000652.png,2,558.579224,314.782196,702.325012,672.475586,3.521484,3-6
2person-pavement_000661#1,2person-pavement_000661,images/2person-pavement_000661.png,1,130.658493,373.714539,237.144791,645.397827,4.320312,3-6
2person-pavement_000661#2,2person-pavement_000661,images/2person-pavement_000661.png,2,529.794983,339.756439,673.681702,701.931091,3.472656,3-6
2person-pavement_000679#1,2person-pavement_000679,images/2person-pavement_000679.png,1,193.601028,364.195282,285.366974,604.642273,4.871094,3-6
2person-pavement_000679#2,2person-pavement_000679,images/2person-pavement_000679.png,2,577.568542,325.511627,703.028198,675.822388,3.6875,3-6
2person-pavement_000689#1,2person-pavement_000689,images/2person-pavement_000689.png,1,214.895798,338.729095,315.729675,604.808716,4.53125,3-6
2person-pavement_000689#2,2person-pavement_000689,images/2person-pavement_000689.png,2,680.871094,319.482513,823.110962,673.375,3.453125,3-6
2person-pavement_000690#1,2person-pavement_000690,images/2person-pavement_000690.png,1,173.111755,334.370636,284.054535,603.276855,4.269531,3-6
2person-pavement_000690#2,2person-pavement_000690,images/2person-pavement_000690.png,2,650.984863,316.131409,803.098022,668.322693,3.507812,3-6
2person-pavement_000702#1,2person-pavement_000702,images/2person-pavement_000702.png,1,443.791351,324.927429,604.585693,660.245056,3.722656,3-6
2person-pavement_000711#1,2person-pavement_000711,images/2person-pavement_000711.png,1,429.301483,305.209808,555.345398,609.644897,3.945312,3-6
2person-pavement_000724#1,2person-pavement_000724,images/2person-pavement_000724.png,1,93.093872,332.936127,304.775604,719.299927,2.09375,<3
2person-pavement_000724#2,2person-pavement_000724,images/2person-pavement_000724.png,2,414.187683,315.118103,503.337158,550.748718,5.085938,3-6
2person-pavement_000732#1,2person-pavement_000732,images/2person-pavement_000732.png,1,280.19339,323.04184,442.666931,669.825928,3.068359,3-6
2person-pavement_000732#2,2person-pavement_000732,images/2person-pavement_000732.png,2,389.996338,321.198395,457.806227,519.213967,5.296875,3-6
2person-pavement_000745#1,2person-pavement_000745,images/2person-pavement_000745.png,1,383.958557,302.465637,431.951233,445.974182,8.34375,>6
2person-pavement_000745#2,2person-pavement_000745,images/2person-pavement_000745.png,2,527.167053,309.319397,636.592102,576.760498,4.164062,3-6
2person-pavement_000752#1,2person-pavement_000752,images/2person-pavement_000752.png,1,337.102386,350.400787,384.39212,498.492645,8.726562,>6
2person-pavement_000752#2,2person-pavement_000752,images/2person-pavement_000752.png,2,604.696655,378.925964,735.936401,638.388794,4.181641,3-6
2person-pavement_000763#1,2person-pavement_000763,images/2person-pavement_000763.png,1,197.213027,340.72626,273.097573,509.189163,8.359375,>6
2person-pavement_000763#2,2person-pavement_000763,images/2person-pavement_000763.png,2,685.623474,393.430664,814.051941,656.662903,4.503906,3-6
2person-pavement_000774#1,2person-pavement_000774,images/2person-pavement_000774.png,1,135.053207,344.586639,199.243256,500.997711,,>6
2person-pavement_000774#2,2person-pavement_000774,images/2person-pavement_000774.png,2,777.388733,420.650208,904.503113,686.391541,4.363281,3-6
2person-pavement_000780#1,2person-pavement_000780,images/2person-pavement_000780.png,1,112.524706,333.552691,185.582032,510.62215,,>6
2person-pavement_000780#2,2person-pavement_000780,images/2person-pavement_000780.png,2,860.898376,392.010864,958.367615,658.472351,4.273438,3-6
2person-pavement_000797#1,2person-pavement_000797,images/2person-pavement_000797.png,1,380.913849,358.684296,444.636932,505.080322,8.21875,>6
2person-pavement_000804#1,2person-pavement_000804,images/2person-pavement_000804.png,1,391.178009,327.655334,432.722809,477.05722,8.1875,>6
2person-pavement_000819#1,2person-pavement_000819,images/2person-pavement_000819.png,1,358.341888,341.366638,429.975311,504.9104,7.5625,>6
2person-pavement_000820#1,2person-pavement_000820,images/2person-pavement_000820.png,1,369.898712,345.582825,439.857269,509.139313,7.535156,>6
2person-pavement_000837#1,2person-pavement_000837,images/2person-pavement_000837.png,1,790.7771,379.545227,922.71283,719.273071,2.926758,<3
2person-pavement_000840#1,2person-pavement_000840,images/2person-pavement_000840.png,1,598.993164,375.162231,721.928284,695.929565,3.564453,3-6
2person-pavement_000854#1,2person-pavement_000854,images/2person-pavement_000854.png,1,509.724823,369.61441,609.127625,618.190125,4.46875,3-6
2person-pavement_000866#1,2person-pavement_000866,images/2person-pavement_000866.png,1,515.315735,365.50058,633.745422,641.120056,4.183594,3-6
2person-pavement_000872#1,2person-pavement_000872,images/2person-pavement_000872.png,1,479.211761,382.931061,624.622864,658.497009,4.015625,3-6
2person-pavement_000889#1,2person-pavement_000889,images/2person-pavement_000889.png,1,110.857361,292.72522,199.520569,539.269958,6.558594,>6
2person-pavement_000889#2,2person-pavement_000889,images/2person-pavement_000889.png,2,504.325104,320.005829,621.233887,719.490601,2.503906,<3
2person-pavement_000892#1,2person-pavement_000892,images/2person-pavement_000892.png,1,201.05096,299.055206,304.740657,544.057434,5.101562,3-6
2person-pavement_000892#2,2person-pavement_000892,images/2person-pavement_000892.png,2,471.103088,321.959015,662.875305,719.460754,2.091797,<3
2person-pavement_000903#1,2person-pavement_000903,images/2person-pavement_000903.png,1,277.53009,296.489349,675.26886,719.487122,1.166992,<3
2person-pavement_000903#2,2person-pavement_000903,images/2person-pavement_000903.png,2,640.615417,303.004669,762.596985,630.355286,3.830078,3-6
2person-pavement_000912#1,2person-pavement_000912,images/2person-pavement_000912.png,1,175.350906,272.136108,509.655121,719.412231,1.162109,<3
2person-pavement_000927#1,2person-pavement_000927,images/2person-pavement_000927.png,1,742.096741,293.303619,869.622803,685.907227,3.226562,3-6
2person-pavement_000930#1,2person-pavement_000930,images/2person-pavement_000930.png,1,610.323669,296.619812,732.434875,644.493164,3.445312,3-6
2person-pavement_000948#1,2person-pavement_000948,images/2person-pavement_000948.png,1,558.953857,270.015289,732.829346,718.802551,2.648438,<3
2person-pavement_000951#1,2person-pavement_000951,images/2person-pavement_000951.png,1,577.783669,281.49527,699.946752,720,2.400391,<3
2person-pavement_000961#1,2person-pavement_000961,images/2person-pavement_000961.png,1,566.697327,269.978943,736.253906,719.226196,1.483398,<3
2person-pavement_000970#1,2person-pavement_000970,images/2person-pavement_000970.png,1,367.649078,259.052124,699.108704,719.373779,0.979004,<3
2person-pavement_000989#1,2person-pavement_000989,images/2person-pavement_000989.png,1,339.646637,275.456635,721.13385,719.318726,1.287109,<3
2person-pavement_000990#1,2person-pavement_000990,images/2person-pavement_000990.png,1,368.735901,294.318878,692.674927,719.436829,1.455078,<3
2person-pavement_001003#1,2person-pavement_001003,images/2person-pavement_001003.png,1,502.254913,339.264374,612.079529,623.736877,4.359375,3-6
2person-pavement_001012#1,2person-pavement_001012,images/2person-pavement_001012.png,1,566.191101,328.224152,647.844971,542.421204,5.945312,3-6
2person-pavement_001022#1,2person-pavement_001022,images/2person-pavement_001022.png,1,573.579712,348.003418,631.123352,522.549133,6.875,>6
2person-pavement_001039#1,2person-pavement_001039,images/2person-pavement_001039.png,1,107.42411,383.770569,274.822174,675.488342,3.900391,3-6
2person-pavement_001048#1,2person-pavement_001048,images/2person-pavement_001048.png,1,504.295807,384.150604,637.632996,682.485046,3.75,3-6
2person-pavement_001054#1,2person-pavement_001054,images/2person-pavement_001054.png,1,472.962006,392.691833,590.334412,700.98999,3.785156,3-6
2person-pavement_001068#1,2person-pavement_001068,images/2person-pavement_001068.png,1,501.40863,393.53302,604.43866,706.804199,3.570312,3-6
2person-pavement_001073#1,2person-pavement_001073,images/2person-pavement_001073.png,1,514.487976,380.815552,616.725769,701.90387,3.429688,3-6
2person-pavement_001080#1,2person-pavement_001080,images/2person-pavement_001080.png,1,535.044067,388.573792,652.753174,718.643982,3.304688,3-6
2person-pavement_001097#1,2person-pavement_001097,images/2person-pavement_001097.png,1,623.694763,383.518097,753.209473,719.01178,2.771484,<3
2person-pavement_001101#1,2person-pavement_001101,images/2person-pavement_001101.png,1,557.589844,410.932251,698.66333,719.17749,2.818359,<3
2person-pavement_001118#1,2person-pavement_001118,images/2person-pavement_001118.png,1,602.575195,437.926208,751.372925,719.19458,2.410156,<3
2person-pavement_001129#1,2person-pavement_001129,images/2person-pavement_001129.png,1,602.62323,458.089325,769.58374,719.571045,2.183594,<3
2person-pavement_001130#1,2person-pavement_001130,images/2person-pavement_001130.png,1,596.898376,450.307251,765.107056,719.497559,2.154297,<3
2person-pavement_001140#1,2person-pavement_001140,images/2person-pavement_001140.png,1,547.676025,413.462799,723.457214,719.416992,2.033203,<3
2person-pavement_001152#1,2person-pavement_001152,images/2person-pavement_001152.png,1,536.989075,391.403687,748.065002,718.344543,1.541016,<3
2person-pavement_001162#1,2person-pavement_001162,images/2person-pavement_001162.png,1,536.959717,347.804962,815.059204,719.448669,1.136719,<3
2person-pavement_001171#1,2person-pavement_001171,images/2person-pavement_001171.png,1,537.039612,349.54718,863.068726,719.14502,0.981445,<3
2person-pavement_001186#1,2person-pavement_001186,images/2person-pavement_001186.png,1,559.034546,299.92511,855.178589,719.338318,1.03125,<3
2person-pavement_001193#1,2person-pavement_001193,images/2person-pavement_001193.png,1,486.597229,344.693726,685.14563,719.771912,1.644531,<3
2person-pavement_001200#1,2person-pavement_001200,images/2person-pavement_001200.png,1,568.543274,344.659607,711.950195,718.564453,2.539062,<3
2person-pavement_001217#1,2person-pavement_001217,images/2person-pavement_001217.png,1,546.477356,375.423462,707.591553,676.560242,3.625,3-6
2person-pavement_001222#1,2person-pavement_001222,images/2person-pavement_001222.png,1,599.616089,367.172516,767.961426,674.929932,3.572266,3-6
2person-pavement_001238#1,2person-pavement_001238,images/2person-pavement_001238.png,1,779.495911,385.457703,941.042542,719.736511,3.199219,3-6
2person-pavement_001244#1,2person-pavement_001244,images/2person-pavement_001244.png,1,486.201691,265.674042,843.752075,719.226074,1.09375,<3
2person-pavement_001253#1,2person-pavement_001253,images/2person-pavement_001253.png,1,315.053772,308.632629,547.533997,719.438965,1.869141,<3
2person-pavement_001260#1,2person-pavement_001260,images/2person-pavement_001260.png,1,270.162048,324.444122,431.053467,718.426086,2.457031,<3
2person-pavement_001275#1,2person-pavement_001275,images/2person-pavement_001275.png,1,326.425781,360.244171,450.679962,655.015503,4.398438,3-6
2person-pavement_001281#1,2person-pavement_001281,images/2person-pavement_001281.png,1,330.052032,340.277252,404.026917,579.189148,5.332031,3-6
2person-pavement_001299#1,2person-pavement_001299,images/2person-pavement_001299.png,1,343.114838,309.111969,491.932343,719.763123,2.517578,<3
2person-pavement_001305#1,2person-pavement_001305,images/2person-pavement_001305.png,1,305.58197,297.288239,467.364441,719.68573,2.357422,<3
2person-pavement_001312#1,2person-pavement_001312,images/2person-pavement_001312.png,1,361.576996,293.689453,543.266479,718.469055,2.275391,<3
2person-pavement_001325#1,2person-pavement_001325,images/2person-pavement_001325.png,1,485.001251,323.202423,714.301453,720,1.744141,<3
2person-pavement_001338#1,2person-pavement_001338,images/2person-pavement_001338.png,1,434.96109,332.497375,626.92572,719.440247,1.466797,<3
2person-pavement_001344#1,2person-pavement_001344,images/2person-pavement_001344.png,1,405.618805,343.6203,609.409851,719.082825,1.969727,<3
2person-pavement_001350#1,2person-pavement_001350,images/2person-pavement_001350.png,1,475.902954,320.223175,605.965942,696.121643,2.859375,<3
2person-pavement_001368#1,2person-pavement_001368,images/2person-pavement_001368.png,1,358.418404,371.707214,395.078567,442.954685,18.671875,>6
2person-pavement_001368#2,2person-pavement_001368,images/2person-pavement_001368.png,2,646.334351,401.807689,774.033802,666.065918,4.392578,3-6
2person-pavement_001373#1,2person-pavement_001373,images/2person-pavement_001373.png,1,403.180174,363.856284,440.173875,444.667301,18.5625,>6
2person-pavement_001373#2,2person-pavement_001373,images/2person-pavement_001373.png,2,699.349792,403.582672,785.850647,656.208679,4.550781,3-6
2person-pavement_001389#1,2person-pavement_001389,images/2person-pavement_001389.png,1,430.946426,375.64978,459.424255,448.046155,17.382812,>6
2person-pavement_001389#2,2person-pavement_001389,images/2person-pavement_001389.png,2,641.392273,397.293365,740.396729,641.015503,4.683594,3-6
2person-pavement_001395#1,2person-pavement_001395,images/2person-pavement_001395.png,1,484.554474,383.161591,506.0961,445.718292,18.265625,>6
2person-pavement_001395#2,2person-pavement_001395,images/2person-pavement_001395.png,2,699.340942,396.914337,784.481567,646.568542,4.507812,3-6
2person-pavement_001403#1,2person-pavement_001403,images/2person-pavement_001403.png,1,466.371277,384.271088,491.911377,451.253815,17.984375,>6
2person-pavement_001403#2,2person-pavement_001403,images/2person-pavement_001403.png,2,669.106995,414.791473,794.079895,669.326355,4.601562,3-6
2person-pavement_001415#1,2person-pavement_001415,images/2person-pavement_001415.png,1,432.841189,394.235718,479.712136,469.318041,17.859375,>6
2person-pavement_001415#2,2person-pavement_001415,images/2person-pavement_001415.png,2,696.21698,418.363403,804.391357,659.968506,4.867188,3-6
2person-pavement_001422#1,2person-pavement_001422,images/2person-pavement_001422.png,1,465.286445,371.571617,501.126594,452.191476,17.476562,>6
2person-pavement_001422#2,2person-pavement_001422,images/2person-pavement_001422.png,2,746.972534,383.024689,856.026489,623.281921,4.666016,3-6
2person-pavement_001435#1,2person-pavement_001435,images/2person-pavement_001435.png,1,396.163592,372.005923,434.870544,464.850525,,>6
2person-pavement_001435#2,2person-pavement_001435,images/2person-pavement_001435.png,2,759.677185,387.31955,884.11438,630.106873,4.671875,3-6
2person-pavement_001445#1,2person-pavement_001445,images/2person-pavement_001445.png,1,358.646997,369.671374,401.484943,478.803319,,>6
2person-pavement_001445#2,2person-pavement_001445,images/2person-pavement_001445.png,2,829.796326,401.363831,931.159485,642.79248,4.537109,3-6
2person-pavement_001455#1,2person-pavement_001455,images/2person-pavement_001455.png,1,420.727386,382.271301,464.87915,486.762451,,>6
2person-pavement_001467#1,2person-pavement_001467,images/2person-pavement_001467.png,1,444.072327,369.586121,506.82312,500.685516,8.71875,>6
2person-pavement_001479#1,2person-pavement_001479,images/2person-pavement_001479.png,1,473.699982,359.092194,552.251831,547.951904,6.5,>6
2person-pavement_001481#1,2person-pavement_001481,images/2person-pavement_001481.png,1,493.993225,348.872864,563.587097,550.360291,6.171875,>6
2person-pavement_001499#1,2person-pavement_001499,images/2person-pavement_001499.png,1,545.444336,325.814667,770.438843,719.431274,2.486328,<3
2person-pavement_001500#1,2person-pavement_001500,images/2person-pavement_001500.png,1,548.82074,328.039398,797.785095,720,2.298828,<3
2person-pavement_001549#1,2person-pavement_001549,images/2person-pavement_001549.png,1,371.382477,355.183472,512.718018,640.319702,4.324219,3-6
2person-pavement_001549#2,2person-pavement_001549,images/2person-pavement_001549.png,2,537.098694,395.282684,606.899963,527.854492,8.476562,>6
2person-pavement_001557#1,2person-pavement_001557,images/2person-pavement_001557.png,1,405.861603,332.397308,494.417084,634.915466,4.121094,3-6
2person-pavement_001557#2,2person-pavement_001557,images/2person-pavement_001557.png,2,476.057831,368.117981,533.333557,531.865051,6.859375,>6
2person-pavement_001564#1,2person-pavement_001564,images/2person-pavement_001564.png,1,400.559418,328.685669,540.08429,654.028748,3.976562,3-6
2person-pavement_001578#1,2person-pavement_001578,images/2person-pavement_001578.png,1,472.975708,357.414268,536.06604,654.065636,3.953125,3-6
2person-pavement_001578#2,2person-pavement_001578,images/2person-pavement_001578.png,2,514.195923,330.798889,620.81897,687.959534,3.525391,3-6
2person-pavement_001588#1,2person-pavement_001588,images/2person-pavement_001588.png,1,347.668701,358.385376,545.843262,719.726868,2.398438,<3
2person-pavement_001588#2,2person-pavement_001588,images/2person-pavement_001588.png,2,509.400879,327.810608,628.266174,719.456726,2.925781,<3
2person-pavement_001599#1,2person-pavement_001599,images/2person-pavement_001599.png,1,326.294952,319.637421,518.515015,719.435181,2.595703,<3
2person-pavement_001599#2,2person-pavement_001599,images/2person-pavement_001599.png,2,646.011841,351.619934,959.830811,719.09906,0.792969,<3
2person-pavement_001600#1,2person-pavement_001600,images/2person-pavement_001600.png,1,311.249451,310.757629,511.245941,719.138672,2.673828,<3
2person-pavement_001600#2,2person-pavement_001600,images/2person-pavement_001600.png,2,755.033813,390.96817,959.688416,719.133057,0.701416,<3
2person-pavement_001617#1,2person-pavement_001617,images/2person-pavement_001617.png,1,352.380341,314.233246,541.504578,719.286682,2.660156,<3
2person-pavement_001629#1,2person-pavement_001629,images/2person-pavement_001629.png,1,340.623016,281.948639,530.764709,719.578491,2.533203,<3
2person-pavement_001635#1,2person-pavement_001635,images/2person-pavement_001635.png,1,320.086761,281.281219,497.588013,719.132812,2.445312,<3
2person-pavement_001646#1,2person-pavement_001646,images/2person-pavement_001646.png,1,244.131271,267.095551,478.873657,719.146362,2.296875,<3
2person-pavement_001656#1,2person-pavement_001656,images/2person-pavement_001656.png,1,342.480865,275.120575,572.427979,719.731323,2.193359,<3
2person-pavement_001669#1,2person-pavement_001669,images/2person-pavement_001669.png,1,365.352081,223.853119,580.308533,718.903564,2.138672,<3
2person-pavement_001673#1,2person-pavement_001673,images/2person-pavement_001673.png,1,376.610138,249.218903,553.305054,718.308105,2.3125,<3
2person-pavement_001680#1,2person-pavement_001680,images/2person-pavement_001680.png,1,357.272217,270.19931,513.476746,651.48822,3.25,3-6
2person-pavement_001691#1,2person-pavement_001691,images/2person-pavement_001691.png,1,321.518738,275.163574,437.188324,550.14209,4.658203,3-6
2person-pavement_001703#1,2person-pavement_001703,images/2person-pavement_001703.png,1,616.671253,348.484185,724.774292,602.657043,4.570312,3-6
2person-pavement_001718#1,2person-pavement_001718,images/2person-pavement_001718.png,1,524.037292,326.19223,628.952148,626.029541,3.857422,3-6
2person-pavement_001720#1,2person-pavement_001720,images/2person-pavement_001720.png,1,565.932861,323.903778,671.746765,647.827148,3.539062,3-6
2person-pavement_001736#1,2person-pavement_001736,images/2person-pavement_001736.png,1,571.281982,294.471222,770.27002,719.227661,1.583008,<3
2person-pavement_001740#1,2person-pavement_001740,images/2person-pavement_001740.png,1,600.571289,240.125153,959.215576,719.200562,1.108398,<3
2person-pavement_001750#1,2person-pavement_001750,images/2person-pavement_001750.png,1,565.749451,261.95282,875.382263,719.115906,1.09668,<3
2person-pavement_001760#1,2person-pavement_001760,images/2person-pavement_001760.png,1,488.83374,347.41153,668.378967,719.649658,2.326172,<3
2person-pavement_001774#1,2person-pavement_001774,images/2person-pavement_001774.png,1,649.765564,331.895508,736.515625,595.218811,4.453125,3-6
2person-pavement_001787#1,2person-pavement_001787,images/2person-pavement_001787.png,1,561.928406,349.052704,651.993225,550.318115,5.371094,3-6
2person-pavement_001792#1,2person-pavement_001792,images/2person-pavement_001792.png,1,543.238281,381.77417,622.118103,585.890869,5.496094,3-6
2person-pavement_001801#1,2person-pavement_001801,images/2person-pavement_001801.png,1,373.875214,376.14801,454.549377,581.730469,5.566406,3-6
2person-pavement_001812#1,2person-pavement_001812,images/2person-pavement_001812.png,1,322.367889,365.814911,404.306213,573.491455,5.414062,3-6
2person-pavement_001827#1,2person-pavement_001827,images/2person-pavement_001827.png,1,328.949829,376.400574,418.958038,596.744019,5.019531,3-6
2person-pavement_001832#1,2person-pavement_001832,images/2person-pavement_001832.png,1,406.404266,363.290497,515.603149,587.971985,4.359375,3-6
2person-pavement_001845#1,2person-pavement_001845,images/2person-pavement_001845.png,1,426.950684,346.585693,588.212769,655.111633,3.769531,3-6
2person-pavement_001857#1,2person-pavement_001857,images/2person-pavement_001857.png,1,68.098156,324.839447,90.616774,377.305204,19.921875,>6
2person-pavement_001857#2,2person-pavement_001857,images/2person-pavement_001857.png,2,393.435455,332.144897,671.443542,718.805054,2.255859,<3
2person-pavement_001861#1,2person-pavement_001861,images/2person-pavement_001861.png,1,473.889313,342.779938,742.457214,719.400146,1.727051,<3
2person-pavement_001889#1,2person-pavement_001889,images/2person-pavement_001889.png,1,428.850769,342.848389,576.371338,719.595398,2.383789,<3
2person-pavement_001889#2,2person-pavement_001889,images/2person-pavement_001889.png,2,584.875549,337.351776,609.186584,409.318817,17.453125,>6
2person-pavement_001894#1,2person-pavement_001894,images/2person-pavement_001894.png,1,406.341461,300.010254,556.561829,718.57251,2.65625,<3
2person-pavement_001904#1,2person-pavement_001904,images/2person-pavement_001904.png,1,402.138042,343.58847,435.397087,429.534332,,>6
2person-pavement_001904#2,2person-pavement_001904,images/2person-pavement_001904.png,2,495.017578,345.54538,657.418579,718.309998,2.564453,<3
2person-pavement_001911#1,2person-pavement_001911,images/2person-pavement_001911.png,1,394.467205,296.154337,437.508887,405.856689,15.84375,>6
2person-pavement_001911#2,2person-pavement_001911,images/2person-pavement_001911.png,2,683.215942,291.676666,873.527161,719.387939,2.204102,<3
2person-pavement_001929#1,2person-pavement_001929,images/2person-pavement_001929.png,1,462.186951,322.776428,505.785828,447.558502,,>6
2person-pavement_001936#1,2person-pavement_001936,images/2person-pavement_001936.png,1,469.007355,323.743744,517.700317,466.357727,8.53125,>6
2person-pavement_001947#1,2person-pavement_001947,images/2person-pavement_001947.png,1,456.199341,320.257233,528.952454,524.794067,6.113281,>6
2person-pavement_001959#1,2person-pavement_001959,images/2person-pavement_001959.png,1,452.20752,307.385406,603.056213,692.747253,3.435547,3-6
2person-pavement_001969#1,2person-pavement_001969,images/2person-pavement_001969.png,1,576.562378,267.268433,882.433472,719.584167,1.712891,<3
2person-pavement_001970#1,2person-pavement_001970,images/2person-pavement_001970.png,1,612.765869,259.508423,959.612,719.416321,1.535156,<3
2person-pavement_001994#1,2person-pavement_001994,images/2person-pavement_001994.png,1,761.87146,394.812012,959.355103,718.080872,2.154297,<3
2person-pavement_002009#1,2person-pavement_002009,images/2person-pavement_002009.png,1,387.275116,342.207214,520.911621,718.947144,3.324219,3-6
2person-pavement_002009#2,2person-pavement_002009,images/2person-pavement_002009.png,2,561.341003,388.941467,601.798279,505.103851,10.492188,>6
2person-pavement_002009#3,2person-pavement_002009,images/2person-pavement_002009.png,3,674.859253,396.913971,690.102966,435.368134,18.75,>6
2person-pavement_002014#1,2person-pavement_002014,images/2person-pavement_002014.png,1,356.42572,345.353088,484.778534,719.287048,3.294922,3-6
2person-pavement_002014#2,2person-pavement_002014,images/2person-pavement_002014.png,2,512.787956,390.235497,553.877739,507.432702,9.984375,>6
2person-pavement_002014#3,2person-pavement_002014,images/2person-pavement_002014.png,3,604.516367,382.118258,624.134424,438.681997,18.59375,>6
2person-pavement_002029#1,2person-pavement_002029,images/2person-pavement_002029.png,1,328.908783,264.760925,464.377625,659.012085,3.208984,3-6
2person-pavement_002029#2,2person-pavement_002029,images/2person-pavement_002029.png,2,512.310791,312.58548,554.268311,439.846985,8.609375,>6
2person-pavement_002029#3,2person-pavement_002029,images/2person-pavement_002029.png,3,571.500067,316.087297,595.21369,360.688493,18.859375,>6
2person-pavement_002030#1,2person-pavement_002030,images/2person-pavement_002030.png,1,323.019867,266.721954,461.60672,664.366028,3.181641,3-6
2person-pavement_002030#2,2person-pavement_002030,images/2person-pavement_002030.png,2,516.520935,316.768372,556.366699,443.309601,8.539062,>6
2person-pavement_002030#3,2person-pavement_002030,images/2person-pavement_002030.png,3,576.192993,320.460388,593.658203,367.361938,18.117188,>6
2person-pavement_002040#1,2person-pavement_002040,images/2person-pavement_002040.png,1,305.3909,299.492065,434.879883,719.544128,2.988281,<3
2person-pavement_002040#2,2person-pavement_002040,images/2person-pavement_002040.png,2,509.956055,355.697876,555.843567,485.790466,8.109375,>6
2person-pavement_002040#3,2person-pavement_002040,images/2person-pavement_002040.png,3,570.285973,347.251153,598.09062,413.975286,18.359375,>6
2person-pavement_002050#1,2person-pavement_002050,images/2person-pavement_002050.png,1,297.931549,278.748688,443.464722,713.000671,2.816406,<3
2person-pavement_002050#2,2person-pavement_002050,images/2person-pavement_002050.png,2,488.119383,337.33133,552.671093,486.169445,7.398438,>6
2person-pavement_002050#3,2person-pavement_002050,images/2person-pavement_002050.png,3,587.508945,347.297882,634.61203,419.427208,18.546875,>6
2person-pavement_002065#1,2person-pavement_002065,images/2person-pavement_002065.png,1,345.499786,262.479966,518.329529,717.890336,2.521484,<3
2person-pavement_002065#2,2person-pavement_002065,images/2person-pavement_002065.png,2,505.85788,337.541321,576.647888,504.749023,6.361328,>6
2person-pavement_002065#3,2person-pavement_002065,images/2person-pavement_002065.png,3,746.328613,353.717377,776.517578,433.252075,,>6
2person-pavement_002070#1,2person-pavement_002070,images/2person-pavement_002070.png,1,403.845886,286.56427,561.372986,718.700562,2.384766,<3
2person-pavement_002070#2,2person-pavement_002070,images/2person-pavement_002070.png,2,776.697327,388.607025,815.833923,474.209198,,>6
2person-pavement_002087#1,2person-pavement_002087,images/2person-pavement_002087.png,1,115.555992,346.466522,287.197754,689.023621,3.345703,3-6
2person-pavement_002087#2,2person-pavement_002087,images/2person-pavement_002087.png,2,355.181427,269.107727,550.404175,719.122253,2.050781,<3
2person-pavement_002087#3,2person-pavement_002087,images/2person-pavement_002087.png,3,843.812317,361.975372,893.392883,482.534668,,>6
2person-pavement_002093#1,2person-pavement_002093,images/2person-pavement_002093.png,1,2.872261,333.872406,209.819916,719.127869,2.4375,<3
2person-pavement_002093#2,2person-pavement_002093,images/2person-pavement_002093.png,2,441.925781,279.637604,631.281372,719.549194,1.998047,<3
2person-pavement_002107#1,2person-pavement_002107,images/2person-pavement_002107.png,1,243.616653,276.988617,493.494995,719.239319,1.704102,<3
2person-pavement_002110#1,2person-pavement_002110,images/2person-pavement_002110.png,1,198.303131,289.126831,464.600555,719.387146,1.637695,<3
2person-pavement_002122#1,2person-pavement_002122,images/2person-pavement_002122.png,1,348.474884,255.473984,640.780762,719.149536,1.311523,<3
2person-pavement_002132#1,2person-pavement_002132,images/2person-pavement_002132.png,1,545.827148,251.638275,959.482239,719.090393,0.89502,<3
2person-pavement_002159#1,2person-pavement_002159,images/2person-pavement_002159.png,1,243.639907,342.918595,423.831344,719.618546,2.056641,<3
2person-pavement_002159#2,2person-pavement_002159,images/2person-pavement_002159.png,2,752.066262,429.192843,808.800591,569.914178,,>6
2person-pavement_002162#1,2person-pavement_002162,images/2person-pavement_002162.png,1,251.389114,319.413269,376.456909,718.586853,2.388672,<3
2person-pavement_002162#2,2person-pavement_002162,images/2person-pavement_002162.png,2,777.984628,414.149223,828.110862,545.70188,,>6
2person-pavement_002179#1,2person-pavement_002179,images/2person-pavement_002179.png,1,149.447845,290.199066,340.272491,719.27417,2.611328,<3
2person-pavement_002179#2,2person-pavement_002179,images/2person-pavement_002179.png,2,850.287048,399.281708,893.650085,501.789093,,>6
2person-pavement_002184#1,2person-pavement_002184,images/2person-pavement_002184.png,1,60.545677,242.041306,281.218597,718.576111,2.242188,<3
2person-pavement_002184#2,2person-pavement_002184,images/2person-pavement_002184.png,2,749.314148,373.415894,780.152222,462.074188,,>6
2person-pavement_002193#1,2person-pavement_002193,images/2person-pavement_002193.png,1,0.689734,192.323625,266.676101,717.855729,1.492188,<3
2person-pavement_002193#2,2person-pavement_002193,images/2person-pavement_002193.png,2,578.77356,374.069275,609.875854,456.406311,,>6
2person-pavement_002205#1,2person-pavement_002205,images/2person-pavement_002205.png,1,184.150452,116.012695,614.714539,718.896606,0.661133,<3
2person-pavement_002219#1,2person-pavement_002219,images/2person-pavement_002219.png,1,475.802399,136.906738,739.159485,719.703979,1.516602,<3
2person-pavement_002224#1,2person-pavement_002224,images/2person-pavement_002224.png,1,480.228058,187.784821,781.011536,718.761536,1.645508,<3
2person-pavement_002236#1,2person-pavement_002236,images/2person-pavement_002236.png,1,345.465115,320.71622,421.526718,499.811693,7.445312,>6
2person-pavement_002236#2,2person-pavement_002236,images/2person-pavement_002236.png,2,440.153046,239.634338,726.235168,718.53833,1.731445,<3
2person-pavement_002242#1,2person-pavement_002242,images/2person-pavement_002242.png,1,320.684906,300.24765,382.296021,469.178192,5.976562,3-6
2person-pavement_002242#2,2person-pavement_002242,images/2person-pavement_002242.png,2,527.10907,213.507401,768.281494,718.778687,1.699219,<3
2person-pavement_002254#1,2person-pavement_002254,images/2person-pavement_002254.png,1,270.117035,278.172638,341.179993,478.130402,5.462891,3-6
2person-pavement_002254#2,2person-pavement_002254,images/2person-pavement_002254.png,2,737.206604,193.264771,959.355652,718.395874,1.555176,<3
2person-pavement_002267#1,2person-pavement_002267,images/2person-pavement_002267.png,1,338.965332,297.4617,411.294281,508.006714,5.111328,3-6
2person-pavement_002270#1,2person-pavement_002270,images/2person-pavement_002270.png,1,314.853455,322.172424,385.760468,544.014038,4.972656,3-6
2person-pavement_002288#1,2person-pavement_002288,images/2person-pavement_002288.png,1,250.171524,302.560089,361.270569,573.172913,3.287109,3-6
2person-pavement_002290#1,2person-pavement_002290,images/2person-pavement_002290.png,1,287.973267,318.253876,394.635864,597.664551,3.626953,3-6
2person-pavement_002309#1,2person-pavement_002309,images/2person-pavement_002309.png,1,187.082138,298.476593,408.179535,719.360229,2.335938,<3
2person-pavement_002311#1,2person-pavement_002311,images/2person-pavement_002311.png,1,166.415161,274.477753,390.862549,719.54541,2.283203,<3
2person-pavement_002326#1,2person-pavement_002326,images/2person-pavement_002326.png,1,88.098236,268.523865,279.85022,719.445251,2.152344,<3
2person-pavement_002326#2,2person-pavement_002326,images/2person-pavement_002326.png,2,758.514404,281.204132,863.272705,587.691833,3.894531,3-6
2person-pavement_002336#1,2person-pavement_002336,images/2person-pavement_002336.png,1,151.465057,315.563873,279.22049,708.72821,3.019531,3-6
2person-pavement_002336#2,2person-pavement_002336,images/2person-pavement_002336.png,2,750.442383,335.280792,830.22876,552.233093,5.746094,3-6
2person-pavement_002340#1,2person-pavement_002340,images/2person-pavement_002340.png,1,208.526871,305.50766,316.752869,614.096497,3.580078,3-6
2person-pavement_002340#2,2person-pavement_002340,images/2person-pavement_002340.png,2,760.405334,305.146973,843.145935,497.533539,,>6
2person-pavement_002352#1,2person-pavement_002352,images/2person-pavement_002352.png,1,230.09761,279.322906,310.448944,491.801788,5.244141,3-6
2person-pavement_002352#2,2person-pavement_002352,images/2person-pavement_002352.png,2,705.424255,278.885193,764.833374,426.275116,8.695312,>6
2person-pavement_002377#1,2person-pavement_002377,images/2person-pavement_002377.png,1,354.650629,427.917558,420.722367,600.919527,,>6
2person-pavement_002377#2,2person-pavement_002377,images/2person-pavement_002377.png,2,682.76232,435.813368,744.819,564.62444,,>6
2person-pavement_002386#1,2person-pavement_002386,images/2person-pavement_002386.png,1,339.901245,418.850372,391.042969,585.912292,6.488281,>6
2person-pavement_002386#2,2person-pavement_002386,images/2person-pavement_002386.png,2,646.810147,421.769369,702.596985,551.588746,10.667969,>6
2person-pavement_002395#1,2person-pavement_002395,images/2person-pavement_002395.png,1,320.988678,418.750122,386.635284,602.704285,5.71875,3-6
2person-pavement_002395#2,2person-pavement_002395,images/2person-pavement_002395.png,2,645.570374,430.220292,696.061157,549.177506,,>6
2person-pavement_002409#1,2person-pavement_002409,images/2person-pavement_002409.png,1,338.299996,415.986025,435.605355,651.226534,6.466797,>6
2person-pavement_002409#2,2person-pavement_002409,images/2person-pavement_002409.png,2,642.411493,421.830235,702.581938,580.521468,8.078125,>6
2person-pavement_002417#1,2person-pavement_002417,images/2person-pavement_002417.png,1,344.858002,383.942963,439.636871,661.398621,3.914062,3-6
2person-pavement_002417#2,2person-pavement_002417,images/2person-pavement_002417.png,2,650.027649,381.491394,723.853943,540.842224,7.882812,>6
2person-pavement_002427#1,2person-pavement_002427,images/2person-pavement_002427.png,1,222.386948,365.526459,371.875885,719.495911,2.646484,<3
2person-pavement_002427#2,2person-pavement_002427,images/2person-pavement_002427.png,2,635.872253,373.727692,715.129456,573.282532,5.972656,3-6
2person-pavement_002430#1,2person-pavement_002430,images/2person-pavement_002430.png,1,193.414856,369.376648,351.15509,719.42749,2.238281,<3
2person-pavement_002430#2,2person-pavement_002430,images/2person-pavement_002430.png,2,666.33197,360.057129,754.821899,587.040527,5.640625,3-6
2person-pavement_002454#1,2person-pavement_002454,images/2person-pavement_002454.png,1,738.684998,326.131714,958.232483,719.540466,1.679199,<3
2person-pavement_002467#1,2person-pavement_002467,images/2person-pavement_002467.png,1,723.37738,322.374298,959.25824,719.120972,0.959229,<3
2person-pavement_002470#1,2person-pavement_002470,images/2person-pavement_002470.png,1,503.523193,346.394958,760.34314,719.487732,1.097656,<3
2person-pavement_002488#1,2person-pavement_002488,images/2person-pavement_002488.png,1,487.204285,336.193268,605.677551,712.830017,3.285156,3-6
2person-pavement_002498#1,2person-pavement_002498,images/2person-pavement_002498.png,1,463.06366,353.575653,587.851868,694.728149,3.546875,3-6
2person-pavement_002506#1,2person-pavement_002506,images/2person-pavement_002506.png,1,355.377136,370.854553,489.499237,717.248352,3.517578,3-6
2person-pavement_002519#1,2person-pavement_002519,images/2person-pavement_002519.png,1,284.060699,376.475067,453.011017,719.647156,3.000977,3-6
2person-pavement_002519#2,2person-pavement_002519,images/2person-pavement_002519.png,2,803.586365,455.957825,896.443909,672.587158,,3-6
2person-pavement_002527#1,2person-pavement_002527,images/2person-pavement_002527.png,1,281.070221,369.377716,421.72406,718.512268,2.775391,<3
2person-pavement_002527#2,2person-pavement_002527,images/2person-pavement_002527.png,2,645.68927,419.812958,735.240479,634.28064,3.945312,3-6
2person-pavement_002538#1,2person-pavement_002538,images/2person-pavement_002538.png,1,305.477081,379.565826,460.725677,719.477417,2.520508,<3
2person-pavement_002538#2,2person-pavement_002538,images/2person-pavement_002538.png,2,655.104736,437.367828,733.876526,655.94989,4.574219,3-6
2person-pavement_002549#1,2person-pavement_002549,images/2person-pavement_002549.png,1,235.575073,370.787689,398.540314,719.46405,2.4375,<3
2person-pavement_002549#2,2person-pavement_002549,images/2person-pavement_002549.png,2,647.523254,434.906708,749.275635,652.364014,4.9375,3-6
2person-pavement_002554#1,2person-pavement_002554,images/2person-pavement_002554.png,1,285.426392,372.745514,455.551514,719.489929,2.743164,<3
2person-pavement_002554#2,2person-pavement_002554,images/2person-pavement_002554.png,2,686.295227,433.198883,779.493896,645.517151,4.054688,3-6
2person-pavement_002560#1,2person-pavement_002560,images/2person-pavement_002560.png,1,353.388672,382.000092,461.200653,719.778809,2.974609,<3
2person-pavement_002560#2,2person-pavement_002560,images/2person-pavement_002560.png,2,734.770386,438.293335,846.179626,644.45874,4.523438,3-6
2person-pavement_002579#1,2person-pavement_002579,images/2person-pavement_002579.png,1,521.093872,371.592407,636.795105,668.910095,4.222656,3-6
2person-pavement_002579#2,2person-pavement_002579,images/2person-pavement_002579.png,2,836.118713,437.368286,954.65387,636.291382,6.945312,>6
2person-pavement_002588#1,2person-pavement_002588,images/2person-pavement_002588.png,1,649.792297,377.119537,788.54248,677.215454,4.126953,3-6
2person-pavement_002590#1,2person-pavement_002590,images/2person-pavement_002590.png,1,713.053772,366.625214,848.038757,658.145569,4.15625,3-6
2person-pavement_002606#1,2person-pavement_002606,images/2person-pavement_002606.png,1,541.444031,368.733246,606.794373,583.543701,5.662109,3-6
2person-pavement_002606#2,2person-pavement_002606,images/2person-pavement_002606.png,2,665.069519,394.045258,737.345398,606.402344,5.601562,3-6
2person-pavement_002610#1,2person-pavement_002610,images/2person-pavement_002610.png,1,501.414276,343.24173,578.962891,551.180847,6.050781,>6
2person-pavement_002610#2,2person-pavement_002610,images/2person-pavement_002610.png,2,588.92688,372.717499,663.030945,565.062805,5.761719,3-6
2person-pavement_002628#1,2person-pavement_002628,images/2person-pavement_002628.png,1,463.037564,351.737614,537.807675,590.955754,6.359375,>6
2person-pavement_002628#2,2person-pavement_002628,images/2person-pavement_002628.png,2,483.636587,362.50712,617.021597,711.676767,3.410156,3-6
2person-pavement_002638#1,2person-pavement_002638,images/2person-pavement_002638.png,1,408.65863,354.212585,601.751587,719.714905,2.035156,<3
2person-pavement_002638#2,2person-pavement_002638,images/2person-pavement_002638.png,2,548.611084,324.092529,621.037109,635.996216,3.927734,3-6
2person-pavement_002646#1,2person-pavement_002646,images/2person-pavement_002646.png,1,253.214951,336.309082,482.107086,719.184448,1.180664,<3
2person-pavement_002646#2,2person-pavement_002646,images/2person-pavement_002646.png,2,553.913147,323.618713,717.135559,719.049988,2.925781,<3
2person-pavement_002652#1,2person-pavement_002652,images/2person-pavement_002652.png,1,0.302582,337.481873,309.718872,719.373779,0.916992,<3
2person-pavement_002652#2,2person-pavement_002652,images/2person-pavement_002652.png,2,519.563416,334.619385,711.093384,718.871704,2.382812,<3
2person-pavement_002662#1,2person-pavement_002662,images/2person-pavement_002662.png,1,0.68882,352.151001,198.57074,719.437866,0.851562,<3
2person-pavement_002662#2,2person-pavement_002662,images/2person-pavement_002662.png,2,471.518372,323.02121,727.543274,719.308472,1.729492,<3
2person-pavement_002678#1,2person-pavement_002678,images/2person-pavement_002678.png,1,371.060089,337.51355,509.343933,719.606689,2.888672,<3
2person-pavement_002678#2,2person-pavement_002678,images/2person-pavement_002678.png,2,501.149963,381.382599,691.070251,719.528015,1.756836,<3
2person-pavement_002683#1,2person-pavement_002683,images/2person-pavement_002683.png,1,335.174011,347.832916,480.108398,697.333435,3.628906,3-6
2person-pavement_002683#2,2person-pavement_002683,images/2person-pavement_002683.png,2,570.674011,403.039398,776.553772,719.434387,2.402344,<3
2person-pavement_002694#1,2person-pavement_002694,images/2person-pavement_002694.png,1,339.359528,334.793793,427.827026,561.540771,5.359375,3-6
2person-pavement_002694#2,2person-pavement_002694,images/2person-pavement_002694.png,2,643.213806,368.382111,749.492432,630.304504,4.160156,3-6
2person-pavement_002702#1,2person-pavement_002702,images/2person-pavement_002702.png,1,397.151581,351.233124,474.9552,540.885071,6.464844,>6
2person-pavement_002702#2,2person-pavement_002702,images/2person-pavement_002702.png,2,709.354126,380.854218,799.477173,605.181885,5.003906,3-6
2person-pavement_002713#1,2person-pavement_002713,images/2person-pavement_002713.png,1,315.987885,369.776184,391.784485,543.559387,7.076172,>6
2person-pavement_002713#2,2person-pavement_002713,images/2person-pavement_002713.png,2,651.915894,396.024994,729.645508,586.994934,6.003906,>6
2person-pavement_002722#1,2person-pavement_002722,images/2person-pavement_002722.png,1,164.266205,345.592163,233.639603,526.97937,6.808594,>6
2person-pavement_002722#2,2person-pavement_002722,images/2person-pavement_002722.png,2,494.744873,376.841583,580.870239,549.851318,6.585938,>6
2person-pavement_002733#1,2person-pavement_002733,images/2person-pavement_002733.png,1,165.113617,335.65329,230.962097,503.844727,7.28125,>6
2person-pavement_002733#2,2person-pavement_002733,images/2person-pavement_002733.png,2,486.798431,362.045654,551.117126,516.028076,7.058594,>6
2person-pavement_002744#1,2person-pavement_002744,images/2person-pavement_002744.png,1,200.091064,356.860779,266.755859,528.477356,7.328125,>6
2person-pavement_002744#2,2person-pavement_002744,images/2person-pavement_002744.png,2,530.046997,382.37265,598.252441,549.242859,6.847656,>6
2person-pavement_002749#1,2person-pavement_002749,images/2person-pavement_002749.png,1,187.199005,385.180756,269.30249,563.983582,7.183594,>6
2person-pavement_002749#2,2person-pavement_002749,images/2person-pavement_002749.png,2,538.920044,428.641296,603.177979,604.673767,6.507812,>6
2person-pavement_002760#1,2person-pavement_002760,images/2person-pavement_002760.png,1,194.58197,377.614502,282.393219,567.762756,6.494141,>6
2person-pavement_002760#2,2person-pavement_002760,images/2person-pavement_002760.png,2,529.216736,418.364502,602.071899,610.010803,5.992188,3-6
2person-pavement_002772#1,2person-pavement_002772,images/2person-pavement_002772.png,1,194.288727,354.01355,272.44986,558.962769,7.40625,>6
2person-pavement_002772#2,2person-pavement_002772,images/2person-pavement_002772.png,2,466.47757,395.698151,546.428162,608.058167,5.34375,3-6
2person-pavement_002785#1,2person-pavement_002785,images/2person-pavement_002785.png,1,259.081604,336.683044,327.587677,593.621765,4.773438,3-6
2person-pavement_002785#2,2person-pavement_002785,images/2person-pavement_002785.png,2,467.329102,379.660278,572.471375,634.187134,4.578125,3-6
2person-pavement_002797#1,2person-pavement_002797,images/2person-pavement_002797.png,1,273.413666,286.144714,419.660645,672.665955,3.205078,3-6
2person-pavement_002797#2,2person-pavement_002797,images/2person-pavement_002797.png,2,542.033936,354.727661,670.373718,634.009827,4.132812,3-6
2person-pavement_002808#1,2person-pavement_002808,images/2person-pavement_002808.png,1,88.724716,255.128372,245.210312,720,1.790039,<3
2person-pavement_002808#2,2person-pavement_002808,images/2person-pavement_002808.png,2,600.584656,362.971985,727.401123,669.889893,3.71875,3-6
2person-pavement_002809#1,2person-pavement_002809,images/2person-pavement_002809.png,1,0.605833,238.698349,191.694824,719.438416,1.735352,<3
2person-pavement_002809#2,2person-pavement_002809,images/2person-pavement_002809.png,2,604.348999,368.233063,706.538086,670.210205,3.648438,3-6
2person-pavement_002828#1,2person-pavement_002828,images/2person-pavement_002828.png,1,433.948334,359.165009,603.554871,719.481262,2.244141,<3
2person-pavement_002838#1,2person-pavement_002838,images/2person-pavement_002838.png,1,432.166718,339.181824,629.86676,719.43042,1.37793,<3
2person-pavement_002846#1,2person-pavement_002846,images/2person-pavement_002846.png,1,292.666473,303.16922,560.158081,719.427612,1.100586,<3
2person-pavement_002858#1,2person-pavement_002858,images/2person-pavement_002858.png,1,258.390564,296.759491,353.10553,522.351257,5.558594,3-6
2person-pavement_002858#2,2person-pavement_002858,images/2person-pavement_002858.png,2,766.130981,357.314209,959.200378,719.182434,1.775391,<3
2person-pavement_002866#1,2person-pavement_002866,images/2person-pavement_002866.png,1,321.491669,269.773041,376.786407,455.411499,6.394531,>6
2person-pavement_002866#2,2person-pavement_002866,images/2person-pavement_002866.png,2,685.105042,318.981689,852.119934,719.75708,2.775391,<3
2person-pavement_002873#1,2person-pavement_002873,images/2person-pavement_002873.png,1,263.09317,263.83493,330.823517,451.298431,6.609375,>6
2person-pavement_002873#2,2person-pavement_002873,images/2person-pavement_002873.png,2,601.971497,307.887177,725.358765,629.59082,3.40625,3-6
2person-pavement_002885#1,2person-pavement_002885,images/2person-pavement_002885.png,1,287.567902,306.873413,357.496887,515.214905,5.990234,3-6
2person-pavement_002885#2,2person-pavement_002885,images/2person-pavement_002885.png,2,611.266907,346.388275,730.865356,670.45752,3.476562,3-6
2person-pavement_002893#1,2person-pavement_002893,images/2person-pavement_002893.png,1,255.726746,324.698181,363.79184,558.527588,5.398438,3-6
2person-pavement_002893#2,2person-pavement_002893,images/2person-pavement_002893.png,2,587.098877,363.79892,708.966003,718.783081,3.283203,3-6
2person-pavement_002904#1,2person-pavement_002904,images/2person-pavement_002904.png,1,302.914429,323.154144,393.349437,613.61456,4.222656,3-6
2person-pavement_002904#2,2person-pavement_002904,images/2person-pavement_002904.png,2,570.254333,366.214874,697.663513,719.604553,2.849609,<3
2person-pavement_002910#1,2person-pavement_002910,images/2person-pavement_002910.png,1,360.257294,313.998566,466.454163,673.238159,3.511719,3-6
2person-pavement_002910#2,2person-pavement_002910,images/2person-pavement_002910.png,2,567.269165,356.888947,714.069763,719.445923,2.517578,<3
2person-pavement_002919#1,2person-pavement_002919,images/2person-pavement_002919.png,1,396.858852,282.197659,548.436289,719.933708,2.089844,<3
2person-pavement_002919#2,2person-pavement_002919,images/2person-pavement_002919.png,2,568.084666,351.903015,721.808482,720,2.205078,<3
2person-pavement_002932#1,2person-pavement_002932,images/2person-pavement_002932.png,1,380.791168,308.524231,536.412048,719.081116,1.955078,<3
2person-pavement_002947#1,2person-pavement_002947,images/2person-pavement_002947.png,1,396.163513,286.164795,561.55957,718.899414,1.712402,<3
2person-pavement_002952#1,2person-pavement_002952,images/2person-pavement_002952.png,1,398.245789,320.688599,655.6828,719.53717,1.769531,<3
2person-pavement_002964#1,2person-pavement_002964,images/2person-pavement_002964.png,1,328.530182,320.232788,589.579468,719.464478,1.805664,<3
2person-pavement_002976#1,2person-pavement_002976,images/2person-pavement_002976.png,1,415.981384,324.860107,647.017151,719.70105,1.801758,<3
2person-pavement_002983#1,2person-pavement_002983,images/2person-pavement_002983.png,1,378.606415,323.637756,590.376892,719.472656,1.817383,<3
2person-pavement_002990#1,2person-pavement_002990,images/2person-pavement_002990.png,1,443.461121,304.70755,612.162781,719.671204,2.224609,<3
2person-pavement_003001#1,2person-pavement_003001,images/2person-pavement_003001.png,1,439.746735,323.739716,576.623901,662.29657,3.263672,3-6
2person-pavement_003018#1,2person-pavement_003018,images/2person-pavement_003018.png,1,402.001099,335.78421,482.021118,570.621155,4.796875,3-6
2person-pavement_003019#1,2person-pavement_003019,images/2person-pavement_003019.png,1,388.807892,336.466278,473.616852,570.483093,4.914062,3-6
2person-pavement_003029#1,2person-pavement_003029,images/2person-pavement_003029.png,1,360.152344,348.732239,429.899414,546.334778,5.617188,3-6
3people-garage_000009#1,3people-garage_000009,images/3people-garage_000009.png,1,263.700012,302.734253,381.37558,718.673218,3.042969,3-6
3people-garage_000013#1,3people-garage_000013,images/3people-garage_000013.png,1,291.481415,312.369629,431.789154,700.710876,3.255859,3-6
3people-garage_000022#1,3people-garage_000022,images/3people-garage_000022.png,1,350.284119,321.853729,467.027252,651.536011,3.814453,3-6
3people-garage_000039#1,3people-garage_000039,images/3people-garage_000039.png,1,404.132523,334.703007,497.607634,588.18222,4.914062,3-6
3people-garage_000039#2,3people-garage_000039,images/3people-garage_000039.png,2,816.181641,188.72438,959.309326,719.219788,1.041016,<3
3people-garage_000048#1,3people-garage_000048,images/3people-garage_000048.png,1,436.779785,339.203827,529.172119,568.518066,5.503906,3-6
3people-garage_000048#2,3people-garage_000048,images/3people-garage_000048.png,2,614.907593,274.382446,814.162598,719.476685,2.091797,<3
3people-garage_000055#1,3people-garage_000055,images/3people-garage_000055.png,1,5.692039,286.686401,238.445343,719.571777,1.270508,<3
3people-garage_000055#2,3people-garage_000055,images/3people-garage_000055.png,2,478.749786,339.732605,546.885132,555.397522,5.820312,3-6
3people-garage_000055#3,3people-garage_000055,images/3people-garage_000055.png,3,535.704956,305.5383,689.524536,719.548157,2.716797,<3
3people-garage_000060#1,3people-garage_000060,images/3people-garage_000060.png,1,188.040436,299.364075,447.560608,719.465759,1.620117,<3
3people-garage_000060#2,3people-garage_000060,images/3people-garage_000060.png,2,487.298748,335.494108,556.056574,535.253207,6.296875,>6
3people-garage_000060#3,3people-garage_000060,images/3people-garage_000060.png,3,498.960137,316.647455,626.96035,715.357232,3.257812,3-6
3people-garage_000079#1,3people-garage_000079,images/3people-garage_000079.png,1,403.796722,346.351624,468.930084,573.623108,5.246094,3-6
3people-garage_000079#2,3people-garage_000079,images/3people-garage_000079.png,2,443.261078,347.034241,553.665039,713.528076,3.214844,3-6
3people-garage_000079#3,3people-garage_000079,images/3people-garage_000079.png,3,557.704529,348.050537,624.104919,521.357849,7.34375,>6
3people-garage_000085#1,3people-garage_000085,images/3people-garage_000085.png,1,393.638397,350.690369,459.140167,566.209412,5.816406,3-6
3people-garage_000085#2,3people-garage_000085,images/3people-garage_000085.png,2,443.124695,354.525818,539.689575,661.841858,3.81543,3-6
3people-garage_000085#3,3people-garage_000085,images/3people-garage_000085.png,3,564.390198,343.957703,622.861633,514.047485,7.371094,>6
3people-garage_000090#1,3people-garage_000090,images/3people-garage_000090.png,1,400.922424,350.490051,455.069458,539.411682,6.441406,>6
3people-garage_000090#2,3people-garage_000090,images/3people-garage_000090.png,2,423.597499,375.91874,517.990234,629.440796,4.207031,3-6
3people-garage_000090#3,3people-garage_000090,images/3people-garage_000090.png,3,574.248474,360.184845,618.259094,512.304077,7.419922,>6
3people-garage_000108#1,3people-garage_000108,images/3people-garage_000108.png,1,335.363098,355.429504,388.498749,501.943726,8.25,>6
3people-garage_000108#2,3people-garage_000108,images/3people-garage_000108.png,2,403.61554,360.967621,465.621277,562.08075,5.816406,3-6
3people-garage_000108#3,3people-garage_000108,images/3people-garage_000108.png,3,526.909607,350.844727,590.655029,527.134644,6.964844,>6
3people-garage_000116#1,3people-garage_000116,images/3people-garage_000116.png,1,282.255341,356.305115,344.574646,498.415833,8.6875,>6
3people-garage_000116#2,3people-garage_000116,images/3people-garage_000116.png,2,393.846771,361.858154,452.389893,540.77533,6.507812,>6
3people-garage_000116#3,3people-garage_000116,images/3people-garage_000116.png,3,486.991974,348.14621,561.346619,537.895996,6.648438,>6
3people-garage_000124#1,3people-garage_000124,images/3people-garage_000124.png,1,226.332916,360.613403,285.164062,494.278931,9.1875,>6
3people-garage_000124#2,3people-garage_000124,images/3people-garage_000124.png,2,384.240143,372.172913,437.105164,526.833679,7.273438,>6
3people-garage_000124#3,3people-garage_000124,images/3people-garage_000124.png,3,443.260529,345.917175,502.855682,545.612366,6.378906,>6
3people-garage_000139#1,3people-garage_000139,images/3people-garage_000139.png,1,177.316147,358.985687,232.298645,493.839111,9.785156,>6
3people-garage_000139#2,3people-garage_000139,images/3people-garage_000139.png,2,334.06781,347.415161,384.332642,544.02417,6.261719,>6
3people-garage_000139#3,3people-garage_000139,images/3people-garage_000139.png,3,410.078888,364.855194,459.085785,502.230103,8.800781,>6
3people-garage_000143#1,3people-garage_000143,images/3people-garage_000143.png,1,179.606735,357.283356,230.815475,492.527435,9.445312,>6
3people-garage_000143#2,3people-garage_000143,images/3people-garage_000143.png,2,295.454987,346.194855,375.411346,547.376953,6.027344,>6
3people-garage_000143#3,3people-garage_000143,images/3people-garage_000143.png,3,433.054352,369.610504,483.370087,497.072784,8.679688,>6
3people-garage_000152#1,3people-garage_000152,images/3people-garage_000152.png,1,154.73157,358.243744,204.897875,495.733154,9.085938,>6
3people-garage_000152#2,3people-garage_000152,images/3people-garage_000152.png,2,232.490799,346.678925,294.296478,548.344788,6.136719,>6
3people-garage_000152#3,3people-garage_000152,images/3people-garage_000152.png,3,494.069763,368.658722,530.274902,494.183746,9.046875,>6
3people-garage_000162#1,3people-garage_000162,images/3people-garage_000162.png,1,188.37233,350.1539,253.324051,534.349915,6.8125,>6
3people-garage_000162#2,3people-garage_000162,images/3people-garage_000162.png,2,545.114685,373.628632,596.048523,499.89212,8.796875,>6
3people-garage_000172#1,3people-garage_000172,images/3people-garage_000172.png,1,192.702484,353.988007,252.939148,515.86908,7.505859,>6
3people-garage_000172#2,3people-garage_000172,images/3people-garage_000172.png,2,592.182312,372.171844,636.144836,512.964478,7.744141,>6
3people-garage_000182#1,3people-garage_000182,images/3people-garage_000182.png,1,215.855255,359.595978,268.166931,499.947784,8.664062,>6
3people-garage_000182#2,3people-garage_000182,images/3people-garage_000182.png,2,662.559692,365.558807,719.139648,525.646057,7.328125,>6
3people-garage_000190#1,3people-garage_000190,images/3people-garage_000190.png,1,227.535797,358.993591,285.11972,494.937042,9.171875,>6
3people-garage_000190#2,3people-garage_000190,images/3people-garage_000190.png,2,719.971985,369.278412,803.795288,531.009033,6.632812,>6
3people-garage_000206#1,3people-garage_000206,images/3people-garage_000206.png,1,266.421417,357.28894,328.208527,509.408661,8.171875,>6
3people-garage_000206#2,3people-garage_000206,images/3people-garage_000206.png,2,873.91095,368.462341,943.533192,534.960857,6.628906,>6
3people-garage_000212#1,3people-garage_000212,images/3people-garage_000212.png,1,291.179932,355.183533,347.991699,521.414368,7.914062,>6
3people-garage_000212#2,3people-garage_000212,images/3people-garage_000212.png,2,901.342163,362.296448,959.729004,531.567932,6.376953,>6
3people-garage_000224#1,3people-garage_000224,images/3people-garage_000224.png,1,335.777069,351.583679,397.09726,532.744019,6.861328,>6
3people-garage_000224#2,3people-garage_000224,images/3people-garage_000224.png,2,912.341492,361.832916,959.718933,520.474487,7.1875,>6
3people-garage_000235#1,3people-garage_000235,images/3people-garage_000235.png,1,375.354919,346.684021,444.774628,557.531616,6.019531,>6
3people-garage_000235#2,3people-garage_000235,images/3people-garage_000235.png,2,848.334595,366.748749,916.563171,508.136017,7.894531,>6
3people-garage_000245#1,3people-garage_000245,images/3people-garage_000245.png,1,0.173538,220.192383,231.557556,719.800964,1.37793,<3
3people-garage_000245#2,3people-garage_000245,images/3people-garage_000245.png,2,416.025146,341.306213,499.969757,577.518127,5.255859,3-6
3people-garage_000245#3,3people-garage_000245,images/3people-garage_000245.png,3,774.925598,369.132904,822.606995,502.435181,8.0625,>6
3people-garage_000250#1,3people-garage_000250,images/3people-garage_000250.png,1,256.530701,235.720596,503.853149,719.368652,1.232422,<3
3people-garage_000250#2,3people-garage_000250,images/3people-garage_000250.png,2,440.256683,337.203369,541.933472,595.898682,4.914062,3-6
3people-garage_000250#3,3people-garage_000250,images/3people-garage_000250.png,3,740.440796,365.960754,778.830505,503.809967,8.300781,>6
3people-garage_000268#1,3people-garage_000268,images/3people-garage_000268.png,1,549.054993,312.447601,678.662537,707.957031,3.333984,3-6
3people-garage_000273#1,3people-garage_000273,images/3people-garage_000273.png,1,587.835449,302.142303,776.668091,718.909607,2.833984,<3
3people-garage_000285#1,3people-garage_000285,images/3people-garage_000285.png,1,506.324158,367.229919,554.46167,519.251465,7.339844,>6
3people-garage_000285#2,3people-garage_000285,images/3people-garage_000285.png,2,829.02887,258.189423,959.295227,719.273865,1.917969,<3
3people-garage_000295#1,3people-garage_000295,images/3people-garage_000295.png,1,422.311646,366.995178,497.782959,533.25769,6.792969,>6
3people-garage_000308#1,3people-garage_000308,images/3people-garage_000308.png,1,328.798859,372.933014,405.717621,548.864197,6.492188,>6
3people-garage_000308#2,3people-garage_000308,images/3people-garage_000308.png,2,347.949371,199.636871,650.525024,719.126831,1.147461,<3
3people-garage_000308#3,3people-garage_000308,images/3people-garage_000308.png,3,839.992126,336.086884,952.618469,594.092712,4.835938,3-6
3people-garage_000316#1,3people-garage_000316,images/3people-garage_000316.png,1,0.455177,167.455261,223.988678,718.626038,1.078125,<3
3people-garage_000316#2,3people-garage_000316,images/3people-garage_000316.png,2,279.702789,364.461212,338.124329,540.701233,6.382812,>6
3people-garage_000316#3,3people-garage_000316,images/3people-garage_000316.png,3,750.307495,342.415507,885.861553,562.809998,5.5625,3-6
3people-garage_000320#1,3people-garage_000320,images/3people-garage_000320.png,1,276.363831,365.423096,341.041077,537.079163,6.78125,>6
3people-garage_000320#2,3people-garage_000320,images/3people-garage_000320.png,2,719.577759,345.243134,785.679565,547.443237,5.816406,3-6
3people-garage_000338#1,3people-garage_000338,images/3people-garage_000338.png,1,370.370392,371.876251,429.961334,512.265747,7.976562,>6
3people-garage_000338#2,3people-garage_000338,images/3people-garage_000338.png,2,521.009766,350.843872,585.212646,525.351257,6.699219,>6
3people-garage_000349#1,3people-garage_000349,images/3people-garage_000349.png,1,405.695435,358.318939,474.778198,516.956543,7.738281,>6
3people-garage_000349#2,3people-garage_000349,images/3people-garage_000349.png,2,457.641724,370.805145,518.949829,504.511597,8.507812,>6
3people-garage_000353#1,3people-garage_000353,images/3people-garage_000353.png,1,379.219208,355.250153,425.733032,509.59726,7.855469,>6
3people-garage_000353#2,3people-garage_000353,images/3people-garage_000353.png,2,494.799805,369.953644,532.219788,506.458588,8.28125,>6
3people-garage_000368#1,3people-garage_000368,images/3people-garage_000368.png,1,49.807529,310.029999,217.943939,692.904236,3.246094,3-6
3people-garage_000368#2,3people-garage_000368,images/3people-garage_000368.png,2,288.377289,354.003571,343.48233,497.822479,8.367188,>6
3people-garage_000368#3,3people-garage_000368,images/3people-garage_000368.png,3,617.110291,376.61554,659.427124,516.956787,7.96875,>6
3people-garage_000371#1,3people-garage_000371,images/3people-garage_000371.png,1,118.567314,319.65921,303.97464,689.859985,3.441406,3-6
3people-garage_000371#2,3people-garage_000371,images/3people-garage_000371.png,2,294.000397,354.496826,339.105499,495.694061,8.445312,>6
3people-garage_000371#3,3people-garage_000371,images/3people-garage_000371.png,3,634.484314,375.806061,707.948547,517.862122,7.515625,>6
3people-garage_000382#1,3people-garage_000382,images/3people-garage_000382.png,1,268.346008,354.192963,328.865387,515.075317,8.09375,>6
3people-garage_000382#2,3people-garage_000382,images/3people-garage_000382.png,2,326.206512,331.849457,443.072388,624.519836,4.367188,3-6
3people-garage_000382#3,3people-garage_000382,images/3people-garage_000382.png,3,735.848385,363.400043,800.609657,536.710733,6.777344,>6
3people-garage_000394#1,3people-garage_000394,images/3people-garage_000394.png,1,270.132294,347.476288,343.170227,540.244812,6.585938,>6
3people-garage_000394#2,3people-garage_000394,images/3people-garage_000394.png,2,432.231171,342.332489,526.287292,567.537415,5.480469,3-6
3people-garage_000394#3,3people-garage_000394,images/3people-garage_000394.png,3,834.856201,360.915619,913.032715,540.134583,6.335938,>6
3people-garage_000409#1,3people-garage_000409,images/3people-garage_000409.png,1,309.10495,350.12793,399.922241,594.200378,4.976562,3-6
3people-garage_000409#2,3people-garage_000409,images/3people-garage_000409.png,2,526.015503,346.959412,588.404846,529.586487,6.753906,>6
3people-garage_000419#1,3people-garage_000419,images/3people-garage_000419.png,1,360.38562,324.827179,475.663055,653.785461,3.873047,3-6
3people-garage_000419#2,3people-garage_000419,images/3people-garage_000419.png,2,572.415344,347.055176,622.034546,513.431763,7.347656,>6
3people-garage_000426#1,3people-garage_000426,images/3people-garage_000426.png,1,425.493835,305.206421,581.11908,716.414673,3.080078,3-6
3people-garage_000426#2,3people-garage_000426,images/3people-garage_000426.png,2,591.026367,361.570099,654.57959,504.516357,8.242188,>6
3people-garage_000437#1,3people-garage_000437,images/3people-garage_000437.png,1,619.021545,249.6828,828.371887,719.305847,1.894531,<3
3people-garage_000437#2,3people-garage_000437,images/3people-garage_000437.png,2,813.770874,349.183411,959.646973,655.356262,3.746094,3-6
3people-garage_000449#1,3people-garage_000449,images/3people-garage_000449.png,1,533.742554,354.206183,586.929874,486.512878,9.109375,>6
3people-garage_000449#2,3people-garage_000449,images/3people-garage_000449.png,2,636.485107,350.555786,797.73053,696.093018,3.208984,3-6
3people-garage_000450#1,3people-garage_000450,images/3people-garage_000450.png,1,527.160645,360.441376,586.706543,487.476837,8.859375,>6
3people-garage_000450#2,3people-garage_000450,images/3people-garage_000450.png,2,629.856689,350.240845,793.852356,700.166199,3.160156,3-6
3people-garage_000468#1,3people-garage_000468,images/3people-garage_000468.png,1,275.892059,342.234009,446.568542,719.434082,2.982422,<3
3people-garage_000468#2,3people-garage_000468,images/3people-garage_000468.png,2,411.992706,362.377563,465.401093,486.058167,,>6
3people-garage_000476#1,3people-garage_000476,images/3people-garage_000476.png,1,221.783707,344.91449,350.869568,718.949158,3.119141,3-6
3people-garage_000476#2,3people-garage_000476,images/3people-garage_000476.png,2,364.625336,364.323212,402.308441,487.756439,9.359375,>6
3people-garage_000476#3,3people-garage_000476,images/3people-garage_000476.png,3,833.533447,167.683655,959.774048,717.982422,0.98291,<3
3people-garage_000484#1,3people-garage_000484,images/3people-garage_000484.png,1,315.473689,353.495385,342.359718,411.673293,,>6
3people-garage_000484#2,3people-garage_000484,images/3people-garage_000484.png,2,279.79089,342.033008,397.377172,709.409416,3.203125,3-6
3people-garage_000484#3,3people-garage_000484,images/3people-garage_000484.png,3,312.382755,225.829548,573.361457,720,1.045898,<3
3people-garage_000498#1,3people-garage_000498,images/3people-garage_000498.png,1,244.502243,357.536133,300.743073,514.469421,6.960938,>6
3people-garage_000498#2,3people-garage_000498,images/3people-garage_000498.png,2,527.977112,336.096497,636.518372,719.395935,2.71875,<3
3people-garage_000509#1,3people-garage_000509,images/3people-garage_000509.png,1,201.730225,353.526489,267.812714,533.305847,6.929688,>6
3people-garage_000509#2,3people-garage_000509,images/3people-garage_000509.png,2,751.113831,335.618317,888.824524,719.638184,2.789062,<3
3people-garage_000516#1,3people-garage_000516,images/3people-garage_000516.png,1,169.320084,349.607025,237.966064,543.69342,6.609375,>6
3people-garage_000516#2,3people-garage_000516,images/3people-garage_000516.png,2,845.434937,338.776429,960,720,3.099609,3-6
3people-garage_000520#1,3people-garage_000520,images/3people-garage_000520.png,1,0.4546,303.777832,71.488863,719.068359,3.060547,3-6
3people-garage_000520#2,3people-garage_000520,images/3people-garage_000520.png,2,152.04274,346.436554,227.349716,556.589905,6.117188,>6
3people-garage_000520#3,3people-garage_000520,images/3people-garage_000520.png,3,904.284302,339.138702,959.848389,676.387268,3.294922,3-6
3people-garage_000532#1,3people-garage_000532,images/3people-garage_000532.png,1,50.68697,340.281464,161.188934,602.897827,4.632812,3-6
3people-garage_000532#2,3people-garage_000532,images/3people-garage_000532.png,2,179.751297,332.097046,336.675598,685.531677,3.620117,3-6
3people-garage_000545#1,3people-garage_000545,images/3people-garage_000545.png,1,0.145277,325.448212,64.203697,664.747742,3.824219,3-6
3people-garage_000545#2,3people-garage_000545,images/3people-garage_000545.png,2,366.617981,342.179077,462.403107,606.604675,4.707031,3-6
3people-garage_000558#1,3people-garage_000558,images/3people-garage_000558.png,1,501.599762,346.258118,572.737671,565.638428,5.679688,3-6
3people-garage_000567#1,3people-garage_000567,images/3people-garage_000567.png,1,0.130383,293.266571,52.931362,717.866699,,<3
3people-garage_000567#2,3people-garage_000567,images/3people-garage_000567.png,2,559.334534,344.498077,648.339539,548.88446,6.113281,>6
3people-garage_000567#3,3people-garage_000567,images/3people-garage_000567.png,3,904.990173,376.088805,960,530.753387,6.339844,>6
3people-garage_000575#1,3people-garage_000575,images/3people-garage_000575.png,1,82.750946,291.064911,255.377991,719.355469,2.417969,<3
3people-garage_000575#2,3people-garage_000575,images/3people-garage_000575.png,2,618.90155,344.837311,700.56427,543.11499,6.492188,>6
3people-garage_000575#3,3people-garage_000575,images/3people-garage_000575.png,3,815.270142,363.456573,906.559204,523.460876,7.042969,>6
3people-garage_000587#1,3people-garage_000587,images/3people-garage_000587.png,1,260.773712,313.641846,393.814087,697.948181,3.304688,3-6
3people-garage_000587#2,3people-garage_000587,images/3people-garage_000587.png,2,634.871704,347.977478,703.337463,528.36438,7.035156,>6
3people-garage_000587#3,3people-garage_000587,images/3people-garage_000587.png,3,728.983521,365.423157,806.087402,532.098938,6.804688,>6
3people-garage_000597#1,3people-garage_000597,images/3people-garage_000597.png,1,337.567505,330.755402,439.942688,636.957825,4.105469,3-6
3people-garage_000597#2,3people-garage_000597,images/3people-garage_000597.png,2,644.141113,347.25473,713.25592,525.002563,7.152344,>6
3people-garage_000597#3,3people-garage_000597,images/3people-garage_000597.png,3,732.431396,366.042145,804.235474,539.563965,6.753906,>6
3people-garage_000605#1,3people-garage_000605,images/3people-garage_000605.png,1,388.001587,335.983917,466.509705,595.425476,4.785156,3-6
3people-garage_000605#2,3people-garage_000605,images/3people-garage_000605.png,2,634.128174,348.769989,710.510986,524.251282,7.449219,>6
3people-garage_000605#3,3people-garage_000605,images/3people-garage_000605.png,3,740.801086,363.574432,817.792236,553.523743,5.964844,3-6
3people-garage_000616#1,3people-garage_000616,images/3people-garage_000616.png,1,427.120422,338.730133,496.774109,559.516663,5.835938,3-6
3people-garage_000616#2,3people-garage_000616,images/3people-garage_000616.png,2,683.416443,350.859558,733.624573,510.651672,8.125,>6
3people-garage_000616#3,3people-garage_000616,images/3people-garage_000616.png,3,721.85968,357.412384,803.883057,586.335205,5.054688,3-6
3people-garage_000629#1,3people-garage_000629,images/3people-garage_000629.png,1,426.838989,350.58902,490.13443,533.370483,7.027344,>6
3people-garage_000629#2,3people-garage_000629,images/3people-garage_000629.png,2,586.840027,351.6427,697.097534,623.515869,4.242188,3-6
3people-garage_000629#3,3people-garage_000629,images/3people-garage_000629.png,3,696.787354,352.942474,753.414917,504.340576,8.078125,>6
3people-garage_000638#1,3people-garage_000638,images/3people-garage_000638.png,1,407.973724,366.474152,464.945709,512.437134,7.628906,>6
3people-garage_000638#2,3people-garage_000638,images/3people-garage_000638.png,2,490.088379,351.656464,581.260803,656.769958,3.775391,3-6
3people-garage_000638#3,3people-garage_000638,images/3people-garage_000638.png,3,726.031555,350.831116,789.096008,515.231445,7.835938,>6
3people-garage_000640#1,3people-garage_000640,images/3people-garage_000640.png,1,410.863129,375.445343,463.886627,511.667023,7.820312,>6
3people-garage_000640#2,3people-garage_000640,images/3people-garage_000640.png,2,454.764679,349.241364,554.680908,655.879272,3.713867,3-6
3people-garage_000640#3,3people-garage_000640,images/3people-garage_000640.png,3,732.631775,350.507721,795.376648,513.305664,7.355469,>6
3people-garage_000653#1,3people-garage_000653,images/3people-garage_000653.png,1,218.794806,346.749847,375.965339,714.560181,3.253906,3-6
3people-garage_000653#2,3people-garage_000653,images/3people-garage_000653.png,2,401.688538,357.879456,446.142883,496.816132,8.921875,>6
3people-garage_000653#3,3people-garage_000653,images/3people-garage_000653.png,3,821.879883,346.413025,901.297852,546.33197,6.34375,>6
3people-garage_000660#1,3people-garage_000660,images/3people-garage_000660.png,1,87.978927,344.191554,264.597564,714.116572,3.100586,3-6
3people-garage_000660#2,3people-garage_000660,images/3people-garage_000660.png,2,411.518005,359.308777,451.547791,489.90564,9.757812,>6
3people-garage_000660#3,3people-garage_000660,images/3people-garage_000660.png,3,863.499207,343.366516,958.122803,561.255615,5.542969,3-6
3people-garage_000678#1,3people-garage_000678,images/3people-garage_000678.png,1,0.175415,352.798096,107.988419,670.97998,3.673828,3-6
3people-garage_000678#2,3people-garage_000678,images/3people-garage_000678.png,2,474.289307,361.881317,511.227539,482.585724,10.460938,>6
3people-garage_000678#3,3people-garage_000678,images/3people-garage_000678.png,3,829.324219,319.656586,959.362427,633.453125,4.03125,3-6
3people-garage_000688#1,3people-garage_000688,images/3people-garage_000688.png,1,34.547195,354.746216,137.008759,624.200928,4.109375,3-6
3people-garage_000688#2,3people-garage_000688,images/3people-garage_000688.png,2,490.062836,361.326538,536.993286,489.943939,9.304688,>6
3people-garage_000688#3,3people-garage_000688,images/3people-garage_000688.png,3,746.341919,316.466827,915.965332,719.526855,3.341797,3-6
3people-garage_000696#1,3people-garage_000696,images/3people-garage_000696.png,1,110.069046,358.403534,190.638474,602.063599,4.851562,3-6
3people-garage_000696#2,3people-garage_000696,images/3people-garage_000696.png,2,478.422089,356.32959,527.545227,496.928589,8.675781,>6
3people-garage_000696#3,3people-garage_000696,images/3people-garage_000696.png,3,719.097717,295.312805,909.625183,719.637817,2.570312,<3
3people-garage_000705#1,3people-garage_000705,images/3people-garage_000705.png,1,167.690063,368.175293,267.202789,579.086975,5.441406,3-6
3people-garage_000705#2,3people-garage_000705,images/3people-garage_000705.png,2,456.486328,356.803406,508.959229,510.443024,8.203125,>6
3people-garage_000705#3,3people-garage_000705,images/3people-garage_000705.png,3,580.699463,254.457962,800.820068,719.373047,1.827148,<3
3people-garage_000719#1,3people-garage_000719,images/3people-garage_000719.png,1,0.356953,202.446625,166.485809,718.743347,1.138672,<3
3people-garage_000719#2,3people-garage_000719,images/3people-garage_000719.png,2,255.266006,365.572815,337.57428,562.9552,5.921875,3-6
3people-garage_000719#3,3people-garage_000719,images/3people-garage_000719.png,3,407.465698,352.718597,467.948456,532.491943,7.042969,>6
3people-garage_000723#1,3people-garage_000723,images/3people-garage_000723.png,1,288.635834,366.516022,349.1633,556.427795,5.960938,3-6
3people-garage_000723#2,3people-garage_000723,images/3people-garage_000723.png,2,398.499664,352.144409,464.135284,542.460083,6.535156,>6
3people-garage_000739#1,3people-garage_000739,images/3people-garage_000739.png,1,298.654938,342.395599,386.031219,584.03418,5.21875,3-6
3people-garage_000739#2,3people-garage_000739,images/3people-garage_000739.png,2,384.014818,364.252365,436.076086,538.810114,7.738281,>6
3people-garage_000741#1,3people-garage_000741,images/3people-garage_000741.png,1,298.209503,341.187744,382.593933,595.418579,5.136719,3-6
3people-garage_000741#2,3people-garage_000741,images/3people-garage_000741.png,2,403.375122,377.752106,450.53064,532.998352,6.945312,>6
3people-garage_000758#1,3people-garage_000758,images/3people-garage_000758.png,1,0.0907,328.328888,77.437553,680.783997,3.429688,3-6
3people-garage_000758#2,3people-garage_000758,images/3people-garage_000758.png,2,156.299698,324.546936,288.216553,690.270813,3.599609,3-6
3people-garage_000758#3,3people-garage_000758,images/3people-garage_000758.png,3,511.061096,365.296631,562.452393,541.600464,6.5,>6
3people-garage_000762#1,3people-garage_000762,images/3people-garage_000762.png,1,0.885395,331.359344,143.92659,679.239441,3.625,3-6
3people-garage_000762#2,3people-garage_000762,images/3people-garage_000762.png,2,106.746506,314.805542,261.247711,720,3.207031,3-6
3people-garage_000762#3,3people-garage_000762,images/3people-garage_000762.png,3,528.662659,369.974548,600.362549,549.674805,6.210938,>6
3people-garage_000773#1,3people-garage_000773,images/3people-garage_000773.png,1,60.051727,289.009918,274.420746,720,2.373047,<3
3people-garage_000773#2,3people-garage_000773,images/3people-garage_000773.png,2,226.445068,333.560669,298.78006,604.414856,4.617188,3-6
3people-garage_000773#3,3people-garage_000773,images/3people-garage_000773.png,3,556.387146,365.759918,640.575989,575.186462,5.355469,3-6
3people-garage_000781#1,3people-garage_000781,images/3people-garage_000781.png,1,93.553391,264.122528,332.058868,718.464294,1.824219,<3
3people-garage_000781#2,3people-garage_000781,images/3people-garage_000781.png,2,332.039612,339.373718,408.02832,584.949829,5.046875,3-6
3people-garage_000781#3,3people-garage_000781,images/3people-garage_000781.png,3,596.302246,357.20517,688.891724,596.4729,4.933594,3-6
3people-garage_000798#1,3people-garage_000798,images/3people-garage_000798.png,1,490.334198,349.908508,546.59314,548.245239,6.28125,>6
3people-garage_000798#2,3people-garage_000798,images/3people-garage_000798.png,2,537.076721,248.973816,778.389954,719.144897,1.569336,<3
3people-garage_000798#3,3people-garage_000798,images/3people-garage_000798.png,3,772.315979,356.787842,901.930481,600.60321,4.75,3-6
3people-garage_000800#1,3people-garage_000800,images/3people-garage_000800.png,1,505.085724,347.956238,567.236633,534.856567,6.271484,>6
3people-garage_000800#2,3people-garage_000800,images/3people-garage_000800.png,2,591.692505,249.306656,840.91449,719.196838,1.539062,<3
3people-garage_000800#3,3people-garage_000800,images/3people-garage_000800.png,3,787.276428,355.484283,897.065369,593.627319,,3-6
3people-garage_000810#1,3people-garage_000810,images/3people-garage_000810.png,1,563.983643,354.395264,618.47168,519.26947,7.482422,>6
3people-garage_000810#2,3people-garage_000810,images/3people-garage_000810.png,2,730.165833,276.373901,919.966553,719.736328,2.142578,<3
3people-garage_000824#1,3people-garage_000824,images/3people-garage_000824.png,1,565.45707,354.122192,631.135293,499.858429,7.667969,>6
3people-garage_000824#2,3people-garage_000824,images/3people-garage_000824.png,2,741.333801,303.926514,917.449036,700.060974,3.15625,3-6
3people-garage_000834#1,3people-garage_000834,images/3people-garage_000834.png,1,509.173187,356.416077,544.915894,489.037537,8.976562,>6
3people-garage_000834#2,3people-garage_000834,images/3people-garage_000834.png,2,731.52063,316.973724,870.848877,645.53833,3.878906,3-6
3people-garage_000841#1,3people-garage_000841,images/3people-garage_000841.png,1,456.615692,356.361938,502.81485,488.973724,9.445312,>6
3people-garage_000841#2,3people-garage_000841,images/3people-garage_000841.png,2,730.168579,327.587677,830.984985,625.781799,4.371094,3-6
3people-garage_000856#1,3people-garage_000856,images/3people-garage_000856.png,1,345.618073,355.734833,379.541199,491.496368,9.285156,>6
3people-garage_000856#2,3people-garage_000856,images/3people-garage_000856.png,2,682.609192,336.202148,770.370911,564.988586,5.550781,3-6
3people-garage_000863#1,3people-garage_000863,images/3people-garage_000863.png,1,290.846802,356.010803,328.932861,491.551514,9.320312,>6
3people-garage_000863#2,3people-garage_000863,images/3people-garage_000863.png,2,655.592102,366.741058,690.652405,477.000488,,>6
3people-garage_000863#3,3people-garage_000863,images/3people-garage_000863.png,3,678.490601,337.061584,745.245178,549.148071,5.964844,3-6
3people-garage_000879#1,3people-garage_000879,images/3people-garage_000879.png,1,156.458191,359.376801,206.790131,499.341339,8.621094,>6
3people-garage_000879#2,3people-garage_000879,images/3people-garage_000879.png,2,550.526611,375.258636,602.788025,475.870605,11.015625,>6
3people-garage_000879#3,3people-garage_000879,images/3people-garage_000879.png,3,640.513367,345.423798,702.357788,526.773987,7.324219,>6
3people-garage_000889#1,3people-garage_000889,images/3people-garage_000889.png,1,487.663513,372.754944,539.217041,477.46344,11.246094,>6
3people-garage_000889#2,3people-garage_000889,images/3people-garage_000889.png,2,632.452148,346.044342,678.372803,510.155914,8.078125,>6
3people-garage_000890#1,3people-garage_000890,images/3people-garage_000890.png,1,482.91745,371.470764,536.791016,478.568329,11.179688,>6
3people-garage_000890#2,3people-garage_000890,images/3people-garage_000890.png,2,629.788574,350.462463,676.989868,508.319733,8.03125,>6
3people-garage_000909#1,3people-garage_000909,images/3people-garage_000909.png,1,404.824768,373.82019,447.028381,491.253967,9.492188,>6
3people-garage_000909#2,3people-garage_000909,images/3people-garage_000909.png,2,604.206299,360.249512,640.042175,488.170563,9.570312,>6
3people-garage_000912#1,3people-garage_000912,images/3people-garage_000912.png,1,380.110382,371.822357,427.060455,495.584473,8.804688,>6
3people-garage_000912#2,3people-garage_000912,images/3people-garage_000912.png,2,599.350586,355.203552,635.505676,481.9487,9.820312,>6
3people-garage_000920#1,3people-garage_000920,images/3people-garage_000920.png,1,0.119399,341.589569,46.9109,573.064087,5.154297,3-6
3people-garage_000920#2,3people-garage_000920,images/3people-garage_000920.png,2,331.720398,373.112518,370.478149,502.303894,8.695312,>6
3people-garage_000920#3,3people-garage_000920,images/3people-garage_000920.png,3,580.052124,357.683197,620.216125,477.543213,10.953125,>6
3people-garage_000931#1,3people-garage_000931,images/3people-garage_000931.png,1,56.813828,342.896637,153.033524,575.217957,5.003906,3-6
3people-garage_000931#2,3people-garage_000931,images/3people-garage_000931.png,2,229.100418,375.155457,297.625519,512.09491,8.203125,>6
3people-garage_000931#3,3people-garage_000931,images/3people-garage_000931.png,3,557.625977,362.318054,592.66687,467.256439,11.875,>6
3people-garage_000941#1,3people-garage_000941,images/3people-garage_000941.png,1,147.852759,374.058244,191.584579,511.695349,6.488281,>6
3people-garage_000941#2,3people-garage_000941,images/3people-garage_000941.png,2,166.787674,339.974468,267.234505,581.101883,5.070312,3-6
3people-garage_000941#3,3people-garage_000941,images/3people-garage_000941.png,3,522.707275,367.244202,560.158752,464.503601,12.882812,>6
3people-garage_000951#1,3people-garage_000951,images/3people-garage_000951.png,1,310.885071,335.812805,420.910797,595.695129,4.777344,3-6
3people-garage_000951#2,3people-garage_000951,images/3people-garage_000951.png,2,480.826111,355.021158,520.953474,463.813782,12.125,>6
3people-garage_000963#1,3people-garage_000963,images/3people-garage_000963.png,1,426.038907,361.430939,468.859586,463.775025,12.390625,>6
3people-garage_000963#2,3people-garage_000963,images/3people-garage_000963.png,2,499.657471,333.824176,563.402002,591.224915,4.90625,3-6
3people-garage_000976#1,3people-garage_000976,images/3people-garage_000976.png,1,363.278233,365.334264,417.746603,472.494591,11.769531,>6
3people-garage_000976#2,3people-garage_000976,images/3people-garage_000976.png,2,653.594299,334.810089,745.759705,573.975647,5.328125,3-6
3people-garage_000985#1,3people-garage_000985,images/3people-garage_000985.png,1,0.028061,363.890625,82.66333,596.147339,4.890625,3-6
3people-garage_000985#2,3people-garage_000985,images/3people-garage_000985.png,2,335.295166,365.164612,370.155884,468.233948,12.101562,>6
3people-garage_000985#3,3people-garage_000985,images/3people-garage_000985.png,3,707.391724,342.716949,793.903076,554.571594,5.90625,3-6
3people-garage_000992#1,3people-garage_000992,images/3people-garage_000992.png,1,44.154251,363.120941,158.172791,603.35437,4.675781,3-6
3people-garage_000992#2,3people-garage_000992,images/3people-garage_000992.png,2,308.931061,355.030308,350.238329,471.431531,11.574219,>6
3people-garage_000992#3,3people-garage_000992,images/3people-garage_000992.png,3,737.460205,343.905334,821.23114,539.744507,6.414062,>6
3people-garage_001002#1,3people-garage_001002,images/3people-garage_001002.png,1,173.319214,355.082977,255.945969,615.968628,4.4375,3-6
3people-garage_001002#2,3people-garage_001002,images/3people-garage_001002.png,2,283.255717,358.441263,323.286418,477.141571,10.363281,>6
3people-garage_001002#3,3people-garage_001002,images/3people-garage_001002.png,3,753.999268,350.615173,818.69281,523.783142,7.484375,>6
3people-garage_001017#1,3people-garage_001017,images/3people-garage_001017.png,1,248.009995,358.898102,294.826569,490.90744,10.382812,>6
3people-garage_001017#2,3people-garage_001017,images/3people-garage_001017.png,2,375.556213,359.063995,467.06546,617.014648,4.345703,3-6
3people-garage_001017#3,3people-garage_001017,images/3people-garage_001017.png,3,736.501831,355.749603,788.0578,492.780151,8.617188,>6
3people-garage_001020#1,3people-garage_001020,images/3people-garage_001020.png,1,243.171799,358.405518,293.688934,492.345154,9.71875,>6
3people-garage_001020#2,3people-garage_001020,images/3people-garage_001020.png,2,424.981659,360.209229,543.407837,612.843384,4.503906,3-6
3people-garage_001020#3,3people-garage_001020,images/3people-garage_001020.png,3,729.531738,355.288215,778.747555,487.268219,9.5625,>6
3people-garage_001031#1,3people-garage_001031,images/3people-garage_001031.png,1,226.096848,356.376434,281.376434,503.996246,8.75,>6
3people-garage_001031#2,3people-garage_001031,images/3people-garage_001031.png,2,560.30304,358.875031,668.599304,595.455322,4.890625,3-6
3people-garage_001031#3,3people-garage_001031,images/3people-garage_001031.png,3,700.568726,358.597443,745.157654,477.266083,10.921875,>6
3people-garage_001040#1,3people-garage_001040,images/3people-garage_001040.png,1,217.080963,354.680542,271.902008,516.525452,7.828125,>6
3people-garage_001040#2,3people-garage_001040,images/3people-garage_001040.png,2,639.422852,368.477783,719.021179,576.46051,5.207031,3-6
3people-garage_001040#3,3people-garage_001040,images/3people-garage_001040.png,3,675.349698,357.700665,720.292142,486.561505,10.957031,>6
3people-garage_001059#1,3people-garage_001059,images/3people-garage_001059.png,1,155.329056,347.818726,227.427841,545.864868,6.421875,>6
3people-garage_001059#2,3people-garage_001059,images/3people-garage_001059.png,2,577.291748,360.277252,640.905884,464.953247,11.859375,>6
3people-garage_001059#3,3people-garage_001059,images/3people-garage_001059.png,3,712.121887,358.595764,786.594421,539.902222,6.589844,>6
3people-garage_001062#1,3people-garage_001062,images/3people-garage_001062.png,1,139.560898,348.224182,210.353073,557.657104,6.109375,>6
3people-garage_001062#2,3people-garage_001062,images/3people-garage_001062.png,2,571.875977,362.094147,609.902405,464.095459,12.078125,>6
3people-garage_001062#3,3people-garage_001062,images/3people-garage_001062.png,3,715.962402,358.145691,779.157166,540.561462,6.730469,>6
3people-garage_001078#1,3people-garage_001078,images/3people-garage_001078.png,1,26.021885,336.684235,140.24353,595.404785,4.640625,3-6
3people-garage_001078#2,3people-garage_001078,images/3people-garage_001078.png,2,501.966187,362.00235,543.228333,475.25235,11.683594,>6
3people-garage_001078#3,3people-garage_001078,images/3people-garage_001078.png,3,692.594849,369.680511,744.495911,505.776031,8.015625,>6
3people-garage_001085#1,3people-garage_001085,images/3people-garage_001085.png,1,0,335.931152,110.576454,626.728455,4.441406,3-6
3people-garage_001085#2,3people-garage_001085,images/3people-garage_001085.png,2,465.62973,359.298897,517.774841,482.565346,10.226562,>6
3people-garage_001085#3,3people-garage_001085,images/3people-garage_001085.png,3,687.10199,371.0159,736.882141,498.832123,8.339844,>6
3people-garage_001097#1,3people-garage_001097,images/3people-garage_001097.png,1,0.128735,336.560669,49.41235,667.162781,3.755859,3-6
3people-garage_001097#2,3people-garage_001097,images/3people-garage_001097.png,2,425.475769,356.869904,470.102509,493.963348,8.992188,>6
3people-garage_001097#3,3people-garage_001097,images/3people-garage_001097.png,3,670.260925,368.903503,712.300476,482.789978,9.78125,>6
3people-garage_001100#1,3people-garage_001100,images/3people-garage_001100.png,1,397.997253,357.381622,459.26059,497.17807,8.703125,>6
3people-garage_001100#2,3people-garage_001100,images/3people-garage_001100.png,2,663.783203,367.833344,702.272339,480.09549,10.003906,>6
3people-garage_001111#1,3people-garage_001111,images/3people-garage_001111.png,1,0,320.468121,70.115729,676.63081,,<3
3people-garage_001111#2,3people-garage_001111,images/3people-garage_001111.png,2,354.447815,353.098633,407.867523,515.043518,7.617188,>6
3people-garage_001111#3,3people-garage_001111,images/3people-garage_001111.png,3,636.23114,374.444214,684.313538,475.987274,10.6875,>6
3people-garage_001123#1,3people-garage_001123,images/3people-garage_001123.png,1,13.1082,290.113739,231.521088,719.13446,2.355469,<3
3people-garage_001123#2,3people-garage_001123,images/3people-garage_001123.png,2,273.336853,353.911835,340.890778,540.958069,6.734375,>6
3people-garage_001123#3,3people-garage_001123,images/3people-garage_001123.png,3,621.359565,363.214208,677.856356,480.33028,11.046875,>6
3people-garage_001137#1,3people-garage_001137,images/3people-garage_001137.png,1,168.46312,346.336487,262.385925,577.53241,5.664062,3-6
3people-garage_001137#2,3people-garage_001137,images/3people-garage_001137.png,2,316.420654,289.278107,454.651093,719.58252,2.306641,<3
3people-garage_001137#3,3people-garage_001137,images/3people-garage_001137.png,3,616.260343,366.369684,677.794999,478.770518,11.414062,>6
3people-garage_001149#1,3people-garage_001149,images/3people-garage_001149.png,1,144.616135,332.040253,258.970184,633.137939,4.371094,3-6
3people-garage_001149#2,3people-garage_001149,images/3people-garage_001149.png,2,526.424988,294.145477,670.29657,719.489014,2.513672,<3
3people-garage_001159#1,3people-garage_001159,images/3people-garage_001159.png,1,94.730461,313.145844,251.853012,719.42157,3.273438,3-6
3people-garage_001159#2,3people-garage_001159,images/3people-garage_001159.png,2,536.711412,384.540985,586.869248,478.3817,10.5625,>6
3people-garage_001159#3,3people-garage_001159,images/3people-garage_001159.png,3,661.038818,305.040894,804.527405,720,2.935547,<3
3people-garage_001163#1,3people-garage_001163,images/3people-garage_001163.png,1,44.886223,305.311371,230.01091,719.349548,2.939453,<3
3people-garage_001163#2,3people-garage_001163,images/3people-garage_001163.png,2,527.118232,370.310079,566.260028,471.458051,11.15625,>6
3people-garage_001163#3,3people-garage_001163,images/3people-garage_001163.png,3,701.408936,307.884918,846.991699,705.689026,3.066406,3-6
3people-garage_001172#1,3people-garage_001172,images/3people-garage_001172.png,1,78.292117,281.426569,300.899447,719.501795,2.205078,<3
3people-garage_001172#2,3people-garage_001172,images/3people-garage_001172.png,2,483.152252,372.632172,526.857666,472.558685,10.847656,>6
3people-garage_001172#3,3people-garage_001172,images/3people-garage_001172.png,3,731.13092,313.322479,867.263672,668.939941,3.5,3-6
3people-garage_001188#1,3people-garage_001188,images/3people-garage_001188.png,1,425.266876,365.156006,463.511566,481.741364,10.640625,>6
3people-garage_001188#2,3people-garage_001188,images/3people-garage_001188.png,2,541.153564,218.234543,788.861755,719.501648,1.30957,<3
3people-garage_001188#3,3people-garage_001188,images/3people-garage_001188.png,3,746.005737,331.543396,849.201965,601.639343,4.59375,3-6
3people-garage_001196#1,3people-garage_001196,images/3people-garage_001196.png,1,381.899872,380.18634,431.280212,489.22879,10.523438,>6
3people-garage_001196#2,3people-garage_001196,images/3people-garage_001196.png,2,723.253967,334.754211,803.415405,581.954285,4.808594,3-6
3people-garage_001196#3,3people-garage_001196,images/3people-garage_001196.png,3,800.333313,239.259476,959.529602,718.391602,1.521484,<3
3people-garage_001200#1,3people-garage_001200,images/3people-garage_001200.png,1,381.582397,370.341858,419.773987,490.753326,9.375,>6
3people-garage_001200#2,3people-garage_001200,images/3people-garage_001200.png,2,718.141174,338.920624,803.942322,568.418945,5.484375,3-6
3people-garage_001200#3,3people-garage_001200,images/3people-garage_001200.png,3,872.514587,356.671936,959.867249,716.860168,3.060547,3-6
3people-garage_001214#1,3people-garage_001214,images/3people-garage_001214.png,1,317.876709,373.23175,371.811523,507.481201,8.457031,>6
3people-garage_001214#2,3people-garage_001214,images/3people-garage_001214.png,2,696.799438,339.985168,766.19873,539.39325,6.492188,>6
3people-garage_001214#3,3people-garage_001214,images/3people-garage_001214.png,3,838.747984,300.056777,959.392273,718.428467,2.642578,<3
3people-garage_001229#1,3people-garage_001229,images/3people-garage_001229.png,1,253.078857,370.8685,311.026245,531.713013,6.414062,>6
3people-garage_001229#2,3people-garage_001229,images/3people-garage_001229.png,2,669.342407,348.187134,724.833496,516.352905,7.253906,>6
3people-garage_001229#3,3people-garage_001229,images/3people-garage_001229.png,3,711.679172,331.580292,815.660156,641.146462,4.175781,3-6
3people-garage_001237#1,3people-garage_001237,images/3people-garage_001237.png,1,216.168823,369.566803,286.871338,545.547607,6.378906,>6
3people-garage_001237#2,3people-garage_001237,images/3people-garage_001237.png,2,661.922607,338.165131,756.141174,598.951965,4.953125,3-6
3people-garage_001246#1,3people-garage_001246,images/3people-garage_001246.png,1,180.125702,362.682434,258.791748,572.555725,5.533203,3-6
3people-garage_001246#2,3people-garage_001246,images/3people-garage_001246.png,2,632.983948,344.037231,708.447571,556.743713,5.953125,3-6
3people-garage_001258#1,3people-garage_001258,images/3people-garage_001258.png,1,147.62381,365.641846,242.994797,617.706726,4.621094,3-6
3people-garage_001258#2,3people-garage_001258,images/3people-garage_001258.png,2,590.373047,353.926788,652.035645,528.359619,7.007812,>6
3people-garage_001258#3,3people-garage_001258,images/3people-garage_001258.png,3,637.068779,354.43966,680.923381,489.261362,10.121094,>6
3people-garage_001268#1,3people-garage_001268,images/3people-garage_001268.png,1,108.11673,361.921967,213.140945,678.966492,3.701172,3-6
3people-garage_001268#2,3people-garage_001268,images/3people-garage_001268.png,2,546.310791,350.852478,600.371582,507.371979,7.988281,>6
3people-garage_001268#3,3people-garage_001268,images/3people-garage_001268.png,3,626.603577,356.233063,668.476135,476.635529,10.859375,>6
3people-garage_001276#1,3people-garage_001276,images/3people-garage_001276.png,1,86.843918,353.267944,229.47937,719.492798,3.142578,3-6
3people-garage_001276#2,3people-garage_001276,images/3people-garage_001276.png,2,493.00528,351.77298,541.955017,504.141174,8.199219,>6
3people-garage_001276#3,3people-garage_001276,images/3people-garage_001276.png,3,624.326599,358.98819,658.778687,474.120697,11.300781,>6
3people-garage_001288#1,3people-garage_001288,images/3people-garage_001288.png,1,201.082169,345.322449,362.025238,718.616455,2.537109,<3
3people-garage_001288#2,3people-garage_001288,images/3people-garage_001288.png,2,424.144684,357.760803,491.969788,525.101257,7.480469,>6
3people-garage_001288#3,3people-garage_001288,images/3people-garage_001288.png,3,594.746155,363.805847,625.249878,466.942383,12.917969,>6
3people-garage_001291#1,3people-garage_001291,images/3people-garage_001291.png,1,272.312439,337.565735,414.686829,719.11377,2.289062,<3
3people-garage_001291#2,3people-garage_001291,images/3people-garage_001291.png,2,408.699646,352.295837,478.747925,525.55481,7.066406,>6
3people-garage_001291#3,3people-garage_001291,images/3people-garage_001291.png,3,576.429016,360.628082,622.589539,466.604034,12.195312,>6
3people-garage_001307#1,3people-garage_001307,images/3people-garage_001307.png,1,365.426697,343.983429,454.575623,573.312866,5.59375,3-6
3people-garage_001307#2,3people-garage_001307,images/3people-garage_001307.png,2,522.100159,365.490204,550.355591,464.503052,12.722656,>6
3people-garage_001307#3,3people-garage_001307,images/3people-garage_001307.png,3,669.791016,346.199799,818.537109,719.566101,2.380859,<3
3people-garage_001315#1,3people-garage_001315,images/3people-garage_001315.png,1,378.189087,337.153015,479.881287,614.020996,4.667969,3-6
3people-garage_001315#2,3people-garage_001315,images/3people-garage_001315.png,2,484.302345,357.230892,523.200658,468.528969,12.390625,>6
3people-garage_001315#3,3people-garage_001315,images/3people-garage_001315.png,3,823.098694,337.162109,959.407898,718.814514,2.541992,<3
3people-garage_001329#1,3people-garage_001329,images/3people-garage_001329.png,1,341.688141,314.79715,492.248474,719.841064,3.226562,3-6
3people-garage_001331#1,3people-garage_001331,images/3people-garage_001331.png,1,333.371155,310.019257,480.915894,719.290527,3.033203,3-6
3people-garage_001349#1,3people-garage_001349,images/3people-garage_001349.png,1,58.470943,213.051453,347.625305,718.600525,1.297852,<3
3people-garage_001349#2,3people-garage_001349,images/3people-garage_001349.png,2,361.01413,368.168335,398.675537,473.462769,,>6
3people-garage_001351#1,3people-garage_001351,images/3people-garage_001351.png,1,104.950729,208.413483,352.111908,719.115601,1.134766,<3
3people-garage_001351#2,3people-garage_001351,images/3people-garage_001351.png,2,350.443268,366.125488,388.342529,473.807281,,>6
3people-garage_001368#1,3people-garage_001368,images/3people-garage_001368.png,1,308.328369,361.725739,354.661927,490.735248,10.515625,>6
3people-garage_001368#2,3people-garage_001368,images/3people-garage_001368.png,2,614.464417,245.705994,932.052795,719.163635,1.527344,<3
3people-garage_001368#3,3people-garage_001368,images/3people-garage_001368.png,3,900.131287,360.408752,959.537842,538.665588,,>6
3people-garage_001379#1,3people-garage_001379,images/3people-garage_001379.png,1,288.580261,359.455658,334.502747,493.511292,9.320312,>6
3people-garage_001379#2,3people-garage_001379,images/3people-garage_001379.png,2,694.919678,295.642395,906.968079,719.722778,2.582031,<3
3people-garage_001384#1,3people-garage_001384,images/3people-garage_001384.png,1,275.672913,359.196808,327.923981,500.759857,8.742188,>6
3people-garage_001384#2,3people-garage_001384,images/3people-garage_001384.png,2,681.960938,307.627625,870.057678,705.800598,3.148438,3-6
3people-garage_001384#3,3people-garage_001384,images/3people-garage_001384.png,3,821.911804,362.104706,867.041342,505.490513,,>6
3people-garage_001395#1,3people-garage_001395,images/3people-garage_001395.png,1,255.273514,360.847809,309.51712,514.210815,7.585938,>6
3people-garage_001395#2,3people-garage_001395,images/3people-garage_001395.png,2,698.523193,331.259308,802.890747,637.507385,4.148438,3-6
3people-garage_001401#1,3people-garage_001401,images/3people-garage_001401.png,1,242.502655,354.503357,298.162811,520.608643,6.828125,>6
3people-garage_001401#2,3people-garage_001401,images/3people-garage_001401.png,2,670.541199,337.088043,786.105103,605.152161,4.796875,3-6
3people-garage_001414#1,3people-garage_001414,images/3people-garage_001414.png,1,203.075684,353.143677,269.522461,537.751892,6.757812,>6
3people-garage_001414#2,3people-garage_001414,images/3people-garage_001414.png,2,628.486084,345.12149,711.936584,553.630432,6.0625,>6
3people-garage_001426#1,3people-garage_001426,images/3people-garage_001426.png,1,177.17952,345.543823,257.625641,562.177979,5.976562,3-6
3people-garage_001426#2,3people-garage_001426,images/3people-garage_001426.png,2,555.48976,372.232194,608.930969,485.320234,10.390625,>6
3people-garage_001426#3,3people-garage_001426,images/3people-garage_001426.png,3,604.442179,348.463659,672.19779,527.384618,7.25,>6
3people-garage_001437#1,3people-garage_001437,images/3people-garage_001437.png,1,148.117813,340.837555,248.134918,590.008728,5.089844,3-6
3people-garage_001437#2,3people-garage_001437,images/3people-garage_001437.png,2,504.477356,370.099228,550.432251,481.835129,10.164062,>6
3people-garage_001437#3,3people-garage_001437,images/3people-garage_001437.png,3,575.73053,355.200836,638.68512,509.154449,8.109375,>6
3people-garage_001447#1,3people-garage_001447,images/3people-garage_001447.png,1,91.358894,331.203827,204.532196,636.591125,4.285156,3-6
3people-garage_001447#2,3people-garage_001447,images/3people-garage_001447.png,2,453.776123,369.149353,489.518402,488.368225,9.519531,>6
3people-garage_001447#3,3people-garage_001447,images/3people-garage_001447.png,3,563.276184,356.822235,604.888733,495.417786,8.664062,>6
3people-garage_001457#1,3people-garage_001457,images/3people-garage_001457.png,1,69.024994,326.496796,206.922043,696.137329,3.550781,3-6
3people-garage_001457#2,3people-garage_001457,images/3people-garage_001457.png,2,388.791504,375.060974,432.483765,495.757874,9.070312,>6
3people-garage_001457#3,3people-garage_001457,images/3people-garage_001457.png,3,564.253845,354.357544,616.231628,489.658936,8.992188,>6
3people-garage_001460#1,3people-garage_001460,images/3people-garage_001460.png,1,70.477341,317.337555,219.647339,703.530884,3.363281,3-6
3people-garage_001460#2,3people-garage_001460,images/3people-garage_001460.png,2,359.328552,373.130127,411.120483,498.198303,8.90625,>6
3people-garage_001460#3,3people-garage_001460,images/3people-garage_001460.png,3,562.162537,356.758301,611.676636,489.719147,9.136719,>6
3people-garage_001479#1,3people-garage_001479,images/3people-garage_001479.png,1,264.185486,373.738159,317.672455,526.684692,7.421875,>6
3people-garage_001479#2,3people-garage_001479,images/3people-garage_001479.png,2,336.191071,308.889017,440.735687,719.470255,2.958984,<3
3people-garage_001479#3,3people-garage_001479,images/3people-garage_001479.png,3,549.524292,347.970917,612.414734,516.135315,7.792969,>6
3people-garage_001484#1,3people-garage_001484,images/3people-garage_001484.png,1,261.638947,371.429901,315.935211,534.3703,6.824219,>6
3people-garage_001484#2,3people-garage_001484,images/3people-garage_001484.png,2,387.529053,309.648908,527.28595,713.083387,3.058594,3-6
3people-garage_001484#3,3people-garage_001484,images/3people-garage_001484.png,3,555.10376,353.166473,619.419617,528.059143,7.289062,>6
3people-garage_001496#1,3people-garage_001496,images/3people-garage_001496.png,1,296.946625,365.369659,371.433838,551.810913,6.339844,>6
3people-garage_001496#2,3people-garage_001496,images/3people-garage_001496.png,2,543.961121,314.514679,685.8349,681.212585,3.34375,3-6
3people-garage_001509#1,3people-garage_001509,images/3people-garage_001509.png,1,378.234039,360.789612,459.437653,571.679138,5.574219,3-6
3people-garage_001509#2,3people-garage_001509,images/3people-garage_001509.png,2,559.213928,336.135681,659.88501,587.464844,5.164062,3-6
3people-garage_001509#3,3people-garage_001509,images/3people-garage_001509.png,3,695.633057,320.747131,816.168823,646.880859,3.824219,3-6
3people-garage_001510#1,3people-garage_001510,images/3people-garage_001510.png,1,384.035889,360.8573,455.267944,572.805725,5.511719,3-6
3people-garage_001510#2,3people-garage_001510,images/3people-garage_001510.png,2,559.353943,335.947083,661.554993,589.353516,5.042969,3-6
3people-garage_001510#3,3people-garage_001510,images/3people-garage_001510.png,3,695.857178,320.419281,827.036316,645.849121,3.863281,3-6
3people-garage_001524#1,3people-garage_001524,images/3people-garage_001524.png,1,435.191101,357.690094,516.164062,608.250366,4.664062,3-6
3people-garage_001524#2,3people-garage_001524,images/3people-garage_001524.png,2,583.204712,321.783417,721.173401,658.594482,3.798828,3-6
3people-garage_001524#3,3people-garage_001524,images/3people-garage_001524.png,3,726.207336,331.699768,827.281921,599.883728,4.722656,3-6
3people-garage_001531#1,3people-garage_001531,images/3people-garage_001531.png,1,441.212311,353.246246,548.860535,649.036194,4.046875,3-6
3people-garage_001531#2,3people-garage_001531,images/3people-garage_001531.png,2,633.092834,307.420715,812.785034,715.56665,3.15625,3-6
3people-garage_001531#3,3people-garage_001531,images/3people-garage_001531.png,3,734.504333,335.525665,815.791809,578.996216,5.90625,3-6
3people-garage_001544#1,3people-garage_001544,images/3people-garage_001544.png,1,431.559174,340.523804,565.226868,719.610535,3.056641,3-6
3people-garage_001544#2,3people-garage_001544,images/3people-garage_001544.png,2,716.061951,343.192383,764.655396,545.328064,6.289062,>6
3people-garage_001544#3,3people-garage_001544,images/3people-garage_001544.png,3,737.042786,252.945938,959.396729,718.690979,1.907227,<3
3people-garage_001550#1,3people-garage_001550,images/3people-garage_001550.png,1,443.343933,334.377289,572.797302,719.645508,2.611328,<3
3people-garage_001550#2,3people-garage_001550,images/3people-garage_001550.png,2,707.891785,344.718384,770.328735,550.100891,6.574219,>6
3people-garage_001550#3,3people-garage_001550,images/3people-garage_001550.png,3,762.562744,208.487335,959.421082,719.053894,1.425781,<3
3people-garage_001568#1,3people-garage_001568,images/3people-garage_001568.png,1,568.024109,301.958862,850.480957,713.710388,1.759766,<3
3people-garage_001568#2,3people-garage_001568,images/3people-garage_001568.png,2,759.173401,154.263977,959.280579,718.21051,0.944824,<3
3people-garage_001573#1,3people-garage_001573,images/3people-garage_001573.png,1,462.491641,303.713562,604.039124,720,1.781738,<3
3people-garage_001573#2,3people-garage_001573,images/3people-garage_001573.png,2,458.952026,108.23854,960,720,0.674316,<3
3people-garage_001585#1,3people-garage_001585,images/3people-garage_001585.png,1,0.210365,183.98027,360.026001,719.144409,1.091797,<3
3people-garage_001585#2,3people-garage_001585,images/3people-garage_001585.png,2,382.475098,318.943787,553.321838,719.476929,1.974609,<3
3people-garage_001585#3,3people-garage_001585,images/3people-garage_001585.png,3,656.476746,350.365082,699.61145,493.851105,9,>6
3people-garage_001592#1,3people-garage_001592,images/3people-garage_001592.png,1,0.471199,246.844391,239.072861,719.490112,1.614258,<3
3people-garage_001592#2,3people-garage_001592,images/3people-garage_001592.png,2,407.565582,333.664673,557.909729,719.097107,2.59375,<3
3people-garage_001592#3,3people-garage_001592,images/3people-garage_001592.png,3,644.23645,358.125092,693.814453,488.754181,9.375,>6
3people-garage_001607#1,3people-garage_001607,images/3people-garage_001607.png,1,124.344299,306.193939,273.98761,719.899475,2.962891,<3
3people-garage_001607#2,3people-garage_001607,images/3people-garage_001607.png,2,573.137329,350.387238,686.992126,664.808228,3.597656,3-6
3people-garage_001611#1,3people-garage_001611,images/3people-garage_001611.png,1,153.033966,322.377319,285.680725,716.19751,3.371094,3-6
3people-garage_001611#2,3people-garage_001611,images/3people-garage_001611.png,2,605.306213,354.407593,733.603638,659.187378,3.797852,3-6
3people-garage_001623#1,3people-garage_001623,images/3people-garage_001623.png,1,234.080338,335.454773,343.582489,622.893005,4.496094,3-6
3people-garage_001623#2,3people-garage_001623,images/3people-garage_001623.png,2,589.492798,360.058502,622.446899,467.363983,11.664062,>6
3people-garage_001623#3,3people-garage_001623,images/3people-garage_001623.png,3,681.723083,356.464783,785.995972,611.266663,4.550781,3-6
3people-garage_001631#1,3people-garage_001631,images/3people-garage_001631.png,1,260.309082,345.280518,345.1203,587.523804,5.253906,3-6
3people-garage_001631#2,3people-garage_001631,images/3people-garage_001631.png,2,556.292236,365.302826,607.848234,480.239054,11.734375,>6
3people-garage_001631#3,3people-garage_001631,images/3people-garage_001631.png,3,717.491089,355.8638,801.616333,573.416382,5.199219,3-6
3people-garage_001643#1,3people-garage_001643,images/3people-garage_001643.png,1,305.010773,350.084473,369.705414,543.741577,6.582031,>6
3people-garage_001643#2,3people-garage_001643,images/3people-garage_001643.png,2,511.462344,364.082605,552.997988,462.879816,12.53125,>6
3people-garage_001643#3,3people-garage_001643,images/3people-garage_001643.png,3,735.710571,344.568878,803.882996,546.356567,6.208984,>6
3people-garage_001658#1,3people-garage_001658,images/3people-garage_001658.png,1,332.232513,354.749268,391.480682,513.672729,8.046875,>6
3people-garage_001658#2,3people-garage_001658,images/3people-garage_001658.png,2,466.222717,363.886169,504.779053,463.65741,13.644531,>6
3people-garage_001658#3,3people-garage_001658,images/3people-garage_001658.png,3,696.090881,363.444885,753.1297,523.932251,7.511719,>6
3people-garage_001664#1,3people-garage_001664,images/3people-garage_001664.png,1,347.857544,355.370453,398.881439,500.400421,8.6875,>6
3people-garage_001664#2,3people-garage_001664,images/3people-garage_001664.png,2,447.801941,364.074188,481.469177,464.30246,13.179688,>6
3people-garage_001664#3,3people-garage_001664,images/3people-garage_001664.png,3,667.625427,364.489777,715.163269,507.160431,7.839844,>6
3people-garage_001678#1,3people-garage_001678,images/3people-garage_001678.png,1,386.537109,357.617645,428.200012,481.734772,9.648438,>6
3people-garage_001678#2,3people-garage_001678,images/3people-garage_001678.png,2,613.09082,372.434906,652.916077,486.972412,9.742188,>6
3people-garage_001687#1,3people-garage_001687,images/3people-garage_001687.png,1,358.157043,366.381147,397.636505,472.033002,13.628906,>6
3people-garage_001687#2,3people-garage_001687,images/3people-garage_001687.png,2,402.866455,360.192017,445.045532,479.225494,11.046875,>6
3people-garage_001687#3,3people-garage_001687,images/3people-garage_001687.png,3,573.304504,363.969849,614.980225,478.9534,11.1875,>6
3people-garage_001699#1,3people-garage_001699,images/3people-garage_001699.png,1,330.018982,362.615479,371.020142,477.433136,10.878906,>6
3people-garage_001699#2,3people-garage_001699,images/3people-garage_001699.png,2,401.718292,361.799744,449.920441,487.302429,9.671875,>6
3people-garage_001699#3,3people-garage_001699,images/3people-garage_001699.png,3,534.627332,365.738793,569.42233,467.906593,12.453125,>6
3people-garage_001708#1,3people-garage_001708,images/3people-garage_001708.png,1,316.54007,362.860199,360.453339,485.335968,10.523438,>6
3people-garage_001708#2,3people-garage_001708,images/3people-garage_001708.png,2,402.061432,357.956299,451.205475,500.248016,8.992188,>6
3people-garage_001708#3,3people-garage_001708,images/3people-garage_001708.png,3,493.89386,367.195984,533.048584,465.393799,12.398438,>6
3people-garage_001710#1,3people-garage_001710,images/3people-garage_001710.png,1,310.865387,361.865051,357.901001,485.584564,11.757812,>6
3people-garage_001710#2,3people-garage_001710,images/3people-garage_001710.png,2,392.585083,356.146454,446.706116,501.439545,8.828125,>6
3people-garage_001710#3,3people-garage_001710,images/3people-garage_001710.png,3,488.201459,362.980863,531.006434,476.038094,12.460938,>6
3people-garage_001722#1,3people-garage_001722,images/3people-garage_001722.png,1,301.942139,356.538116,351.290161,497.239563,9.027344,>6
3people-garage_001722#2,3people-garage_001722,images/3people-garage_001722.png,2,365.552551,356.489594,425.474762,525.526062,7.644531,>6
3people-garage_001722#3,3people-garage_001722,images/3people-garage_001722.png,3,437.226929,371.134186,477.749381,470.975544,13.308594,>6
3people-garage_001737#1,3people-garage_001737,images/3people-garage_001737.png,1,288.489532,356.140411,348.478302,514.839722,7.894531,>6
3people-garage_001737#2,3people-garage_001737,images/3people-garage_001737.png,2,353.704895,348.592987,425.666656,562.739685,6.125,>6
3people-garage_001743#1,3people-garage_001743,images/3people-garage_001743.png,1,275.244171,355.268188,338.351837,526.098816,7.230469,>6
3people-garage_001743#2,3people-garage_001743,images/3people-garage_001743.png,2,332.566071,344.678192,419.479004,572.118164,5.664062,3-6
3people-garage_001758#1,3people-garage_001758,images/3people-garage_001758.png,1,230.21131,351.775391,290.303992,547.099365,6.509766,>6
3people-garage_001758#2,3people-garage_001758,images/3people-garage_001758.png,2,259.295471,335.715454,386.110321,657.829285,4.085938,3-6
3people-garage_001762#1,3people-garage_001762,images/3people-garage_001762.png,1,220.471436,349.218658,275.463501,549.676086,6.095703,>6
3people-garage_001762#2,3people-garage_001762,images/3people-garage_001762.png,2,257.715759,319.275513,379.611542,680.902649,3.582031,3-6
3people-garage_001778#1,3people-garage_001778,images/3people-garage_001778.png,1,89.91095,258.446228,331.551666,719.256409,1.90625,<3
3people-garage_001789#1,3people-garage_001789,images/3people-garage_001789.png,1,77.249107,327.941803,177.858963,644.853699,3.992188,3-6
3people-garage_001789#2,3people-garage_001789,images/3people-garage_001789.png,2,139.218658,238.453598,322.910736,719.466309,1.442383,<3
3people-garage_001798#1,3people-garage_001798,images/3people-garage_001798.png,1,0.051155,318.346191,128.94429,719.471863,3.245117,3-6
3people-garage_001798#2,3people-garage_001798,images/3people-garage_001798.png,2,167.028076,367.668579,225.107483,533.377014,7.148438,>6
3people-garage_001798#3,3people-garage_001798,images/3people-garage_001798.png,3,348.702972,237.475937,667.897827,719.377747,1.398438,<3
3people-garage_001800#1,3people-garage_001800,images/3people-garage_001800.png,1,0.089001,311.462585,103.971664,719.585999,3.248047,3-6
3people-garage_001800#2,3people-garage_001800,images/3people-garage_001800.png,2,173.734314,366.622009,234.257217,532.637146,7.039062,>6
3people-garage_001800#3,3people-garage_001800,images/3people-garage_001800.png,3,419.288635,253.958099,672.606873,719.806458,1.597168,<3
3people-garage_001812#1,3people-garage_001812,images/3people-garage_001812.png,1,233.290054,366.289764,297.84314,547.813171,6.222656,>6
3people-garage_001812#2,3people-garage_001812,images/3people-garage_001812.png,2,554.680481,302.078156,739.517212,718.678162,2.671875,<3
3people-garage_001828#1,3people-garage_001828,images/3people-garage_001828.png,1,9.919853,256.629211,209.901825,719.588745,1.680664,<3
3people-garage_001828#2,3people-garage_001828,images/3people-garage_001828.png,2,343.421448,366.209564,417.631073,571.708374,5.535156,3-6
3people-garage_001828#3,3people-garage_001828,images/3people-garage_001828.png,3,593.266479,332.695679,716.930054,646.087158,4.097656,3-6
3people-garage_001830#1,3people-garage_001830,images/3people-garage_001830.png,1,110.823174,249.075897,350.81601,719.182068,1.637695,<3
3people-garage_001830#2,3people-garage_001830,images/3people-garage_001830.png,2,359.542633,363.499054,435.288971,571.474548,5.427734,3-6
3people-garage_001830#3,3people-garage_001830,images/3people-garage_001830.png,3,582.911133,330.946167,718.092529,622.681152,4.382812,3-6
3people-garage_001840#1,3people-garage_001840,images/3people-garage_001840.png,1,373.520508,258.008972,541.400085,719.47229,1.698242,<3
3people-garage_001840#2,3people-garage_001840,images/3people-garage_001840.png,2,572.894348,340.191559,656.994873,581.917297,5.246094,3-6
3people-garage_001853#1,3people-garage_001853,images/3people-garage_001853.png,1,563.668518,342.960022,619.68689,535.117493,6.738281,>6
3people-garage_001853#2,3people-garage_001853,images/3people-garage_001853.png,2,602.745117,358.295746,667.754883,589.197937,5.011719,3-6
3people-garage_001853#3,3people-garage_001853,images/3people-garage_001853.png,3,655.203735,273.613037,864.35968,719.739319,1.917969,<3
3people-garage_001869#1,3people-garage_001869,images/3people-garage_001869.png,1,540.879211,353.506165,594.454773,509.297241,8.226562,>6
3people-garage_001869#2,3people-garage_001869,images/3people-garage_001869.png,2,724.045898,365.092621,781.934875,552.478882,6.011719,>6
3people-garage_001869#3,3people-garage_001869,images/3people-garage_001869.png,3,758.372131,306.318451,925.131226,718.60968,2.900391,<3
3people-garage_001878#1,3people-garage_001878,images/3people-garage_001878.png,1,519.911255,357.987183,568.40564,496.740692,8.890625,>6
3people-garage_001878#2,3people-garage_001878,images/3people-garage_001878.png,2,739.964172,317.435608,866.940125,655.931702,3.578125,3-6
3people-garage_001888#1,3people-garage_001888,images/3people-garage_001888.png,1,498.700317,358.394684,552.910706,489.300293,9.515625,>6
3people-garage_001888#2,3people-garage_001888,images/3people-garage_001888.png,2,722.257263,330.56366,824.495728,616.652222,4.386719,3-6
3people-garage_001888#3,3people-garage_001888,images/3people-garage_001888.png,3,806.949722,362.134437,861.589675,524.700202,6.976562,>6
3people-garage_001893#1,3people-garage_001893,images/3people-garage_001893.png,1,484.773956,357.507477,523.644775,485.593231,9.640625,>6
3people-garage_001893#2,3people-garage_001893,images/3people-garage_001893.png,2,714.57074,335.435394,802.163269,603.531189,4.777344,3-6
3people-garage_001893#3,3people-garage_001893,images/3people-garage_001893.png,3,803.879578,364.233856,861.926208,512.118042,8.453125,>6
3people-garage_001901#1,3people-garage_001901,images/3people-garage_001901.png,1,486.448792,360.71759,543.064087,486.788635,9.5625,>6
3people-garage_001901#2,3people-garage_001901,images/3people-garage_001901.png,2,696.513123,337.210907,780.37854,569.509949,5.425781,3-6
3people-garage_001901#3,3people-garage_001901,images/3people-garage_001901.png,3,794.431824,363.222198,845.151306,496.819885,9.183594,>6
3people-garage_001912#1,3people-garage_001912,images/3people-garage_001912.png,1,554.280579,353.839966,590.367371,493.196136,9.148438,>6
3people-garage_001912#2,3people-garage_001912,images/3people-garage_001912.png,2,676.952515,343.532135,746.100464,544.856567,6.167969,>6
3people-garage_001912#3,3people-garage_001912,images/3people-garage_001912.png,3,761.164185,365.951233,807.284424,480.9552,9.695312,>6
3people-garage_001921#1,3people-garage_001921,images/3people-garage_001921.png,1,617.377686,353.457947,668.157043,494.383423,8.589844,>6
3people-garage_001921#2,3people-garage_001921,images/3people-garage_001921.png,2,658.035889,346.972321,725.452698,533.499451,6.859375,>6
3people-garage_001921#3,3people-garage_001921,images/3people-garage_001921.png,3,717.438354,369.135956,768.992065,474.660095,11.398438,>6
3people-garage_001931#1,3people-garage_001931,images/3people-garage_001931.png,1,630.934998,353.18924,683.747925,514.610229,7.59375,>6
3people-garage_001931#2,3people-garage_001931,images/3people-garage_001931.png,2,674.497375,368.33313,707.597351,467.457642,,>6
3people-garage_001931#3,3people-garage_001931,images/3people-garage_001931.png,3,687.818115,351.484253,768.949036,506.579987,7.476562,>6
3people-garage_001949#1,3people-garage_001949,images/3people-garage_001949.png,1,565.318478,369.337799,608.367004,468.560268,12.421875,>6
3people-garage_001949#2,3people-garage_001949,images/3people-garage_001949.png,2,610.943726,354.983643,656.008484,493.346741,9.21875,>6
3people-garage_001949#3,3people-garage_001949,images/3people-garage_001949.png,3,817.256714,342.740631,911.558594,541.000854,6.347656,>6
3people-garage_001951#1,3people-garage_001951,images/3people-garage_001951.png,1,552.495238,370.083496,604.509514,477.45559,11.519531,>6
3people-garage_001951#2,3people-garage_001951,images/3people-garage_001951.png,2,612.203613,359.861328,652.938721,491.673187,9.046875,>6
3people-garage_001951#3,3people-garage_001951,images/3people-garage_001951.png,3,831.763367,346.174805,921.023987,553.156738,6.121094,>6
3people-garage_001961#1,3people-garage_001961,images/3people-garage_001961.png,1,501.121718,375.386704,551.619557,470.436283,12.328125,>6
3people-garage_001961#2,3people-garage_001961,images/3people-garage_001961.png,2,603.154968,354.361176,655.611389,482.046753,9.941406,>6
3people-garage_001961#3,3people-garage_001961,images/3people-garage_001961.png,3,882.615417,335.107544,959.964661,571.325684,4.902344,3-6
3people-garage_001972#1,3people-garage_001972,images/3people-garage_001972.png,1,454.196411,371.353149,495.225037,466.706268,12.195312,>6
3people-garage_001972#2,3people-garage_001972,images/3people-garage_001972.png,2,590.882812,358.41745,633.103638,474.572235,10.765625,>6
3people-garage_001972#3,3people-garage_001972,images/3people-garage_001972.png,3,898.872918,331.197968,959.769287,605.098068,5.353516,3-6
3people-garage_001985#1,3people-garage_001985,images/3people-garage_001985.png,1,415.449036,373.946899,450.183777,476.736084,10.953125,>6
3people-garage_001985#2,3people-garage_001985,images/3people-garage_001985.png,2,567.443115,361.491699,604.947697,483.681554,11.03125,>6
3people-garage_001985#3,3people-garage_001985,images/3people-garage_001985.png,3,840.531275,310.478302,959.580408,690.897034,3.330078,3-6
3people-garage_001995#1,3people-garage_001995,images/3people-garage_001995.png,1,385.849548,373.471802,425.852417,490.099091,9.605469,>6
3people-garage_001995#2,3people-garage_001995,images/3people-garage_001995.png,2,532.964412,363.126818,569.2771,462.326294,12.628906,>6
3people-garage_001995#3,3people-garage_001995,images/3people-garage_001995.png,3,761.623718,295.28363,959.440613,719.539917,2.554688,<3
3people-garage_002004#1,3people-garage_002004,images/3people-garage_002004.png,1,368.68634,371.593719,413.736694,501.032166,8.671875,>6
3people-garage_002004#2,3people-garage_002004,images/3people-garage_002004.png,2,496.862366,360.458344,530.917969,460.422302,12.40625,>6
3people-garage_002004#3,3people-garage_002004,images/3people-garage_002004.png,3,638.033203,254.562881,957.436523,718.911377,1.828125,<3
3people-garage_002019#1,3people-garage_002019,images/3people-garage_002019.png,1,136.067322,159.111603,423.145966,719.801697,0.997559,<3
3people-garage_002019#2,3people-garage_002019,images/3people-garage_002019.png,2,443.414808,355.448248,476.04512,471.271448,12.476562,>6
3people-garage_002027#1,3people-garage_002027,images/3people-garage_002027.png,1,0,228.727676,286.489594,718.959778,1.485352,<3
3people-garage_002027#2,3people-garage_002027,images/3people-garage_002027.png,2,321.72702,368.179596,387.897949,546.23645,6.269531,>6
3people-garage_002027#3,3people-garage_002027,images/3people-garage_002027.png,3,418.006165,363.908752,452.998471,474.633687,13.371094,>6
3people-garage_002036#1,3people-garage_002036,images/3people-garage_002036.png,1,0.31897,267.372711,187.105118,718.49176,2.101562,<3
3people-garage_002036#2,3people-garage_002036,images/3people-garage_002036.png,2,288.93103,365.6427,364.44986,578.4104,5.484375,3-6
3people-garage_002036#3,3people-garage_002036,images/3people-garage_002036.png,3,388.784637,365.22113,433.793961,484.856085,11.328125,>6
3people-garage_002040#1,3people-garage_002040,images/3people-garage_002040.png,1,0.249847,287.8461,200.546265,719.392883,2.429688,<3
3people-garage_002040#2,3people-garage_002040,images/3people-garage_002040.png,2,281.738892,363.357117,360.884705,596.306274,5.076172,3-6
3people-garage_002040#3,3people-garage_002040,images/3people-garage_002040.png,3,380.056244,363.142975,422.853511,487.175941,11.007812,>6
3people-garage_002056#1,3people-garage_002056,images/3people-garage_002056.png,1,97.21772,321.33371,227.533173,658.170288,3.699219,3-6
3people-garage_002056#2,3people-garage_002056,images/3people-garage_002056.png,2,272.729828,347.966766,381.062622,683.754272,3.561523,3-6
3people-garage_002056#3,3people-garage_002056,images/3people-garage_002056.png,3,355.745911,361.803009,396.766479,483.674744,,>6
3people-garage_002069#1,3people-garage_002069,images/3people-garage_002069.png,1,172.112885,338.979248,262.450073,602.700256,4.964844,3-6
3people-garage_002069#2,3people-garage_002069,images/3people-garage_002069.png,2,340.172455,356.843109,389.336426,501.976532,8.734375,>6
3people-garage_002069#3,3people-garage_002069,images/3people-garage_002069.png,3,398.009216,337.674652,553.68512,719.533264,2.474609,<3
3people-garage_002071#1,3people-garage_002071,images/3people-garage_002071.png,1,180.328201,335.874756,276.573029,584.644043,5.144531,3-6
3people-garage_002071#2,3people-garage_002071,images/3people-garage_002071.png,2,339.570953,358.441833,391.334656,502.487274,8.703125,>6
3people-garage_002071#3,3people-garage_002071,images/3people-garage_002071.png,3,426.957458,335.549744,578.237366,719.444275,2.507812,<3
3people-garage_002088#1,3people-garage_002088,images/3people-garage_002088.png,1,227.412384,349.787415,297.093994,540.521606,6.539062,>6
3people-garage_002088#2,3people-garage_002088,images/3people-garage_002088.png,2,320.2836,355.943329,381.723114,527.90332,7.355469,>6
3people-garage_002088#3,3people-garage_002088,images/3people-garage_002088.png,3,832.795532,342.954071,959.393555,719.693542,2.556641,<3
3people-garage_002091#1,3people-garage_002091,images/3people-garage_002091.png,1,234.629303,353.972992,303.721497,536.496887,6.457031,>6
3people-garage_002091#2,3people-garage_002091,images/3people-garage_002091.png,2,313.401672,355.474915,375.489319,531.180603,7.222656,>6
3people-garage_002091#3,3people-garage_002091,images/3people-garage_002091.png,3,850.781128,342.999298,959.896423,718.611206,3.333984,3-6
3people-garage_002109#1,3people-garage_002109,images/3people-garage_002109.png,1,276.242004,348.719055,352.562653,566.684509,5.732422,3-6
3people-garage_002109#2,3people-garage_002109,images/3people-garage_002109.png,2,333.213226,351.135468,395.298431,519.866089,7.460938,>6
3people-garage_002109#3,3people-garage_002109,images/3people-garage_002109.png,3,865.29364,355.053841,959.36261,629.467567,3.945312,3-6
3people-garage_002114#1,3people-garage_002114,images/3people-garage_002114.png,1,254.428436,345.461517,331.596954,583.352112,5.242188,3-6
3people-garage_002114#2,3people-garage_002114,images/3people-garage_002114.png,2,348.947418,352.539917,410.417023,527.402161,7.275391,>6
3people-garage_002114#3,3people-garage_002114,images/3people-garage_002114.png,3,869.671645,352.57628,952.39247,601.9507,4.738281,3-6
3people-garage_002127#1,3people-garage_002127,images/3people-garage_002127.png,1,199.436981,333.56131,303.931976,632.295837,4.242188,3-6
3people-garage_002127#2,3people-garage_002127,images/3people-garage_002127.png,2,384.283797,346.558411,460.591353,549.255707,6.285156,>6
3people-garage_002127#3,3people-garage_002127,images/3people-garage_002127.png,3,833.709961,361.854858,899.272888,555.81134,5.898438,3-6
3people-garage_002139#1,3people-garage_002139,images/3people-garage_002139.png,1,196.64827,317.126831,328.989563,703.182007,3.396484,3-6
3people-garage_002139#2,3people-garage_002139,images/3people-garage_002139.png,2,415.899811,338.270691,501.704865,574.912537,5.410156,3-6
3people-garage_002139#3,3people-garage_002139,images/3people-garage_002139.png,3,824.873169,359.596619,883.561951,527.423035,6.947266,>6
3people-garage_002140#1,3people-garage_002140,images/3people-garage_002140.png,1,200.56189,313.921509,336.131378,702.958923,3.329102,3-6
3people-garage_002140#2,3people-garage_002140,images/3people-garage_002140.png,2,419.435394,337.037109,507.561493,577.159851,5.367188,3-6
3people-garage_002140#3,3people-garage_002140,images/3people-garage_002140.png,3,825.433044,360.192535,885.760254,520.907471,7.09375,>6
3people-garage_002152#1,3people-garage_002152,images/3people-garage_002152.png,1,331.02951,299.297607,450.985565,720,2.6875,<3
3people-garage_002152#2,3people-garage_002152,images/3people-garage_002152.png,2,466.799042,332.270691,565.989441,619.471497,4.507812,3-6
3people-garage_002152#3,3people-garage_002152,images/3people-garage_002152.png,3,844.209595,363.333557,902.244141,503.874237,8.128906,>6
3people-garage_002162#1,3people-garage_002162,images/3people-garage_002162.png,1,424.375061,326.025696,532.18103,655.515991,3.949219,3-6
3people-garage_002162#2,3people-garage_002162,images/3people-garage_002162.png,2,493.415497,290.097748,668.618286,719.18158,2.388672,<3
3people-garage_002162#3,3people-garage_002162,images/3people-garage_002162.png,3,844.164185,364.701416,895.383179,492.027649,9.046875,>6
3people-garage_002174#1,3people-garage_002174,images/3people-garage_002174.png,1,321.939056,310.602783,471.68399,719.666626,2.982422,<3
3people-garage_002174#2,3people-garage_002174,images/3people-garage_002174.png,2,729.198853,288.242523,893.46405,719.066406,2.267578,<3
3people-garage_002184#1,3people-garage_002184,images/3people-garage_002184.png,1,216.845718,266.423584,422.757843,719.1521,2.023438,<3
3people-garage_002184#2,3people-garage_002184,images/3people-garage_002184.png,2,723.664185,368.491608,783.65387,472.77182,10.90625,>6
3people-garage_002184#3,3people-garage_002184,images/3people-garage_002184.png,3,829.445435,296.087799,959.387878,719.977112,2.681641,<3
3people-garage_002194#1,3people-garage_002194,images/3people-garage_002194.png,1,212.386322,209.005112,429.983459,719.376221,1.364258,<3
3people-garage_002194#2,3people-garage_002194,images/3people-garage_002194.png,2,676.727112,368.344147,712.533203,471.626251,10.859375,>6
3people-garage_002194#3,3people-garage_002194,images/3people-garage_002194.png,3,876.826904,309.431396,959.328735,677.858826,6.335938,>6
3people-garage_002205#1,3people-garage_002205,images/3people-garage_002205.png,1,167.987595,272.454132,379.815613,719.336975,1.705078,<3
3people-garage_002205#2,3people-garage_002205,images/3people-garage_002205.png,2,609.528155,362.022753,668.277278,482.521774,11.566406,>6
3people-garage_002205#3,3people-garage_002205,images/3people-garage_002205.png,3,847.945129,324.393158,959.642212,637.346924,3.890625,3-6
3people-garage_002219#1,3people-garage_002219,images/3people-garage_002219.png,1,201.35675,308.293121,366.090179,719.754272,2.871094,<3
3people-garage_002219#2,3people-garage_002219,images/3people-garage_002219.png,2,544.877869,372.198792,595.420349,482.941437,9.816406,>6
3people-garage_002219#3,3people-garage_002219,images/3people-garage_002219.png,3,772.632019,337.443695,866.078613,575.344666,5.183594,3-6
3people-garage_002224#1,3people-garage_002224,images/3people-garage_002224.png,1,225.90564,317.339478,367.375397,686.256531,3.392578,3-6
3people-garage_002224#2,3people-garage_002224,images/3people-garage_002224.png,2,512.066298,374.603378,563.805373,483.85939,10.109375,>6
3people-garage_002224#3,3people-garage_002224,images/3people-garage_002224.png,3,763.183777,340.003967,842.071472,561.397583,5.589844,3-6
3people-garage_002239#1,3people-garage_002239,images/3people-garage_002239.png,1,313.597046,338.670807,411.76355,601.731628,4.835938,3-6
3people-garage_002239#2,3people-garage_002239,images/3people-garage_002239.png,2,437.041992,370.97168,469.745178,489.025726,9.402344,>6
3people-garage_002239#3,3people-garage_002239,images/3people-garage_002239.png,3,729.72113,338.990967,796.076538,536.467102,6.841797,>6
3people-garage_002242#1,3people-garage_002242,images/3people-garage_002242.png,1,322.777954,345.730835,411.468506,592.038269,5.109375,3-6
3people-garage_002242#2,3people-garage_002242,images/3people-garage_002242.png,2,408.680786,374.593414,460.810124,500.681292,9.445312,>6
3people-garage_002242#3,3people-garage_002242,images/3people-garage_002242.png,3,713.219482,346.231323,785.125916,526.671692,7.195312,>6
3people-garage_002257#1,3people-garage_002257,images/3people-garage_002257.png,1,331.127838,361.528278,370.046105,520.777878,8.714844,>6
3people-garage_002257#2,3people-garage_002257,images/3people-garage_002257.png,2,352.104834,354.054114,416.103064,539.598975,6.626953,>6
3people-garage_002257#3,3people-garage_002257,images/3people-garage_002257.png,3,691.625916,352.408386,744.126099,506.269623,7.929688,>6
3people-garage_002267#1,3people-garage_002267,images/3people-garage_002267.png,1,272.216858,367.024353,340.104218,532.589417,7.023438,>6
3people-garage_002267#2,3people-garage_002267,images/3people-garage_002267.png,2,394.581696,352.953705,455.703217,519.912781,7.472656,>6
3people-garage_002267#3,3people-garage_002267,images/3people-garage_002267.png,3,666.339172,350.673065,712.386292,495.151337,8.84375,>6
3people-garage_002274#1,3people-garage_002274,images/3people-garage_002274.png,1,228.402374,366.68631,291.121033,545.451355,6.300781,>6
3people-garage_002274#2,3people-garage_002274,images/3people-garage_002274.png,2,442.47821,352.608612,486.223938,509.195831,7.75,>6
3people-garage_002274#3,3people-garage_002274,images/3people-garage_002274.png,3,637.257935,355.155609,675.976074,488.37674,9.40625,>6
3people-garage_002284#1,3people-garage_002284,images/3people-garage_002284.png,1,172.310196,364.558319,243.189514,581.708374,5.414062,3-6
3people-garage_002284#2,3people-garage_002284,images/3people-garage_002284.png,2,500.996521,349.219299,564.926697,518.894897,7.242188,>6
3people-garage_002284#3,3people-garage_002284,images/3people-garage_002284.png,3,582.810791,364.010681,635.431946,482.991608,10.179688,>6
3people-garage_002299#1,3people-garage_002299,images/3people-garage_002299.png,1,47.31181,355.36161,175.903793,662.33268,3.902344,3-6
3people-garage_002299#2,3people-garage_002299,images/3people-garage_002299.png,2,523.284912,361.904863,555.481628,479.917345,10.921875,>6
3people-garage_002299#3,3people-garage_002299,images/3people-garage_002299.png,3,549.253784,339.573604,622.477255,560.046143,6.042969,>6
3people-garage_002307#1,3people-garage_002307,images/3people-garage_002307.png,1,1.785267,350.17981,122.506599,719.799866,2.954102,<3
3people-garage_002307#2,3people-garage_002307,images/3people-garage_002307.png,2,509.410307,354.637688,572.413408,495.56832,9.714844,>6
3people-garage_002307#3,3people-garage_002307,images/3people-garage_002307.png,3,547.361661,342.301183,685.873489,596.439532,5.021484,3-6
3people-garage_002319#1,3people-garage_002319,images/3people-garage_002319.png,1,0.163857,350.083923,104.661644,718.534241,2.794922,<3
3people-garage_002319#2,3people-garage_002319,images/3people-garage_002319.png,2,557.497742,360.511169,599.076416,489.641724,9.226562,>6
3people-garage_002319#3,3people-garage_002319,images/3people-garage_002319.png,3,622.536499,317.918701,781.10614,678.422791,3.680664,3-6
3people-garage_002323#1,3people-garage_002323,images/3people-garage_002323.png,1,0.129021,406.108795,74.649376,718.481567,3.246094,3-6
3people-garage_002323#2,3people-garage_002323,images/3people-garage_002323.png,2,554.638916,359.854248,602.856262,493.637238,8.46875,>6
3people-garage_002323#3,3people-garage_002323,images/3people-garage_002323.png,3,640.632996,307.505897,775.725586,716.914894,3.261719,3-6
3people-garage_002333#1,3people-garage_002333,images/3people-garage_002333.png,1,0.15065,339.061981,109.063614,718.242249,,<3
3people-garage_002333#2,3people-garage_002333,images/3people-garage_002333.png,2,541.479126,360.930664,596.000793,502.846832,8.546875,>6
3people-garage_002333#3,3people-garage_002333,images/3people-garage_002333.png,3,736.099731,275.247101,959.504517,718.186462,2.275391,<3
3people-garage_002340#1,3people-garage_002340,images/3people-garage_002340.png,1,110.966606,344.992401,244.033356,719.099915,2.942383,<3
3people-garage_002340#2,3people-garage_002340,images/3people-garage_002340.png,2,533.321838,361.423431,596.838562,507.903625,8.210938,>6
3people-garage_002340#3,3people-garage_002340,images/3people-garage_002340.png,3,815.83234,233.364736,959.838745,719.077332,1.625977,<3
3people-garage_002355#1,3people-garage_002355,images/3people-garage_002355.png,1,356.502716,364.566895,482.948944,666.221069,3.732422,3-6
3people-garage_002355#2,3people-garage_002355,images/3people-garage_002355.png,2,493.098541,364.216949,544.513611,521.982361,7.316406,>6
3people-garage_002369#1,3people-garage_002369,images/3people-garage_002369.png,1,433.678619,346.488495,496.406799,539.654419,6.375,>6
3people-garage_002369#2,3people-garage_002369,images/3people-garage_002369.png,2,563.99762,352.234222,651.711731,611.290344,4.433594,3-6
3people-garage_002379#1,3people-garage_002379,images/3people-garage_002379.png,1,361.075195,356.838165,408.056763,544.011292,6.238281,>6
3people-garage_002379#2,3people-garage_002379,images/3people-garage_002379.png,2,662.853882,355.662415,746.558716,582.458191,5.097656,3-6
3people-garage_002382#1,3people-garage_002382,images/3people-garage_002382.png,1,345.515076,350.758789,409.011017,550.603088,6.105469,>6
3people-garage_002382#2,3people-garage_002382,images/3people-garage_002382.png,2,691.881958,357.670624,786.724609,582.743835,5.078125,3-6
3people-garage_002393#1,3people-garage_002393,images/3people-garage_002393.png,1,288.560883,346.265533,375.384552,580.379028,5.40625,3-6
3people-garage_002393#2,3people-garage_002393,images/3people-garage_002393.png,2,780.299988,363.85611,878.990723,562.581665,5.636719,3-6
3people-garage_002406#1,3people-garage_002406,images/3people-garage_002406.png,1,119.431091,331.789886,250.050568,624.056335,4.292969,3-6
3people-garage_002406#2,3people-garage_002406,images/3people-garage_002406.png,2,560.519409,269.27243,781.362549,719.508728,1.743164,<3
3people-garage_002406#3,3people-garage_002406,images/3people-garage_002406.png,3,796.018616,356.899384,893.239014,552.296082,6.0625,>6
3people-garage_002416#1,3people-garage_002416,images/3people-garage_002416.png,1,11.925144,320.157074,138.206833,700.749084,3.355469,3-6
3people-garage_002416#2,3people-garage_002416,images/3people-garage_002416.png,2,501.912079,309.62265,661.084167,719.620605,2.822266,<3
3people-garage_002416#3,3people-garage_002416,images/3people-garage_002416.png,3,740.630676,367.137543,834.899414,537.920349,6.746094,>6
3people-garage_002424#1,3people-garage_002424,images/3people-garage_002424.png,1,0.048134,309.138153,110.462547,719.444702,3.158203,3-6
3people-garage_002424#2,3people-garage_002424,images/3people-garage_002424.png,2,473.151764,326.088226,602.608521,669.720764,3.671875,3-6
3people-garage_002424#3,3people-garage_002424,images/3people-garage_002424.png,3,695.718201,359.285522,752.162109,527.338623,6.917969,>6
3people-garage_002435#1,3people-garage_002435,images/3people-garage_002435.png,1,8.879551,297.108246,174.463577,719.4505,2.636719,<3
3people-garage_002435#2,3people-garage_002435,images/3people-garage_002435.png,2,433.907501,339.315033,531.636108,589.42334,4.8125,3-6
3people-garage_002435#3,3people-garage_002435,images/3people-garage_002435.png,3,658.319885,364.779663,713.236145,511.33786,8.140625,>6
3people-garage_002441#1,3people-garage_002441,images/3people-garage_002441.png,1,146.123581,297.53183,296.182617,719.312134,2.527344,<3
3people-garage_002441#2,3people-garage_002441,images/3people-garage_002441.png,2,387.055298,345.934021,478.764404,582.873413,5.400391,3-6
3people-garage_002441#3,3people-garage_002441,images/3people-garage_002441.png,3,650.396362,369.707977,696.253845,503.06012,8.5625,>6
3people-garage_002450#1,3people-garage_002450,images/3people-garage_002450.png,1,326.328094,307.670288,445.331726,719.592102,2.939453,<3
3people-garage_002450#2,3people-garage_002450,images/3people-garage_002450.png,2,635.929382,373.395355,675.265198,490.313599,9.328125,>6
3people-garage_002467#1,3people-garage_002467,images/3people-garage_002467.png,1,315.586304,345.908203,393.781891,553.789673,6.125,>6
3people-garage_002467#2,3people-garage_002467,images/3people-garage_002467.png,2,469.172424,328.665253,575.79364,632.131409,4.058594,3-6
3people-garage_002467#3,3people-garage_002467,images/3people-garage_002467.png,3,567.677198,369.685856,615.661532,486.277427,10.382812,>6
3people-garage_002475#1,3people-garage_002475,images/3people-garage_002475.png,1,291.032532,340.958099,382.575562,578.03302,5.390625,3-6
3people-garage_002475#2,3people-garage_002475,images/3people-garage_002475.png,2,525.554077,333.618073,621.23877,600.186462,4.628906,3-6
3people-garage_002484#1,3people-garage_002484,images/3people-garage_002484.png,1,289.208405,338.320374,397.332733,625.833862,4.546875,3-6
3people-garage_002484#2,3people-garage_002484,images/3people-garage_002484.png,2,466.242737,376.693817,512.165955,475.099091,12.351562,>6
3people-garage_002484#3,3people-garage_002484,images/3people-garage_002484.png,3,567.473511,341.293945,659.037415,571.76001,5.378906,3-6
3people-garage_002490#1,3people-garage_002490,images/3people-garage_002490.png,1,269.329498,326.985687,395.640747,657.87854,3.859375,3-6
3people-garage_002490#2,3people-garage_002490,images/3people-garage_002490.png,2,434.17337,373.058716,478.523895,477.733521,11.34375,>6
3people-garage_002490#3,3people-garage_002490,images/3people-garage_002490.png,3,572.227871,342.444672,661.132534,548.442688,6.089844,>6
3people-garage_002509#1,3people-garage_002509,images/3people-garage_002509.png,1,325.814117,272.344879,530.085449,718.919312,2.068359,<3
3people-garage_002509#2,3people-garage_002509,images/3people-garage_002509.png,2,533.762983,359.164124,587.696777,503.500945,7.769531,>6
3people-garage_002519#1,3people-garage_002519,images/3people-garage_002519.png,1,331.056427,370.646332,380.063293,509.889069,8.273438,>6
3people-garage_002519#2,3people-garage_002519,images/3people-garage_002519.png,2,525.143066,357.014465,576.289185,500.934723,8.597656,>6
3people-garage_002519#3,3people-garage_002519,images/3people-garage_002519.png,3,565.901245,188.796082,830.187012,719.238708,1.172852,<3
3people-garage_002521#1,3people-garage_002521,images/3people-garage_002521.png,1,316.564814,372.77005,372.340815,515.148987,7.890625,>6
3people-garage_002521#2,3people-garage_002521,images/3people-garage_002521.png,2,529.42334,357.22403,576.079712,499.153748,8.640625,>6
3people-garage_002521#3,3people-garage_002521,images/3people-garage_002521.png,3,672.384216,188.705503,922.098511,718.788495,1.112305,<3
3people-garage_002533#1,3people-garage_002533,images/3people-garage_002533.png,1,263.542725,371.736786,331.311798,534.017639,6.789062,>6
3people-garage_002533#2,3people-garage_002533,images/3people-garage_002533.png,2,540.901978,358.099548,582.750732,486.051819,9.273438,>6
3people-garage_002541#1,3people-garage_002541,images/3people-garage_002541.png,1,234.010071,367.273956,296.192719,542.945862,6.484375,>6
3people-garage_002541#2,3people-garage_002541,images/3people-garage_002541.png,2,527.647034,362.05014,569.318909,478.803131,10.53125,>6
3people-garage_002541#3,3people-garage_002541,images/3people-garage_002541.png,3,683.856079,211.892365,958.947693,718.045898,1.306641,<3
3people-garage_002550#1,3people-garage_002550,images/3people-garage_002550.png,1,217.106918,368.268799,288.921509,574.581238,5.537109,3-6
3people-garage_002550#2,3people-garage_002550,images/3people-garage_002550.png,2,511.133345,359.731831,539.591223,472.180481,11.359375,>6
3people-garage_002550#3,3people-garage_002550,images/3people-garage_002550.png,3,652.637573,288.356354,858.895264,720,2.150391,<3
3people-garage_002564#1,3people-garage_002564,images/3people-garage_002564.png,1,196.212067,360.462891,298.512177,624.463989,4.460938,3-6
3people-garage_002564#2,3people-garage_002564,images/3people-garage_002564.png,2,448.439758,361.756195,488.555054,468.589813,11.789062,>6
3people-garage_002564#3,3people-garage_002564,images/3people-garage_002564.png,3,559.587158,326.413025,697.752686,685.997375,3.576172,3-6
3people-garage_002576#1,3people-garage_002576,images/3people-garage_002576.png,1,203.16188,345.390198,325.025513,693.865356,3.482422,3-6
3people-garage_002576#2,3people-garage_002576,images/3people-garage_002576.png,2,393.268782,361.834565,436.637968,475.560699,11.101562,>6
3people-garage_002576#3,3people-garage_002576,images/3people-garage_002576.png,3,504.364868,332.734619,600.975037,596.322693,4.738281,3-6
3people-garage_002589#1,3people-garage_002589,images/3people-garage_002589.png,1,352.355769,339.783338,406.677102,433.409159,,>6
3people-garage_002589#2,3people-garage_002589,images/3people-garage_002589.png,2,352.585327,335.226837,481.418518,719.501648,2.685547,<3
3people-garage_002589#3,3people-garage_002589,images/3people-garage_002589.png,3,500.241608,346.971954,583.175171,549.883179,6.0625,>6
3people-garage_002599#1,3people-garage_002599,images/3people-garage_002599.png,1,347.920288,362.67865,390.783325,498.296082,9.351562,>6
3people-garage_002599#2,3people-garage_002599,images/3people-garage_002599.png,2,486.166382,351.742462,549.413452,529.531311,6.900391,>6
3people-garage_002599#3,3people-garage_002599,images/3people-garage_002599.png,3,579.952332,336.424408,690.230713,718.211243,2.490234,<3
3people-garage_002602#1,3people-garage_002602,images/3people-garage_002602.png,1,349.368744,363.430756,390.106415,498.681976,8.984375,>6
3people-garage_002602#2,3people-garage_002602,images/3people-garage_002602.png,2,499.13327,350.927063,543.466003,523.982605,6.949219,>6
3people-garage_002602#3,3people-garage_002602,images/3people-garage_002602.png,3,606.261536,340.157928,825.247437,719.751343,2.597656,<3
3people-garage_002609#1,3people-garage_002609,images/3people-garage_002609.png,1,342.546844,359.312805,388.504425,508.602722,8.519531,>6
3people-garage_002609#2,3people-garage_002609,images/3people-garage_002609.png,2,503.362518,350.417175,568.171692,523.199158,7.484375,>6
3people-garage_002609#3,3people-garage_002609,images/3people-garage_002609.png,3,724.230286,342.809753,858.014832,719.453674,2.964844,<3
3people-garage_002619#1,3people-garage_002619,images/3people-garage_002619.png,1,333.714417,359.098907,386.376251,526.351685,7.671875,>6
3people-garage_002619#2,3people-garage_002619,images/3people-garage_002619.png,2,498.657349,347.465424,569.924561,538.477112,6.832031,>6
3people-garage_002619#3,3people-garage_002619,images/3people-garage_002619.png,3,748.418213,350.833069,876.69458,660.594971,3.733398,3-6
3people-garage_002633#1,3people-garage_002633,images/3people-garage_002633.png,1,293.4021,347.763275,361.042999,548.336548,6.453125,>6
3people-garage_002633#2,3people-garage_002633,images/3people-garage_002633.png,2,523.178101,336.127716,608.213623,588.240295,5.171875,3-6
3people-garage_002633#3,3people-garage_002633,images/3people-garage_002633.png,3,775.901001,357.658356,870.599487,586.214722,4.855469,3-6
3people-garage_002645#1,3people-garage_002645,images/3people-garage_002645.png,1,241.758591,344.550934,334.48172,582.399048,5.171875,3-6
3people-garage_002645#2,3people-garage_002645,images/3people-garage_002645.png,2,586.035278,326.147125,716.481812,671.525391,3.921875,3-6
3people-garage_002645#3,3people-garage_002645,images/3people-garage_002645.png,3,775.411743,356.112122,844.416504,551.56665,6,3-6
3people-garage_002650#1,3people-garage_002650,images/3people-garage_002650.png,1,212.126953,341.733429,298.016052,610.925354,4.761719,3-6
3people-garage_002650#2,3people-garage_002650,images/3people-garage_002650.png,2,611.870789,320.609253,798.589783,705.837769,3.369141,3-6
3people-garage_002650#3,3people-garage_002650,images/3people-garage_002650.png,3,750.373718,359.06955,816.388367,537.204346,6.490234,>6
3people-garage_002667#1,3people-garage_002667,images/3people-garage_002667.png,1,12.707726,313.326874,200.697876,711.195435,3.144531,3-6
3people-garage_002667#2,3people-garage_002667,images/3people-garage_002667.png,2,634.54126,378.366669,684.066101,509.212555,7.96875,>6
3people-garage_002667#3,3people-garage_002667,images/3people-garage_002667.png,3,855.758423,232.077087,959.875854,718.355225,1.814453,<3
3people-garage_002671#1,3people-garage_002671,images/3people-garage_002671.png,1,0.117096,304.729523,158.112549,719.188171,2.765625,<3
3people-garage_002671#2,3people-garage_002671,images/3people-garage_002671.png,2,608.094604,377.538452,659.187256,506.317291,7.890625,>6
3people-garage_002680#1,3people-garage_002680,images/3people-garage_002680.png,1,0.314884,368.943433,82.227074,717.624128,3.669922,3-6
3people-garage_002680#2,3people-garage_002680,images/3people-garage_002680.png,2,528.150024,375.957733,597.022034,508.908783,7.902344,>6
3people-garage_002696#1,3people-garage_002696,images/3people-garage_002696.png,1,0,220.851395,222.890915,719.027527,1.326172,<3
3people-garage_002696#2,3people-garage_002696,images/3people-garage_002696.png,2,439.417419,367.625763,495.269714,525.981079,7.179688,>6
3people-garage_002696#3,3people-garage_002696,images/3people-garage_002696.png,3,713.27124,322.030731,890.800781,705.010376,3.386719,3-6
3people-garage_002700#1,3people-garage_002700,images/3people-garage_002700.png,1,89.704193,215.328827,427.878387,719.681091,1.291992,<3
3people-garage_002700#2,3people-garage_002700,images/3people-garage_002700.png,2,418.778503,370.029187,470.77533,530.778302,6.669922,>6
3people-garage_002700#3,3people-garage_002700,images/3people-garage_002700.png,3,668.718079,322.445618,778.88031,658.951782,3.775391,3-6
3people-garage_002716#1,3people-garage_002716,images/3people-garage_002716.png,1,244.774246,369.414429,335.448425,552.610901,5.910156,3-6
3people-garage_002716#2,3people-garage_002716,images/3people-garage_002716.png,2,582.737732,346.801758,651.208374,576.229675,5.40625,3-6
3people-garage_002716#3,3people-garage_002716,images/3people-garage_002716.png,3,647.458557,223.232727,946.629089,719.633667,1.448242,<3
3people-garage_002720#1,3people-garage_002720,images/3people-garage_002720.png,1,193.407578,372.06366,280.743927,553.260803,5.673828,3-6
3people-garage_002720#2,3people-garage_002720,images/3people-garage_002720.png,2,576.574402,348.103271,658.320007,559.793335,5.957031,3-6
3people-garage_002720#3,3people-garage_002720,images/3people-garage_002720.png,3,700.690674,246.416748,959.43573,718.821716,1.626953,<3
3people-garage_002738#1,3people-garage_002738,images/3people-garage_002738.png,1,0,364.104584,111.764084,612.842285,4.820312,3-6
3people-garage_002738#2,3people-garage_002738,images/3people-garage_002738.png,2,553.247498,354.91095,609.61969,513.910278,7.925781,>6
3people-garage_002738#3,3people-garage_002738,images/3people-garage_002738.png,3,836.695129,296.286896,960,720,2.613281,<3
3people-garage_002741#1,3people-garage_002741,images/3people-garage_002741.png,1,0,359.757973,61.810407,619.252907,4.644531,3-6
3people-garage_002741#2,3people-garage_002741,images/3people-garage_002741.png,2,542.663208,353.406372,599.019836,504.108032,8.226562,>6
3people-garage_002741#3,3people-garage_002741,images/3people-garage_002741.png,3,832.006348,300.22168,959.393738,717.627136,2.746094,<3
3people-garage_002756#1,3people-garage_002756,images/3people-garage_002756.png,1,460.379425,361.145599,506.140961,492.301666,9.1875,>6
3people-garage_002756#2,3people-garage_002756,images/3people-garage_002756.png,2,760.490234,321.362579,875.197083,638.64624,3.960938,3-6
3people-garage_002766#1,3people-garage_002766,images/3people-garage_002766.png,1,392.207336,359.455078,448.199158,496.0513,9.117188,>6
3people-garage_002766#2,3people-garage_002766,images/3people-garage_002766.png,2,712.272583,332.76709,796.475464,589.768433,4.871094,3-6
3people-garage_002770#1,3people-garage_002770,images/3people-garage_002770.png,1,365.072235,356.644958,421.198639,497.973724,8.507812,>6
3people-garage_002770#2,3people-garage_002770,images/3people-garage_002770.png,2,700.62561,338.980957,778.383362,586.230896,5.140625,3-6
3people-garage_002786#1,3people-garage_002786,images/3people-garage_002786.png,1,311.898132,353.428345,376.704071,527.792419,7.230469,>6
3people-garage_002786#2,3people-garage_002786,images/3people-garage_002786.png,2,637.44458,347.1362,719.372375,538.344971,6.550781,>6
3people-garage_002798#1,3people-garage_002798,images/3people-garage_002798.png,1,0.366028,287.162109,248.684143,719.126587,1.068359,<3
3people-garage_002798#2,3people-garage_002798,images/3people-garage_002798.png,2,287.571991,344.611084,366.651398,557.356934,5.96875,3-6
3people-garage_002798#3,3people-garage_002798,images/3people-garage_002798.png,3,624.093933,349.486176,682.068237,516.289734,7.28125,>6
3people-garage_002800#1,3people-garage_002800,images/3people-garage_002800.png,1,87.936058,276.173218,352.242554,718.898438,0.92334,<3
3people-garage_002800#2,3people-garage_002800,images/3people-garage_002800.png,2,285.273438,364.834991,364.538605,566.918762,5.753906,3-6
3people-garage_002800#3,3people-garage_002800,images/3people-garage_002800.png,3,629.263428,349.903168,677.81842,512.850037,7.451172,>6
3people-garage_002817#1,3people-garage_002817,images/3people-garage_002817.png,1,185.180191,316.267151,326.196564,676.852722,3.708984,3-6
3people-garage_002817#2,3people-garage_002817,images/3people-garage_002817.png,2,605.553833,356.373413,654.906799,489.994446,9.28125,>6
3people-garage_002817#3,3people-garage_002817,images/3people-garage_002817.png,3,744.473877,313.021851,959.309326,718.731995,1.702148,<3
3people-garage_002820#1,3people-garage_002820,images/3people-garage_002820.png,1,141.260101,317.012299,313.829712,719.280945,3.355469,3-6
3people-garage_002820#2,3people-garage_002820,images/3people-garage_002820.png,2,602.138,355.062927,646.946289,488.97052,9.207031,>6
3people-garage_002820#3,3people-garage_002820,images/3people-garage_002820.png,3,772.637512,325.771088,959.328918,719.045715,1.918945,<3
3people-garage_002834#1,3people-garage_002834,images/3people-garage_002834.png,1,0,238.249084,197.725708,720,1.540039,<3
3people-garage_002834#2,3people-garage_002834,images/3people-garage_002834.png,2,591.190918,355.632599,630.056885,477.361847,10.554688,>6
3people-garage_002834#3,3people-garage_002834,images/3people-garage_002834.png,3,845.201172,344.685883,959.367798,705.539795,3.03125,3-6
3people-garage_002847#1,3people-garage_002847,images/3people-garage_002847.png,1,578.340576,351.675659,627.367782,482.171668,10.683594,>6
3people-garage_002847#2,3people-garage_002847,images/3people-garage_002847.png,2,806.430359,349.826721,926.729553,623.719727,4.214844,3-6
3people-garage_002853#1,3people-garage_002853,images/3people-garage_002853.png,1,563.907166,363.275085,604.490361,484.030668,10.78125,>6
3people-garage_002853#2,3people-garage_002853,images/3people-garage_002853.png,2,815.736694,354.555847,898.427856,595.975342,4.742188,3-6
3people-garage_002868#1,3people-garage_002868,images/3people-garage_002868.png,1,510.987925,368.504163,559.285894,470.715048,12.488281,>6
3people-garage_002868#2,3people-garage_002868,images/3people-garage_002868.png,2,790.939819,362.637634,856.118042,547.289062,6.066406,>6
3people-garage_002871#1,3people-garage_002871,images/3people-garage_002871.png,1,513.686096,364.540558,547.305908,460.950348,15.898438,>6
3people-garage_002871#2,3people-garage_002871,images/3people-garage_002871.png,2,773.687683,367.011688,854.911438,540.188965,6.480469,>6
3people-garage_002884#1,3people-garage_002884,images/3people-garage_002884.png,1,470.599856,362.338549,506.959201,460.625536,12.511719,>6
3people-garage_002884#2,3people-garage_002884,images/3people-garage_002884.png,2,757.499512,370.052307,820.912781,514.205444,7.757812,>6
3people-garage_002895#1,3people-garage_002895,images/3people-garage_002895.png,1,429.485535,366.230972,465.082062,462.307694,13.023438,>6
3people-garage_002895#2,3people-garage_002895,images/3people-garage_002895.png,2,735.175134,371.764626,788.589563,501.672462,8.765625,>6
3people-garage_002903#1,3people-garage_002903,images/3people-garage_002903.png,1,0.8302,5.132446,288.602234,717.879456,0.238525,<3
3people-garage_002903#2,3people-garage_002903,images/3people-garage_002903.png,2,404.554413,362.846069,442.089935,463.127106,12.765625,>6
3people-garage_002903#3,3people-garage_002903,images/3people-garage_002903.png,3,721.740601,369.057434,769.688782,486.227905,9.546875,>6
3people-garage_002909#1,3people-garage_002909,images/3people-garage_002909.png,1,166.45047,108.001648,551.809937,718.221191,0.710938,<3
3people-garage_002909#2,3people-garage_002909,images/3people-garage_002909.png,2,724.981995,367.689667,767.495056,482.299805,9.90625,>6
3people-garage_002928#1,3people-garage_002928,images/3people-garage_002928.png,1,323.237823,364.178406,362.346222,472.374146,11.648438,>6
3people-garage_002928#2,3people-garage_002928,images/3people-garage_002928.png,2,733.506836,368.664917,780.350342,487.470795,9.5625,>6
3people-garage_002928#3,3people-garage_002928,images/3people-garage_002928.png,3,845.620239,266.502686,959.378906,719.747925,2.275391,<3
3people-garage_002929#1,3people-garage_002929,images/3people-garage_002929.png,1,319.419525,365.688812,359.689087,472.184875,11.484375,>6
3people-garage_002929#2,3people-garage_002929,images/3people-garage_002929.png,2,735.91687,368.233856,779.072021,487.218201,9.617188,>6
3people-garage_002929#3,3people-garage_002929,images/3people-garage_002929.png,3,858.931458,274.750244,959.82843,718.771545,2.230469,<3
3people-garage_002942#1,3people-garage_002942,images/3people-garage_002942.png,1,295.460815,361.444275,336.960632,480.28421,10.65625,>6
3people-garage_002942#2,3people-garage_002942,images/3people-garage_002942.png,2,734.251709,368.144073,780.299988,502.062103,8.417969,>6
3people-garage_002942#3,3people-garage_002942,images/3people-garage_002942.png,3,910.903931,359.364594,959.907166,661.630188,3.591797,3-6
3people-garage_002949#1,3people-garage_002949,images/3people-garage_002949.png,1,289.276825,359.78833,333.842682,486.345886,10.234375,>6
3people-garage_002949#2,3people-garage_002949,images/3people-garage_002949.png,2,705.591797,365.502258,767.504517,503.712555,8.40625,>6
3people-garage_002949#3,3people-garage_002949,images/3people-garage_002949.png,3,903.146569,325.622358,959.985802,639.14842,4.039062,3-6
3people-garage_002962#1,3people-garage_002962,images/3people-garage_002962.png,1,267.56424,360.147125,316.16861,496.392975,8.640625,>6
3people-garage_002962#2,3people-garage_002962,images/3people-garage_002962.png,2,622.778093,375.495028,679.565141,496.855166,8.953125,>6
3people-garage_002962#3,3people-garage_002962,images/3people-garage_002962.png,3,894.210754,338.859467,959.779907,575.933594,6.316406,>6
3people-garage_002977#1,3people-garage_002977,images/3people-garage_002977.png,1,238.656235,360.098755,293.753265,519.34375,7.525391,>6
3people-garage_002977#2,3people-garage_002977,images/3people-garage_002977.png,2,547.302307,387.192902,581.026794,481.696747,10.125,>6
3people-garage_002977#3,3people-garage_002977,images/3people-garage_002977.png,3,793.969666,346.894745,875.117249,536.11084,5.953125,3-6
3people-garage_002981#1,3people-garage_002981,images/3people-garage_002981.png,1,228.109268,352.672302,286.13913,523.195374,7.683594,>6
3people-garage_002981#2,3people-garage_002981,images/3people-garage_002981.png,2,512.440491,382.09259,569.541931,482.553223,10.519531,>6
3people-garage_002981#3,3people-garage_002981,images/3people-garage_002981.png,3,776.845703,348.788483,839.308289,521.186401,6.777344,>6
3people-garage_002989#1,3people-garage_002989,images/3people-garage_002989.png,1,190.442688,353.650757,260.493622,535.302734,6.439453,>6
3people-garage_002989#2,3people-garage_002989,images/3people-garage_002989.png,2,471.091827,369.549377,501.932098,479.199188,10.816406,>6
3people-garage_002989#3,3people-garage_002989,images/3people-garage_002989.png,3,709.333374,345.934784,762.981812,526.653076,6.992188,>6
3people-garage_003004#1,3people-garage_003004,images/3people-garage_003004.png,1,144.383606,346.072418,232.712448,565.946594,5.683594,3-6
3people-garage_003004#2,3people-garage_003004,images/3people-garage_003004.png,2,371.138386,370.120349,416.603107,484.844452,11.03125,>6
3people-garage_003004#3,3people-garage_003004,images/3people-garage_003004.png,3,655.227356,339.619354,736.542969,562.328247,5.773438,3-6
3people-garage_003009#1,3people-garage_003009,images/3people-garage_003009.png,1,134.407623,344.411224,226.159805,579.535645,5.324219,3-6
3people-garage_003009#2,3people-garage_003009,images/3people-garage_003009.png,2,332.604431,373.984619,385.946808,487.112946,9.871094,>6
3people-garage_003009#3,3people-garage_003009,images/3people-garage_003009.png,3,661.5401,336.68161,755.19397,585.41095,5.203125,3-6
3people-garage_003024#1,3people-garage_003024,images/3people-garage_003024.png,1,67.31472,330.047821,202.772049,638.06488,4.058594,3-6
3people-garage_003024#2,3people-garage_003024,images/3people-garage_003024.png,2,277.690521,372.082489,319.607483,503.092255,7.542969,>6
3people-garage_003024#3,3people-garage_003024,images/3people-garage_003024.png,3,728.717102,317.298981,891.150879,697.793213,3.367188,3-6
3people-garage_003029#1,3people-garage_003029,images/3people-garage_003029.png,1,41.946297,328.2211,163.39064,673.450745,3.642578,3-6
3people-garage_003029#2,3people-garage_003029,images/3people-garage_003029.png,2,259.966386,369.607293,309.916734,513.008538,8.160156,>6
3people-garage_003029#3,3people-garage_003029,images/3people-garage_003029.png,3,796.306641,297.273743,959.591309,719.779541,2.662109,<3
3people-garage_003047#1,3people-garage_003047,images/3people-garage_003047.png,1,48.751274,300.211304,225.783691,719.92865,2.626953,<3
3people-garage_003047#2,3people-garage_003047,images/3people-garage_003047.png,2,175.230754,369.574677,254.593365,555.774553,5.980469,3-6
3people-garage_003058#1,3people-garage_003058,images/3people-garage_003058.png,1,81.010803,366.668976,177.010956,582.605225,5.554688,3-6
3people-garage_003058#2,3people-garage_003058,images/3people-garage_003058.png,2,202.357544,274.643372,368.769379,719.589478,2.044922,<3
3people-garage_003064#1,3people-garage_003064,images/3people-garage_003064.png,1,12.37833,363.440643,125.74707,605.412598,4.976562,3-6
3people-garage_003064#2,3people-garage_003064,images/3people-garage_003064.png,2,335.099396,273.646505,496.482232,718.359906,2.050781,<3
3people-garage_003069#1,3people-garage_003069,images/3people-garage_003069.png,1,0,365.806732,70.713257,605.41571,4.675781,3-6
3people-garage_003069#2,3people-garage_003069,images/3people-garage_003069.png,2,468.632263,271.95639,631.175049,719.454163,1.952148,<3
3people-garage_003080#1,3people-garage_003080,images/3people-garage_003080.png,1,675.32251,287.695587,850.746887,719.702698,2.189453,<3
3people-pave_000001#1,3people-pave_000001,images/3people-pave_000001.png,1,381.845703,395.411865,458.553162,603.570801,5.5,3-6
3people-pave_000011#1,3people-pave_000011,images/3people-pave_000011.png,1,364.13208,397.776306,451.557892,634.673767,4.726562,3-6
3people-pave_000029#1,3people-pave_000029,images/3people-pave_000029.png,1,455.378723,384.977173,525.339844,659.621094,4.328125,3-6
3people-pave_000029#2,3people-pave_000029,images/3people-pave_000029.png,2,796.937622,403.429962,959.629028,688.029053,0.753418,<3
3people-pave_000033#1,3people-pave_000033,images/3people-pave_000033.png,1,475.17215,387.31842,593.413757,651.885498,4.355469,3-6
3people-pave_000033#2,3people-pave_000033,images/3people-pave_000033.png,2,623.171448,221.769653,959.908081,719.191223,1.051758,<3
3people-pave_000046#1,3people-pave_000046,images/3people-pave_000046.png,1,395.381744,314.897369,616.301025,719.405151,2.255859,<3
3people-pave_000046#2,3people-pave_000046,images/3people-pave_000046.png,2,583.314209,390.51947,676.036377,633.259827,4.625,3-6
3people-pave_000057#1,3people-pave_000057,images/3people-pave_000057.png,1,375.393402,350.947174,516.7901,716.056519,3.447266,3-6
3people-pave_000057#2,3people-pave_000057,images/3people-pave_000057.png,2,588.755188,391.876831,686.089417,622.950256,5.09375,3-6
3people-pave_000057#3,3people-pave_000057,images/3people-pave_000057.png,3,807.047485,343.917023,942.526306,719.654541,2.873047,<3
3people-pave_000061#1,3people-pave_000061,images/3people-pave_000061.png,1,382.710022,355.580475,503.19342,687.449524,3.871094,3-6
3people-pave_000061#2,3people-pave_000061,images/3people-pave_000061.png,2,595.090576,391.061646,694.714355,616.711304,5.28125,3-6
3people-pave_000061#3,3people-pave_000061,images/3people-pave_000061.png,3,740.916504,348.104462,889.34967,719.659668,3.150391,3-6
3people-pave_000070#1,3people-pave_000070,images/3people-pave_000070.png,1,393.959747,367.541473,493.07309,632.34967,4.886719,3-6
3people-pave_000070#2,3people-pave_000070,images/3people-pave_000070.png,2,563.092529,393.667877,656.648682,589.661743,5.810547,3-6
3people-pave_000070#3,3people-pave_000070,images/3people-pave_000070.png,3,674.546875,360.403564,775.306335,693.992432,3.791016,3-6
3people-pave_000080#1,3people-pave_000080,images/3people-pave_000080.png,1,374.843384,372.530792,456.780792,592.005249,5.824219,3-6
3people-pave_000080#2,3people-pave_000080,images/3people-pave_000080.png,2,535.484253,394.547607,604.001404,562.566833,6.769531,>6
3people-pave_000080#3,3people-pave_000080,images/3people-pave_000080.png,3,593.260315,367.076752,687.124573,652.308472,4.494141,3-6
3people-pave_000093#1,3people-pave_000093,images/3people-pave_000093.png,1,284.404287,370.696125,366.467707,563.992554,6,3-6
3people-pave_000093#2,3people-pave_000093,images/3people-pave_000093.png,2,501.066604,395.843353,559.14656,546.617676,7.332031,>6
3people-pave_000093#3,3people-pave_000093,images/3people-pave_000093.png,3,551.672974,373.634033,623.817627,603.446228,5.515625,3-6
3people-pave_000100#1,3people-pave_000100,images/3people-pave_000100.png,1,227.864594,373.777222,271.517029,412.768616,,>6
3people-pave_000100#2,3people-pave_000100,images/3people-pave_000100.png,2,490.061933,388.388134,541.097405,537.68288,8.085938,>6
3people-pave_000100#3,3people-pave_000100,images/3people-pave_000100.png,3,534.416809,374.875946,608.431885,582.291748,6.160156,>6
3people-pave_000118#1,3people-pave_000118,images/3people-pave_000118.png,1,275.084015,372.826008,319.557939,442.166631,,3-6
3people-pave_000118#2,3people-pave_000118,images/3people-pave_000118.png,2,385.95166,399.678545,416.721324,521.037292,,>6
3people-pave_000118#3,3people-pave_000118,images/3people-pave_000118.png,3,537.59613,383.180786,590.795776,547.168579,7.515625,>6
3people-pave_000120#1,3people-pave_000120,images/3people-pave_000120.png,1,286.811218,377.653839,332.525604,432.171844,,3-6
3people-pave_000120#2,3people-pave_000120,images/3people-pave_000120.png,2,355.8862,405.779114,410.187653,523.118042,,>6
3people-pave_000120#3,3people-pave_000120,images/3people-pave_000120.png,3,541.340576,384.66687,590.808716,547.273865,7.679688,>6
3people-pave_000134#1,3people-pave_000134,images/3people-pave_000134.png,1,415.590912,382.604431,475.910431,548.81366,7.269531,>6
3people-pave_000134#2,3people-pave_000134,images/3people-pave_000134.png,2,536.596436,384.863617,583.901367,526.708618,9.046875,>6
3people-pave_000142#1,3people-pave_000142,images/3people-pave_000142.png,1,478.897064,386.231781,558.974915,543.754822,8.046875,>6
3people-pave_000142#2,3people-pave_000142,images/3people-pave_000142.png,2,541.414307,387.751038,581.639038,514.575012,,>6
3people-pave_000156#1,3people-pave_000156,images/3people-pave_000156.png,1,541.825233,380.649549,600.764566,515.69965,10.523438,>6
3people-pave_000156#2,3people-pave_000156,images/3people-pave_000156.png,2,608.283508,378.259491,689.696655,563.57666,7.257812,>6
3people-pave_000162#1,3people-pave_000162,images/3people-pave_000162.png,1,550.027188,380.802546,596.213623,498.867554,11.476562,>6
3people-pave_000162#2,3people-pave_000162,images/3people-pave_000162.png,2,656.701416,384.03067,752.207886,573.827148,6.738281,>6
3people-pave_000170#1,3people-pave_000170,images/3people-pave_000170.png,1,267.769454,385.578759,307.879025,429.64014,,>6
3people-pave_000170#2,3people-pave_000170,images/3people-pave_000170.png,2,561.565796,391.817993,600.720947,495.732086,11.835938,>6
3people-pave_000170#3,3people-pave_000170,images/3people-pave_000170.png,3,711.034973,381.900208,815.614746,607.458496,5.820312,3-6
3people-pave_000180#1,3people-pave_000180,images/3people-pave_000180.png,1,315.745056,395.523926,371.237457,562.354858,6.324219,>6
3people-pave_000180#2,3people-pave_000180,images/3people-pave_000180.png,2,565.311401,392.908661,597.539978,489.405334,12,>6
3people-pave_000180#3,3people-pave_000180,images/3people-pave_000180.png,3,746.827698,369.694458,872.458374,644.766113,4.632812,3-6
3people-pave_000196#1,3people-pave_000196,images/3people-pave_000196.png,1,375.176758,403.659027,441.339752,570.320312,6.203125,>6
3people-pave_000196#2,3people-pave_000196,images/3people-pave_000196.png,2,565.148399,384.04118,610.131661,490.964212,12.476562,>6
3people-pave_000196#3,3people-pave_000196,images/3people-pave_000196.png,3,756.130554,341.858337,947.283508,719.518677,2.912109,<3
3people-pave_000204#1,3people-pave_000204,images/3people-pave_000204.png,1,426.478912,395.758667,487.292999,596.792725,5.734375,3-6
3people-pave_000204#2,3people-pave_000204,images/3people-pave_000204.png,2,565.807251,396.12561,613.934657,496.488289,12.308594,>6
3people-pave_000204#3,3people-pave_000204,images/3people-pave_000204.png,3,798.997192,304.525482,959.36792,719.267212,1.958008,<3
3people-pave_000215#1,3people-pave_000215,images/3people-pave_000215.png,1,455.29303,390.035156,541.194214,644.391174,4.703125,3-6
3people-pave_000215#2,3people-pave_000215,images/3people-pave_000215.png,2,549.306396,399.101532,577.311646,479.910736,,>6
3people-pave_000215#3,3people-pave_000215,images/3people-pave_000215.png,3,730.734253,234.740387,959.108521,718.801941,1.177734,<3
3people-pave_000228#1,3people-pave_000228,images/3people-pave_000228.png,1,0.572227,174.821869,208.414215,718.072449,0.898926,<3
3people-pave_000228#2,3people-pave_000228,images/3people-pave_000228.png,2,443.503693,393.266144,554.520813,696.773499,3.923828,3-6
3people-pave_000228#3,3people-pave_000228,images/3people-pave_000228.png,3,527.095276,395.516144,554.232971,448.523804,,>6
3people-pave_000237#1,3people-pave_000237,images/3people-pave_000237.png,1,431.784091,396.098511,541.656853,702.597669,3.578125,3-6
3people-pave_000237#2,3people-pave_000237,images/3people-pave_000237.png,2,521.243952,391.284114,563.840154,493.017994,,>6
3people-pave_000244#1,3people-pave_000244,images/3people-pave_000244.png,1,438.088715,371.583984,537.877808,699.982178,3.583984,3-6
3people-pave_000244#2,3people-pave_000244,images/3people-pave_000244.png,2,533.977844,399.107483,561.413086,484.901184,,>6
3people-pave_000255#1,3people-pave_000255,images/3people-pave_000255.png,1,0,311.190399,155.891632,720,2.224609,<3
3people-pave_000255#2,3people-pave_000255,images/3people-pave_000255.png,2,431.957062,416.321411,538.647644,700.523071,3.564453,3-6
3people-pave_000255#3,3people-pave_000255,images/3people-pave_000255.png,3,543.249634,396.452179,574.980286,489.152527,,>6
3people-pave_000262#1,3people-pave_000262,images/3people-pave_000262.png,1,114.100868,335.540253,275.798187,719.323792,2.957031,<3
3people-pave_000262#2,3people-pave_000262,images/3people-pave_000262.png,2,439.202911,376.718079,536.355164,701.098083,3.607422,3-6
3people-pave_000262#3,3people-pave_000262,images/3people-pave_000262.png,3,551.871277,395.563873,590.765991,492.308655,,>6
3people-pave_000270#1,3people-pave_000270,images/3people-pave_000270.png,1,256.953125,353.993347,398.813904,692.398254,3.632812,3-6
3people-pave_000270#2,3people-pave_000270,images/3people-pave_000270.png,2,531.249634,379.346191,624.83136,719.95459,3.384766,3-6
3people-pave_000289#1,3people-pave_000289,images/3people-pave_000289.png,1,536.967041,371.468536,655.089294,627.569885,4.839844,3-6
3people-pave_000289#2,3people-pave_000289,images/3people-pave_000289.png,2,727.458069,378.802185,842.992859,691.359375,3.787109,3-6
3people-pave_000293#1,3people-pave_000293,images/3people-pave_000293.png,1,564.68634,391.338867,603.948181,515.078613,10.460938,>6
3people-pave_000293#2,3people-pave_000293,images/3people-pave_000293.png,2,586.076106,375.753515,676.074275,621.446539,5,3-6
3people-pave_000293#3,3people-pave_000293,images/3people-pave_000293.png,3,739.588867,388.47702,842.607117,670.39624,4.027344,3-6
3people-pave_000304#1,3people-pave_000304,images/3people-pave_000304.png,1,545.487915,389.537201,598.526978,527.564575,9.238281,>6
3people-pave_000304#2,3people-pave_000304,images/3people-pave_000304.png,2,686.094238,380.476654,769.02179,596.347961,5.367188,3-6
3people-pave_000304#3,3people-pave_000304,images/3people-pave_000304.png,3,738.929504,391.230103,823.076172,637.102295,4.699219,3-6
3people-pave_000318#1,3people-pave_000318,images/3people-pave_000318.png,1,518.174072,385.668457,587.804138,540.186279,7.740234,>6
3people-pave_000318#2,3people-pave_000318,images/3people-pave_000318.png,2,726.617859,395.894379,808.60968,609.327148,5.402344,3-6
3people-pave_000318#3,3people-pave_000318,images/3people-pave_000318.png,3,821.728333,380.959076,890.483704,609.976013,5.464844,3-6
3people-pave_000328#1,3people-pave_000328,images/3people-pave_000328.png,1,500.757294,382.479675,567.344299,562.30542,7.017578,>6
3people-pave_000328#2,3people-pave_000328,images/3people-pave_000328.png,2,728.61499,397.896912,806.691162,586.267273,5.960938,3-6
3people-pave_000328#3,3people-pave_000328,images/3people-pave_000328.png,3,862.801392,375.233002,958.646118,619.039185,5,3-6
3people-pave_000333#1,3people-pave_000333,images/3people-pave_000333.png,1,473.738525,376.995483,564.708069,575.040894,6.652344,>6
3people-pave_000333#2,3people-pave_000333,images/3people-pave_000333.png,2,728.384277,399.955078,808.563232,582.543091,6.230469,>6
3people-pave_000333#3,3people-pave_000333,images/3people-pave_000333.png,3,853.68457,378.101929,955.219116,632.29834,4.902344,3-6
3people-pave_000340#1,3people-pave_000340,images/3people-pave_000340.png,1,456.830475,375.200226,533.677795,588.319397,5.761719,3-6
3people-pave_000340#2,3people-pave_000340,images/3people-pave_000340.png,2,701.753174,399.583923,763.409546,568.086792,6.84375,>6
3people-pave_000340#3,3people-pave_000340,images/3people-pave_000340.png,3,837.825439,371.793335,959.296143,669.62207,4.441406,3-6
3people-pave_000359#1,3people-pave_000359,images/3people-pave_000359.png,1,378.060303,373.74762,491.108368,664.895569,4.359375,3-6
3people-pave_000359#2,3people-pave_000359,images/3people-pave_000359.png,2,547.164673,397.508148,629.494583,556.80873,7.126953,>6
3people-pave_000359#3,3people-pave_000359,images/3people-pave_000359.png,3,756.883545,333.300934,959.540283,719.636719,2.689453,<3
3people-pave_000361#1,3people-pave_000361,images/3people-pave_000361.png,1,391.649506,362.262115,507.378937,664.806458,4.183594,3-6
3people-pave_000361#2,3people-pave_000361,images/3people-pave_000361.png,2,536.167236,399.954712,608.329285,545.591309,7.851562,>6
3people-pave_000361#3,3people-pave_000361,images/3people-pave_000361.png,3,737.12616,324.441193,959.321045,719.514221,2.542969,<3
3people-pave_000371#1,3people-pave_000371,images/3people-pave_000371.png,1,437.214661,349.573608,577.936035,709.38269,3.558594,3-6
3people-pave_000371#2,3people-pave_000371,images/3people-pave_000371.png,2,663.064697,304.144684,844.036438,719.346924,1.800781,<3
3people-pave_000383#1,3people-pave_000383,images/3people-pave_000383.png,1,309.386353,299.105225,606.576294,719.303894,1.816406,<3
3people-pave_000383#2,3people-pave_000383,images/3people-pave_000383.png,2,573.311157,342.309998,767.298401,717.639404,3.314453,3-6
3people-pave_000399#1,3people-pave_000399,images/3people-pave_000399.png,1,325.326874,388.032898,381.911407,573.966797,6.298828,>6
3people-pave_000399#2,3people-pave_000399,images/3people-pave_000399.png,2,418.410553,346.614349,567.704956,718.161255,3.287109,3-6
3people-pave_000399#3,3people-pave_000399,images/3people-pave_000399.png,3,635.237793,360.745056,759.050964,683.637817,3.996094,3-6
3people-pave_000404#1,3people-pave_000404,images/3people-pave_000404.png,1,294.401737,386.687164,368.185727,576.577997,5.558594,3-6
3people-pave_000404#2,3people-pave_000404,images/3people-pave_000404.png,2,446.805634,357.639465,568.852478,710.897156,3.650391,3-6
3people-pave_000404#3,3people-pave_000404,images/3people-pave_000404.png,3,636.774841,363.262756,750.504761,657.28717,4.347656,3-6
3people-pave_000417#1,3people-pave_000417,images/3people-pave_000417.png,1,462.415558,370.414856,555.617798,632.106445,4.917969,3-6
3people-pave_000417#2,3people-pave_000417,images/3people-pave_000417.png,2,626.263794,375.008881,714.860657,610.207642,5.335938,3-6
3people-pave_000420#1,3people-pave_000420,images/3people-pave_000420.png,1,460.675507,369.475159,551.643555,615.171448,5.167969,3-6
3people-pave_000420#2,3people-pave_000420,images/3people-pave_000420.png,2,614.971985,374.762329,697.705322,595.422974,5.609375,3-6
3people-pave_000437#1,3people-pave_000437,images/3people-pave_000437.png,1,442.71286,377.499664,509.196808,561.601196,6.75,>6
3people-pave_000437#2,3people-pave_000437,images/3people-pave_000437.png,2,602.61731,379.259766,679.286865,561.589233,7.183594,>6
3people-pave_000441#1,3people-pave_000441,images/3people-pave_000441.png,1,275.761431,384.20231,315.369912,436.035109,,>6
3people-pave_000441#2,3people-pave_000441,images/3people-pave_000441.png,2,450.794769,378.348755,496.272766,561.828308,6.689453,>6
3people-pave_000441#3,3people-pave_000441,images/3people-pave_000441.png,3,615.245911,381.291046,674.022217,556.735291,7.441406,>6
3people-pave_000455#1,3people-pave_000455,images/3people-pave_000455.png,1,339.437439,394.413757,387.663025,552.80365,7.216797,>6
3people-pave_000455#2,3people-pave_000455,images/3people-pave_000455.png,2,487.14563,381.04834,553.370911,568.809143,6.863281,>6
3people-pave_000455#3,3people-pave_000455,images/3people-pave_000455.png,3,615.314758,383.253967,668.779419,533.342102,8.617188,>6
3people-pave_000463#1,3people-pave_000463,images/3people-pave_000463.png,1,384.311462,394.301697,436.875549,555.216492,7.027344,>6
3people-pave_000463#2,3people-pave_000463,images/3people-pave_000463.png,2,498.168549,376.011261,579.981873,581.247986,6.226562,>6
3people-pave_000463#3,3people-pave_000463,images/3people-pave_000463.png,3,601.442383,387.009979,653.019348,524.150085,9.164062,>6
3people-pave_000473#1,3people-pave_000473,images/3people-pave_000473.png,1,439.556763,395.732574,524.789612,570.858093,6.574219,>6
3people-pave_000473#2,3people-pave_000473,images/3people-pave_000473.png,2,560.298035,376.962799,657.171265,613.902161,5.277344,3-6
3people-pave_000482#1,3people-pave_000482,images/3people-pave_000482.png,1,554.339966,388.785919,605.564087,580.348083,6.273438,>6
3people-pave_000482#2,3people-pave_000482,images/3people-pave_000482.png,2,638.201355,368.832581,759.493713,655.051147,4.589844,3-6
3people-pave_000492#1,3people-pave_000492,images/3people-pave_000492.png,1,547.51922,379.511321,598.954273,502.503496,11.460938,>6
3people-pave_000492#2,3people-pave_000492,images/3people-pave_000492.png,2,659.205261,397.910522,717.006042,592.350037,5.828125,3-6
3people-pave_000492#3,3people-pave_000492,images/3people-pave_000492.png,3,694.527893,356.54895,846.201294,719.114319,3.683594,3-6
3people-pave_000505#1,3people-pave_000505,images/3people-pave_000505.png,1,531.618269,384.49054,574.078585,489.244635,,>6
3people-pave_000505#2,3people-pave_000505,images/3people-pave_000505.png,2,590.573242,333.595612,712.705505,719.002625,2.564453,<3
3people-pave_000505#3,3people-pave_000505,images/3people-pave_000505.png,3,776.351624,396.094849,840.186951,610.699097,5.496094,3-6
3people-pave_000511#1,3people-pave_000511,images/3people-pave_000511.png,1,412.597046,305.328552,557.540405,719.357483,2.185547,<3
3people-pave_000511#2,3people-pave_000511,images/3people-pave_000511.png,2,816.724976,399.015015,912.65155,618.089417,5.167969,3-6
3people-pave_000528#1,3people-pave_000528,images/3people-pave_000528.png,1,0.254539,280.23175,92.020729,717.168152,1.967773,<3
3people-pave_000528#2,3people-pave_000528,images/3people-pave_000528.png,2,521.816956,392.747864,552.713623,478.801758,,>6
3people-pave_000545#1,3people-pave_000545,images/3people-pave_000545.png,1,0.19693,256.698334,237.579346,719.598572,1.380859,<3
3people-pave_000545#2,3people-pave_000545,images/3people-pave_000545.png,2,556.884583,401.247528,594.506165,478.838287,,>6
3people-pave_000553#1,3people-pave_000553,images/3people-pave_000553.png,1,326.842682,304.299225,492.691406,719.041138,1.894531,<3
3people-pave_000553#2,3people-pave_000553,images/3people-pave_000553.png,2,588.485229,401.223175,619.794128,480.867279,,>6
3people-pave_000560#1,3people-pave_000560,images/3people-pave_000560.png,1,487.497253,322.90686,671.228943,719.496277,2.328125,<3
3people-pave_000577#1,3people-pave_000577,images/3people-pave_000577.png,1,580.793579,399.283081,614.378601,493.364319,,>6
3people-pave_000577#2,3people-pave_000577,images/3people-pave_000577.png,2,617.37146,353.440247,742.196289,696.214661,3.726562,3-6
3people-pave_000577#3,3people-pave_000577,images/3people-pave_000577.png,3,880.048754,402.543391,960,596.339698,5.689453,3-6
3people-pave_000582#1,3people-pave_000582,images/3people-pave_000582.png,1,565.856033,393.697266,612.855875,499.107195,12.226562,>6
3people-pave_000582#2,3people-pave_000582,images/3people-pave_000582.png,2,634.30957,359.690063,763.095886,669.38678,4.128906,3-6
3people-pave_000582#3,3people-pave_000582,images/3people-pave_000582.png,3,820.753052,411.063995,913.256836,598.727051,6.007812,>6
3people-pave_000591#1,3people-pave_000591,images/3people-pave_000591.png,1,563.549561,393.727234,598.67804,499.225189,,>6
3people-pave_000591#2,3people-pave_000591,images/3people-pave_000591.png,2,648.684875,369.899353,750.647705,633.051392,4.800781,3-6
3people-pave_000591#3,3people-pave_000591,images/3people-pave_000591.png,3,726.247684,400.355072,791.040222,591.459522,7.863281,>6
3people-pave_000604#1,3people-pave_000604,images/3people-pave_000604.png,1,529.388306,389.473297,620.381836,581.689514,6.232422,>6
3people-pave_000604#2,3people-pave_000604,images/3people-pave_000604.png,2,651.891785,374.582947,724.168579,599.63916,5.628906,3-6
3people-pave_000619#1,3people-pave_000619,images/3people-pave_000619.png,1,391.454865,400.624054,437.564301,571.017761,6.324219,>6
3people-pave_000619#2,3people-pave_000619,images/3people-pave_000619.png,2,534.178162,388.027252,586.752502,531.26178,8.925781,>6
3people-pave_000619#3,3people-pave_000619,images/3people-pave_000619.png,3,614.575989,372.227814,705.733398,612.330322,5.261719,3-6
3people-pave_000625#1,3people-pave_000625,images/3people-pave_000625.png,1,325.801392,388.583862,381.198853,570.551575,6.332031,>6
3people-pave_000625#2,3people-pave_000625,images/3people-pave_000625.png,2,534.536499,386.649933,580.574707,540.230286,8.007812,>6
3people-pave_000625#3,3people-pave_000625,images/3people-pave_000625.png,3,584.746948,370.49057,692.386414,641.373596,4.929688,3-6
3people-pave_000631#1,3people-pave_000631,images/3people-pave_000631.png,1,285.721154,375.422882,346.948792,463.980832,,3-6
3people-pave_000631#2,3people-pave_000631,images/3people-pave_000631.png,2,536.739502,387.087616,591.973083,547.71991,7.736328,>6
3people-pave_000631#3,3people-pave_000631,images/3people-pave_000631.png,3,579.624756,363.358856,671.95752,655.504395,4.335938,3-6
3people-pave_000648#1,3people-pave_000648,images/3people-pave_000648.png,1,263.918828,377.074135,310.06932,439.765811,,3-6
3people-pave_000648#2,3people-pave_000648,images/3people-pave_000648.png,2,496.952271,339.770538,605.624451,719.616516,3.001953,3-6
3people-pave_000648#3,3people-pave_000648,images/3people-pave_000648.png,3,589.227234,378.401581,651.953674,595.214294,5.875,3-6
3people-pave_000653#1,3people-pave_000653,images/3people-pave_000653.png,1,284.335144,389.536285,341.870544,500.247345,4.443359,3-6
3people-pave_000653#2,3people-pave_000653,images/3people-pave_000653.png,2,440.661896,329.190582,548.74823,718.941895,2.556641,<3
3people-pave_000653#3,3people-pave_000653,images/3people-pave_000653.png,3,602.003357,375.315186,682.406494,619.920105,5.320312,3-6
3people-pave_000669#1,3people-pave_000669,images/3people-pave_000669.png,1,120.607727,297.69104,310.522369,719.111938,1.668945,<3
3people-pave_000669#2,3people-pave_000669,images/3people-pave_000669.png,2,373.871002,392.264557,464.145294,610.408875,5.291016,3-6
3people-pave_000669#3,3people-pave_000669,images/3people-pave_000669.png,3,757.682922,362.888306,904.379517,711.561768,3.689453,3-6
3people-pave_000677#1,3people-pave_000677,images/3people-pave_000677.png,1,2.028236,292.704895,225.378128,720,1.537598,<3
3people-pave_000677#2,3people-pave_000677,images/3people-pave_000677.png,2,431.926483,391.653381,534.672607,632.334351,4.722656,3-6
3people-pave_000677#3,3people-pave_000677,images/3people-pave_000677.png,3,856.96637,348.818329,959.869812,720,2.955078,<3
3people-pave_000688#1,3people-pave_000688,images/3people-pave_000688.png,1,44.764343,314.374298,340.940308,720,1.348633,<3
3people-pave_000688#2,3people-pave_000688,images/3people-pave_000688.png,2,577.456604,391.993286,718.709473,666.12561,4.015625,3-6
3people-pave_000688#3,3people-pave_000688,images/3people-pave_000688.png,3,867.469116,335.004547,959.825684,719.326904,2.470703,<3
3people-pave_000693#1,3people-pave_000693,images/3people-pave_000693.png,1,54.744507,447.745056,402.95755,719.541321,1.429688,<3
3people-pave_000693#2,3people-pave_000693,images/3people-pave_000693.png,2,670.823792,396.010254,830.529663,688.679443,3.938477,3-6
3people-pave_000693#3,3people-pave_000693,images/3people-pave_000693.png,3,860.65033,319.14621,959.904846,719.352722,2.203125,<3
3people-pave_000700#1,3people-pave_000700,images/3people-pave_000700.png,1,89.64135,608.218933,383.877167,719.584961,1.522461,<3
3people-pave_000700#2,3people-pave_000700,images/3people-pave_000700.png,2,691.152283,323.878143,831.069946,719.709656,2.12207,<3
3people-pave_000700#3,3people-pave_000700,images/3people-pave_000700.png,3,828.49353,392.559998,938.439026,689.074585,3.832031,3-6
3people-pave_000716#1,3people-pave_000716,images/3people-pave_000716.png,1,94.679123,623.371399,384.071045,719.583618,1.575195,<3
3people-pave_000716#2,3people-pave_000716,images/3people-pave_000716.png,2,435.044769,340.103363,594.292664,718.807983,3.259766,3-6
3people-pave_000720#1,3people-pave_000720,images/3people-pave_000720.png,1,93.493652,623.647034,385.576202,719.60968,1.562012,<3
3people-pave_000720#2,3people-pave_000720,images/3people-pave_000720.png,2,444.559662,350.898132,560.5,711.298035,3.558594,3-6
3people-pave_000730#1,3people-pave_000730,images/3people-pave_000730.png,1,174.617249,382.17337,415.209595,719.496765,1.664062,<3
3people-pave_000730#2,3people-pave_000730,images/3people-pave_000730.png,2,413.130249,362.269012,515.065613,658.183777,4.324219,3-6
3people-pave_000746#1,3people-pave_000746,images/3people-pave_000746.png,1,428.544525,368.991852,509.433655,594.853088,5.644531,3-6
3people-pave_000746#2,3people-pave_000746,images/3people-pave_000746.png,2,539.526733,330.632263,697.912598,719.435669,2.644531,<3
3people-pave_000756#1,3people-pave_000756,images/3people-pave_000756.png,1,454.096741,376.921112,524.426331,567.699646,6.431641,>6
3people-pave_000756#2,3people-pave_000756,images/3people-pave_000756.png,2,716.720703,343.525635,882.11261,719.35144,3.037109,3-6
3people-pave_000756#3,3people-pave_000756,images/3people-pave_000756.png,3,871.916931,400.348206,959.632507,622.858521,5.1875,3-6
3people-pave_000769#1,3people-pave_000769,images/3people-pave_000769.png,1,453.172668,379.198883,541.271545,551.60144,7.158203,>6
3people-pave_000769#2,3people-pave_000769,images/3people-pave_000769.png,2,686.198608,397.828766,758.047363,597.654297,5.496094,3-6
3people-pave_000769#3,3people-pave_000769,images/3people-pave_000769.png,3,780.571472,365.847656,902.79071,675.121094,4.144531,3-6
3people-pave_000776#1,3people-pave_000776,images/3people-pave_000776.png,1,480.192169,382.662415,536.444519,541.917542,7.84375,>6
3people-pave_000776#2,3people-pave_000776,images/3people-pave_000776.png,2,592.16864,397.716339,683.835083,591.109131,6.054688,>6
3people-pave_000776#3,3people-pave_000776,images/3people-pave_000776.png,3,769.404663,370.325073,868.810608,631.835388,4.929688,3-6
3people-pave_000785#1,3people-pave_000785,images/3people-pave_000785.png,1,495.306,389.626648,553.598877,575.389343,6.304688,>6
3people-pave_000785#2,3people-pave_000785,images/3people-pave_000785.png,2,723.900146,379.540466,818.029541,602.25293,5.484375,3-6
3people-pave_000798#1,3people-pave_000798,images/3people-pave_000798.png,1,396.084503,397.227264,455.366364,560.684937,7.085938,>6
3people-pave_000798#2,3people-pave_000798,images/3people-pave_000798.png,2,551.75708,387.945923,592.656921,526.99054,8.789062,>6
3people-pave_000798#3,3people-pave_000798,images/3people-pave_000798.png,3,692.598206,382.742493,747.12738,565.29718,7.650391,>6
3people-pave_000800#1,3people-pave_000800,images/3people-pave_000800.png,1,379.550385,397.898254,446.129089,552.242493,7.195312,>6
3people-pave_000800#2,3people-pave_000800,images/3people-pave_000800.png,2,557.114929,388.920502,619.468933,531.902405,8.753906,>6
3people-pave_000800#3,3people-pave_000800,images/3people-pave_000800.png,3,703.080139,379.782166,748.634399,565.652222,6.730469,>6
3people-pave_000813#1,3people-pave_000813,images/3people-pave_000813.png,1,406.200195,397.788757,457.228394,534.138245,8.320312,>6
3people-pave_000813#2,3people-pave_000813,images/3people-pave_000813.png,2,572.795288,384.200592,630.476074,546.936462,7.896484,>6
3people-pave_000813#3,3people-pave_000813,images/3people-pave_000813.png,3,721.225769,386.802704,792.497559,580.84613,6.644531,>6
3people-pave_000825#1,3people-pave_000825,images/3people-pave_000825.png,1,434.670973,392.777503,490.653324,525.202917,8.886719,>6
3people-pave_000825#2,3people-pave_000825,images/3people-pave_000825.png,2,549.929932,379.408661,615.8573,562.564941,7.003906,>6
3people-pave_000825#3,3people-pave_000825,images/3people-pave_000825.png,3,721.249695,374.49527,802.951782,609.174133,5.523438,3-6
3people-pave_000831#1,3people-pave_000831,images/3people-pave_000831.png,1,439.024384,393.391437,492.450733,521.153491,,>6
3people-pave_000831#2,3people-pave_000831,images/3people-pave_000831.png,2,528.525574,377.155426,596.129944,568.021057,6.410156,>6
3people-pave_000831#3,3people-pave_000831,images/3people-pave_000831.png,3,699.340759,372.22641,803.49884,624.881836,4.980469,3-6
3people-pave_000842#1,3people-pave_000842,images/3people-pave_000842.png,1,406.274597,385.726432,454.233005,476.110158,,>6
3people-pave_000842#2,3people-pave_000842,images/3people-pave_000842.png,2,487.761017,371.913849,558.706665,589.319885,5.734375,3-6
3people-pave_000842#3,3people-pave_000842,images/3people-pave_000842.png,3,705.936096,360.960846,833.776123,710.7995,3.814453,3-6
3people-pave_000858#1,3people-pave_000858,images/3people-pave_000858.png,1,336.523927,391.408487,383.268113,455.560113,,>6
3people-pave_000858#2,3people-pave_000858,images/3people-pave_000858.png,2,394.565094,366.210419,501.755219,649.221436,4.335938,3-6
3people-pave_000858#3,3people-pave_000858,images/3people-pave_000858.png,3,654.936401,318.598846,863.444336,719.554565,2.359375,<3
3people-pave_000863#1,3people-pave_000863,images/3people-pave_000863.png,1,322.5,394.949284,380.084973,450.354639,,>6
3people-pave_000863#2,3people-pave_000863,images/3people-pave_000863.png,2,377.988739,365.521729,479.648529,664.452942,4.167969,3-6
3people-pave_000863#3,3people-pave_000863,images/3people-pave_000863.png,3,594.472412,313.218201,851.406921,719.246155,1.890137,<3
3people-pave_000879#1,3people-pave_000879,images/3people-pave_000879.png,1,1.502335,219.457169,463.823273,719.982178,1.197266,<3
3people-pave_000879#2,3people-pave_000879,images/3people-pave_000879.png,2,438.011993,354.160126,569.396301,693.339478,3.710938,3-6
3people-pave_000886#1,3people-pave_000886,images/3people-pave_000886.png,1,143.806625,256.919617,386.750061,719.633423,1.380859,<3
3people-pave_000886#2,3people-pave_000886,images/3people-pave_000886.png,2,516.410522,350.628479,639.946472,694.835815,3.662109,3-6
3people-pave_000897#1,3people-pave_000897,images/3people-pave_000897.png,1,294.210754,323.802734,452.733307,719.325623,2.404297,<3
3people-pave_000897#2,3people-pave_000897,images/3people-pave_000897.png,2,650.308472,355.882141,792.651489,679.969849,3.925781,3-6
3people-pave_000907#1,3people-pave_000907,images/3people-pave_000907.png,1,389.902405,349.54248,531.985657,719.650818,3.332031,3-6
3people-pave_000907#2,3people-pave_000907,images/3people-pave_000907.png,2,734.901855,365.759766,845.219788,656.460815,4.253906,3-6
3people-pave_000914#1,3people-pave_000914,images/3people-pave_000914.png,1,444.514343,363.385437,551.083923,676.460876,4.03125,3-6
3people-pave_000914#2,3people-pave_000914,images/3people-pave_000914.png,2,762.863525,369.534668,861.318237,649.975769,4.578125,3-6
3people-pave_000920#1,3people-pave_000920,images/3people-pave_000920.png,1,479.230133,368.908325,588.631409,651.550293,4.53125,3-6
3people-pave_000920#2,3people-pave_000920,images/3people-pave_000920.png,2,777.999756,374.318115,869.07605,625.259644,4.855469,3-6
3people-pave_000934#1,3people-pave_000934,images/3people-pave_000934.png,1,457.164665,389.77602,510.248932,531.400909,9.070312,>6
3people-pave_000934#2,3people-pave_000934,images/3people-pave_000934.png,2,549.849609,376.666443,639.270264,601.217285,4.898438,3-6
3people-pave_000934#3,3people-pave_000934,images/3people-pave_000934.png,3,772.163086,379.202728,846.278137,594.944702,5.816406,3-6
3people-pave_000947#1,3people-pave_000947,images/3people-pave_000947.png,1,402.620728,404.217438,447.567261,532.810547,8.417969,>6
3people-pave_000947#2,3people-pave_000947,images/3people-pave_000947.png,2,577.020996,386.368195,650.443787,568.636658,6.78125,>6
3people-pave_000947#3,3people-pave_000947,images/3people-pave_000947.png,3,728.727356,382.360931,777.026245,572.731628,6.650391,>6
3people-pave_000950#1,3people-pave_000950,images/3people-pave_000950.png,1,366.85257,390.645909,431.803497,540.970459,,>6
3people-pave_000950#2,3people-pave_000950,images/3people-pave_000950.png,2,576.170166,382.294983,644.168701,556.877991,6.71875,>6
3people-pave_000950#3,3people-pave_000950,images/3people-pave_000950.png,3,709.912598,384.268433,769.307983,569.957886,6.675781,>6
3people-pave_000968#1,3people-pave_000968,images/3people-pave_000968.png,1,573.0354,382.993561,628.174866,551.49762,7.839844,>6
3people-pave_000968#2,3people-pave_000968,images/3people-pave_000968.png,2,617.514404,389.280487,666.245544,548.678894,8.679688,>6
3people-pave_000972#1,3people-pave_000972,images/3people-pave_000972.png,1,549.556091,382.151489,592.137451,549.130371,7.529297,>6
3people-pave_000972#2,3people-pave_000972,images/3people-pave_000972.png,2,620.580322,385.118439,680.727356,550.981873,6.916016,>6
3people-pave_000980#1,3people-pave_000980,images/3people-pave_000980.png,1,476.525757,383.515137,540.871765,544.045898,7.865234,>6
3people-pave_000980#2,3people-pave_000980,images/3people-pave_000980.png,2,650.874268,387.71228,732.904968,567.230347,7.183594,>6
3people-pave_000995#1,3people-pave_000995,images/3people-pave_000995.png,1,382.880096,383.850098,444.927246,531.991394,8.367188,>6
3people-pave_000995#2,3people-pave_000995,images/3people-pave_000995.png,2,747.44989,379.196503,842.152405,602.999329,5.78125,3-6
3people-pave_001008#1,3people-pave_001008,images/3people-pave_001008.png,1,301.453244,399.815258,364.240841,583.376568,4.816406,3-6
3people-pave_001008#2,3people-pave_001008,images/3people-pave_001008.png,2,378.472382,382.40918,445.173706,531.163025,8.195312,>6
3people-pave_001008#3,3people-pave_001008,images/3people-pave_001008.png,3,819.947632,373.538879,941.719543,673.53833,4.464844,3-6
3people-pave_001012#1,3people-pave_001012,images/3people-pave_001012.png,1,330.708374,389.13739,395.547028,585.676575,5.525391,3-6
3people-pave_001012#2,3people-pave_001012,images/3people-pave_001012.png,2,396.580353,384.851288,456.585297,531.973022,7.667969,>6
3people-pave_001012#3,3people-pave_001012,images/3people-pave_001012.png,3,840.607422,364.661713,959.365967,683.583557,4.074219,3-6
3people-pave_001021#1,3people-pave_001021,images/3people-pave_001021.png,1,397.59787,382.60434,490.403778,587.374695,5.744141,3-6
3people-pave_001021#2,3people-pave_001021,images/3people-pave_001021.png,2,852.370422,354.529266,959.351624,709.777039,3.474609,3-6
3people-pave_001038#1,3people-pave_001038,images/3people-pave_001038.png,1,523.420227,383.707947,597.674255,554.122192,7.232422,>6
3people-pave_001038#2,3people-pave_001038,images/3people-pave_001038.png,2,615.676636,397.170685,708.402344,593.18811,5.832031,3-6
3people-pave_001044#1,3people-pave_001044,images/3people-pave_001044.png,1,586.506592,383.07962,665.784485,562.990967,6.945312,>6
3people-pave_001044#2,3people-pave_001044,images/3people-pave_001044.png,2,710.064697,398.269592,777.929077,593.278198,5.773438,3-6
3people-pave_001055#1,3people-pave_001055,images/3people-pave_001055.png,1,710.440083,381.750576,793.950459,575.85754,6.236328,>6
3people-pave_001055#2,3people-pave_001055,images/3people-pave_001055.png,2,827.187988,398.991623,889.118397,600.063443,5.914062,3-6
3people-pave_001055#3,3people-pave_001055,images/3people-pave_001055.png,3,804.606079,277.633088,960,720,1.611328,<3
3people-pave_001061#1,3people-pave_001061,images/3people-pave_001061.png,1,560.701965,282.638428,735.780823,719.629028,1.76416,<3
3people-pave_001061#2,3people-pave_001061,images/3people-pave_001061.png,2,770.976624,383.186737,843.672424,577.479919,6.617188,>6
3people-pave_001061#3,3people-pave_001061,images/3people-pave_001061.png,3,864.279419,403.228088,947.235352,586.858582,,>6
3people-pave_001070#1,3people-pave_001070,images/3people-pave_001070.png,1,112.013397,290.263611,361.879974,719.535889,1.772461,<3
3people-pave_001070#2,3people-pave_001070,images/3people-pave_001070.png,2,806.691711,382.706177,884.239624,572.997437,7.083984,>6
3people-pave_001070#3,3people-pave_001070,images/3people-pave_001070.png,3,871.55426,402.890625,944.582397,573.44458,6.435547,>6
3people-pave_001089#1,3people-pave_001089,images/3people-pave_001089.png,1,773.11615,386.625458,838.238342,544.96405,7.582031,>6
3people-pave_001089#2,3people-pave_001089,images/3people-pave_001089.png,2,823.110962,405.424164,868.722351,542.709839,7.652344,>6
3people-pave_001090#1,3people-pave_001090,images/3people-pave_001090.png,1,772.071533,387.646729,838.11731,543.928894,7.46875,>6
3people-pave_001090#2,3people-pave_001090,images/3people-pave_001090.png,2,815.606506,400.708405,859.567566,537.533691,7.712891,>6
3people-pave_001102#1,3people-pave_001102,images/3people-pave_001102.png,1,727.087463,389.011963,786.515257,534.245975,7.615234,>6
3people-pave_001115#1,3people-pave_001115,images/3people-pave_001115.png,1,145.433578,334.89325,268.151031,716.195801,2.964844,<3
3people-pave_001115#2,3people-pave_001115,images/3people-pave_001115.png,2,674.349976,387.753662,719.777893,514.246399,8.40625,>6
3people-pave_001121#1,3people-pave_001121,images/3people-pave_001121.png,1,287.743378,340.205902,393.502808,717.311096,3.386719,3-6
3people-pave_001121#2,3people-pave_001121,images/3people-pave_001121.png,2,642.812622,388.542664,700.164368,510.606628,,>6
3people-pave_001121#3,3people-pave_001121,images/3people-pave_001121.png,3,673.718628,395.427063,704.068909,507.082581,,>6
3people-pave_001136#1,3people-pave_001136,images/3people-pave_001136.png,1,402.155273,374.592957,485.092163,623.487854,4.859375,3-6
3people-pave_001136#2,3people-pave_001136,images/3people-pave_001136.png,2,617.585569,394.284396,649.871952,501.610627,,>6
3people-pave_001136#3,3people-pave_001136,images/3people-pave_001136.png,3,635.358277,395.595795,664.875793,500.626113,,>6
3people-pave_001144#1,3people-pave_001144,images/3people-pave_001144.png,1,443.020844,378.257172,507.354034,597.861511,5.761719,3-6
3people-pave_001144#2,3people-pave_001144,images/3people-pave_001144.png,2,591.326352,393.373016,633.173218,502.771551,11.613281,>6
3people-pave_001144#3,3people-pave_001144,images/3people-pave_001144.png,3,626.54425,402.570923,658.814667,502.232153,12.195312,>6
3people-pave_001153#1,3people-pave_001153,images/3people-pave_001153.png,1,501.023468,384.875427,599.085754,595.534668,5.695312,3-6
3people-pave_001153#2,3people-pave_001153,images/3people-pave_001153.png,2,590.459295,392.977364,624.058265,497.456226,11.890625,>6
3people-pave_001153#3,3people-pave_001153,images/3people-pave_001153.png,3,621.779473,402.646637,656.509963,495.925559,12.289062,>6
3people-pave_001167#1,3people-pave_001167,images/3people-pave_001167.png,1,530.683411,383.487488,631.919556,666.087708,4.386719,3-6
3people-pave_001167#2,3people-pave_001167,images/3people-pave_001167.png,2,616.972229,395.177582,658.830201,493.628693,11.792969,>6
3people-pave_001171#1,3people-pave_001171,images/3people-pave_001171.png,1,546.675171,368.940887,650.749573,682.517761,3.953125,3-6
3people-pave_001189#1,3people-pave_001189,images/3people-pave_001189.png,1,552.07373,331.178833,702.63208,719.707581,2.729492,<3
3people-pave_001196#1,3people-pave_001196,images/3people-pave_001196.png,1,567.618347,348.083282,722.283875,718.51355,2.597656,<3
3people-pave_001204#1,3people-pave_001204,images/3people-pave_001204.png,1,544.227715,403.705249,569.160043,478.718828,,>6
3people-pave_001204#2,3people-pave_001204,images/3people-pave_001204.png,2,556.504275,394.630028,593.219109,488.494933,13.605469,>6
3people-pave_001204#3,3people-pave_001204,images/3people-pave_001204.png,3,660.356689,335.609161,822.669312,718.870789,2.257812,<3
3people-pave_001215#1,3people-pave_001215,images/3people-pave_001215.png,1,512.279907,408.011169,538.666504,471.383789,,>6
3people-pave_001215#2,3people-pave_001215,images/3people-pave_001215.png,2,536.577439,394.311432,561.624207,481.343761,,>6
3people-pave_001215#3,3people-pave_001215,images/3people-pave_001215.png,3,765.634094,339.41745,948.824707,719.610718,2.777344,<3
3people-pave_001225#1,3people-pave_001225,images/3people-pave_001225.png,1,495.571777,404.868622,516.641174,474.513702,,>6
3people-pave_001225#2,3people-pave_001225,images/3people-pave_001225.png,2,522.421509,396.980621,551.199463,483.768677,12.46875,>6
3people-pave_001225#3,3people-pave_001225,images/3people-pave_001225.png,3,695.406433,358.960144,804.440369,716.848267,3.697266,3-6
3people-pave_001233#1,3people-pave_001233,images/3people-pave_001233.png,1,481.198242,409.62854,508.935974,478.23468,,>6
3people-pave_001233#2,3people-pave_001233,images/3people-pave_001233.png,2,518.680603,394.394165,547.328552,486.403015,,>6
3people-pave_001233#3,3people-pave_001233,images/3people-pave_001233.png,3,628.536865,364.525208,731.332275,645.098816,4.523438,3-6
3people-pave_001241#1,3people-pave_001241,images/3people-pave_001241.png,1,481.034027,407.761078,509.642334,479.321259,,>6
3people-pave_001241#2,3people-pave_001241,images/3people-pave_001241.png,2,528.172607,394.446442,562.469177,491.555511,,>6
3people-pave_001241#3,3people-pave_001241,images/3people-pave_001241.png,3,564.239746,371.26062,656.533691,610.352051,5.371094,3-6
3people-pave_001258#1,3people-pave_001258,images/3people-pave_001258.png,1,423.930359,376.894257,501.463806,562.780701,6.648438,>6
3people-pave_001258#2,3people-pave_001258,images/3people-pave_001258.png,2,487.054394,399.271063,522.099243,495.754719,11.90625,>6
3people-pave_001258#3,3people-pave_001258,images/3people-pave_001258.png,3,562.262441,388.314892,610.12659,509.171137,11,>6
3people-pave_001268#1,3people-pave_001268,images/3people-pave_001268.png,1,360.94812,383.539581,442.954834,547.387573,6.761719,>6
3people-pave_001268#2,3people-pave_001268,images/3people-pave_001268.png,2,483.857661,395.332268,536.106773,504.805851,,>6
3people-pave_001268#3,3people-pave_001268,images/3people-pave_001268.png,3,594.036804,391.736847,636.374268,508.524811,,>6
3people-pave_001277#1,3people-pave_001277,images/3people-pave_001277.png,1,364.164551,385.192566,443.99231,539.424866,8.125,>6
3people-pave_001277#2,3people-pave_001277,images/3people-pave_001277.png,2,482.888882,389.462342,536.386874,513.204089,10.71875,>6
3people-pave_001277#3,3people-pave_001277,images/3people-pave_001277.png,3,614.247742,388.376862,660.019897,515.427856,10.015625,>6
3people-pave_001288#1,3people-pave_001288,images/3people-pave_001288.png,1,421.78575,380.391594,474.943848,523.582397,9.085938,>6
3people-pave_001288#2,3people-pave_001288,images/3people-pave_001288.png,2,487.162337,393.604188,538.397458,522.573034,,>6
3people-pave_001288#3,3people-pave_001288,images/3people-pave_001288.png,3,634.867004,389.934998,683.139771,533.610535,8.984375,>6
3people-pave_001295#1,3people-pave_001295,images/3people-pave_001295.png,1,440.420044,388.336212,488.983643,516.599487,9.277344,>6
3people-pave_001295#2,3people-pave_001295,images/3people-pave_001295.png,2,498.22689,393.220437,542.204333,529.178187,9.617188,>6
3people-pave_001295#3,3people-pave_001295,images/3people-pave_001295.png,3,643.219116,386.669037,706.136169,544.617249,8.359375,>6
3people-pave_001309#1,3people-pave_001309,images/3people-pave_001309.png,1,447.907785,382.798904,498.437622,506.788696,,>6
3people-pave_001309#2,3people-pave_001309,images/3people-pave_001309.png,2,505.691559,396.06073,559.390869,543.898865,7.615234,>6
3people-pave_001309#3,3people-pave_001309,images/3people-pave_001309.png,3,656.001282,384.084229,732.230164,575.146423,6.65625,>6
3people-pave_001317#1,3people-pave_001317,images/3people-pave_001317.png,1,471.942627,392.993683,540.251953,558.265381,7.205078,>6
3people-pave_001317#2,3people-pave_001317,images/3people-pave_001317.png,2,670.671936,378.505463,752.578857,602.848633,5.78125,3-6
3people-pave_001324#1,3people-pave_001324,images/3people-pave_001324.png,1,417.807953,390.608917,472.817413,562.405212,6.873047,>6
3people-pave_001324#2,3people-pave_001324,images/3people-pave_001324.png,2,497.954773,391.140686,559.037476,525.699585,8.421875,>6
3people-pave_001324#3,3people-pave_001324,images/3people-pave_001324.png,3,690.741943,373.114105,780.399231,624.127625,5.121094,3-6
3people-pave_001333#1,3people-pave_001333,images/3people-pave_001333.png,1,326.243409,389.072619,399.871216,572.375934,6.078125,>6
3people-pave_001333#2,3people-pave_001333,images/3people-pave_001333.png,2,546.026184,385.306,600.936584,536.73584,7.474609,>6
3people-pave_001333#3,3people-pave_001333,images/3people-pave_001333.png,3,715.667725,366.257812,831.544922,668.822449,4.296875,3-6
3people-pave_001342#1,3people-pave_001342,images/3people-pave_001342.png,1,292.570438,396.080325,360.556798,462.272524,,>6
3people-pave_001342#2,3people-pave_001342,images/3people-pave_001342.png,2,583.41156,384.664673,656.413147,561.202515,6.9375,>6
3people-pave_001342#3,3people-pave_001342,images/3people-pave_001342.png,3,691.970032,353.470917,840.233826,718.600586,3.513672,3-6
3people-pave_001359#1,3people-pave_001359,images/3people-pave_001359.png,1,264.532648,385.776775,315.664132,431.07324,,3-6
3people-pave_001359#2,3people-pave_001359,images/3people-pave_001359.png,2,504.907501,331.089874,653.892517,719.399231,2.513672,<3
3people-pave_001359#3,3people-pave_001359,images/3people-pave_001359.png,3,653.089478,374.214203,741.732483,610.828735,5.589844,3-6
3people-pave_001368#1,3people-pave_001368,images/3people-pave_001368.png,1,324.49176,322.993195,484.590576,719.485474,2.498047,<3
3people-pave_001368#2,3people-pave_001368,images/3people-pave_001368.png,2,645.409851,368.166473,758.274963,646.510803,4.570312,3-6
3people-pave_001378#1,3people-pave_001378,images/3people-pave_001378.png,1,286.208588,338.883728,456.606812,719.513123,3.068359,3-6
3people-pave_001378#2,3people-pave_001378,images/3people-pave_001378.png,2,592.108398,356.305084,725.805725,719.478149,3.619141,3-6
3people-pave_001389#1,3people-pave_001389,images/3people-pave_001389.png,1,331.148102,394.085022,396.5867,581.20697,6.007812,>6
3people-pave_001389#2,3people-pave_001389,images/3people-pave_001389.png,2,385.55249,352.674377,510.359375,685.214233,3.839844,3-6
3people-pave_001389#3,3people-pave_001389,images/3people-pave_001389.png,3,481.047272,335.011047,594.963196,719.677368,2.674805,<3
3people-pave_001399#1,3people-pave_001399,images/3people-pave_001399.png,1,375.769135,303.050171,528.084656,719.594971,1.907227,<3
3people-pave_001399#2,3people-pave_001399,images/3people-pave_001399.png,2,503.662933,362.819824,585.233276,636.732117,4.628906,3-6
3people-pave_001401#1,3people-pave_001401,images/3people-pave_001401.png,1,352.925903,300.976959,515.096252,719.771118,1.833984,<3
3people-pave_001401#2,3people-pave_001401,images/3people-pave_001401.png,2,491.220917,366.425049,590.434204,640.461426,4.585938,3-6
3people-pave_001415#1,3people-pave_001415,images/3people-pave_001415.png,1,327.712097,311.512695,514.150696,719.875122,2.167969,<3
3people-pave_001415#2,3people-pave_001415,images/3people-pave_001415.png,2,601.328918,374.648468,677.583191,601.60437,5.679688,3-6
3people-pave_001422#1,3people-pave_001422,images/3people-pave_001422.png,1,445.380707,331.451904,576.995178,718.656433,2.619141,<3
3people-pave_001422#2,3people-pave_001422,images/3people-pave_001422.png,2,635.190674,376.274872,723.826721,589.756897,5.917969,3-6
3people-pave_001430#1,3people-pave_001430,images/3people-pave_001430.png,1,525.36145,336.725586,695.349243,717.986023,2.953125,<3
3people-pave_001430#2,3people-pave_001430,images/3people-pave_001430.png,2,672.563416,381.454285,734.816895,571.323303,6.767578,>6
3people-pave_001449#1,3people-pave_001449,images/3people-pave_001449.png,1,609.818115,383.69696,668.169128,547.869873,7.828125,>6
3people-pave_001449#2,3people-pave_001449,images/3people-pave_001449.png,2,651.351685,368.711426,760.464966,667.303772,4.484375,3-6
3people-pave_001449#3,3people-pave_001449,images/3people-pave_001449.png,3,870.757874,409.56427,959.909363,684.658264,4.390625,3-6
3people-pave_001452#1,3people-pave_001452,images/3people-pave_001452.png,1,582.118164,386.128601,633.787964,546.46344,8.132812,>6
3people-pave_001452#2,3people-pave_001452,images/3people-pave_001452.png,2,665.535278,369.234558,756.893372,639.142456,4.613281,3-6
3people-pave_001468#1,3people-pave_001468,images/3people-pave_001468.png,1,476.588043,382.754517,548.08844,544.723206,7.597656,>6
3people-pave_001468#2,3people-pave_001468,images/3people-pave_001468.png,2,730.880493,378.496002,821.229126,599.668762,5.46875,3-6
3people-pave_001470#1,3people-pave_001470,images/3people-pave_001470.png,1,480.739929,382.628784,537.492188,547.593811,7.462891,>6
3people-pave_001470#2,3people-pave_001470,images/3people-pave_001470.png,2,733.29187,376.700287,819.474304,588.647278,5.683594,3-6
3people-pave_001481#1,3people-pave_001481,images/3people-pave_001481.png,1,429.665131,381.664764,495.867462,563.3573,6.732422,>6
3people-pave_001481#2,3people-pave_001481,images/3people-pave_001481.png,2,656.79187,383.712708,749.843872,571.172485,5.835938,3-6
3people-pave_001495#1,3people-pave_001495,images/3people-pave_001495.png,1,408.768036,375.037476,487.569855,597.613586,5.589844,3-6
3people-pave_001495#2,3people-pave_001495,images/3people-pave_001495.png,2,665.607422,384.157654,750.788086,601.940552,5.476562,3-6
3people-pave_001505#1,3people-pave_001505,images/3people-pave_001505.png,1,434.197388,369.851868,527.395325,622.641235,5.060547,3-6
3people-pave_001505#2,3people-pave_001505,images/3people-pave_001505.png,2,710.679932,373.753723,816.449219,631.681274,4.996094,3-6
3people-pave_001505#3,3people-pave_001505,images/3people-pave_001505.png,3,859.352586,405.520508,958.434265,589.681009,6.523438,>6
3people-pave_001516#1,3people-pave_001516,images/3people-pave_001516.png,1,455.500305,359.415192,565.783447,665.081543,4.28125,3-6
3people-pave_001516#2,3people-pave_001516,images/3people-pave_001516.png,2,718.292839,402.104004,805.696533,578.062319,6.330078,>6
3people-pave_001516#3,3people-pave_001516,images/3people-pave_001516.png,3,787.461914,372.643799,954.478271,675.288757,4.140625,3-6
3people-pave_001521#1,3people-pave_001521,images/3people-pave_001521.png,1,415.519226,355.567383,539.113037,688.314758,3.884766,3-6
3people-pave_001521#2,3people-pave_001521,images/3people-pave_001521.png,2,665.130859,404.166504,773.614624,581.090332,5.796875,3-6
3people-pave_001521#3,3people-pave_001521,images/3people-pave_001521.png,3,837.407959,362.95697,959.892334,695.610901,3.664062,3-6
3people-pave_001539#1,3people-pave_001539,images/3people-pave_001539.png,1,214.886856,338.874207,335.461884,719.709778,3.131836,3-6
3people-pave_001539#2,3people-pave_001539,images/3people-pave_001539.png,2,474.698364,395.860199,557.616577,587.89386,5.523438,3-6
3people-pave_001539#3,3people-pave_001539,images/3people-pave_001539.png,3,878.528137,331.641418,959.942322,719.93927,2.124023,<3
3people-pave_001543#1,3people-pave_001543,images/3people-pave_001543.png,1,178.277756,336.283844,328.507812,719.708435,3.154297,3-6
3people-pave_001543#2,3people-pave_001543,images/3people-pave_001543.png,2,422.589478,395.02655,504.467102,583.579773,6.003906,>6
3people-pave_001543#3,3people-pave_001543,images/3people-pave_001543.png,3,795.825989,317.178589,959.278748,718.970581,2.212891,<3
3people-pave_001552#1,3people-pave_001552,images/3people-pave_001552.png,1,189.111038,340.95813,349.746368,718.249695,3.373047,3-6
3people-pave_001552#2,3people-pave_001552,images/3people-pave_001552.png,2,333.726831,393.611947,391.069269,575.556313,5.5,3-6
3people-pave_001552#3,3people-pave_001552,images/3people-pave_001552.png,3,639.394043,307.641357,826.551086,719.454895,1.78125,<3
3people-pave_001566#1,3people-pave_001566,images/3people-pave_001566.png,1,335.733704,354.834229,468.068237,670.852905,3.84375,3-6
3people-pave_001566#2,3people-pave_001566,images/3people-pave_001566.png,2,416.617401,330.258942,593.370911,719.122498,2.714844,<3
3people-pave_001571#1,3people-pave_001571,images/3people-pave_001571.png,1,284.21847,369.361575,353.278175,506.245525,,3-6
3people-pave_001571#2,3people-pave_001571,images/3people-pave_001571.png,2,413.940521,366.478241,490.360596,666.50592,4.128906,3-6
3people-pave_001571#3,3people-pave_001571,images/3people-pave_001571.png,3,471.385071,335.298523,607.794434,720,3.082031,3-6
3people-pave_001585#1,3people-pave_001585,images/3people-pave_001585.png,1,333.02713,406.884888,414.997925,588.334717,5.636719,3-6
3people-pave_001585#2,3people-pave_001585,images/3people-pave_001585.png,2,468.249939,355.115845,589.618652,676.189636,3.90625,3-6
3people-pave_001585#3,3people-pave_001585,images/3people-pave_001585.png,3,545.266663,368.040985,604.185059,617.964905,4.9375,3-6
3people-pave_001595#1,3people-pave_001595,images/3people-pave_001595.png,1,410.400085,394.848724,472.110565,600.966064,5.683594,3-6
3people-pave_001595#2,3people-pave_001595,images/3people-pave_001595.png,2,487.631042,364.05899,573.849548,643.07959,4.621094,3-6
3people-pave_001595#3,3people-pave_001595,images/3people-pave_001595.png,3,584.564819,370.163452,684.261353,612.870117,5.273438,3-6
3people-pave_001608#1,3people-pave_001608,images/3people-pave_001608.png,1,457.932037,393.771606,521.347778,606.002747,5.429688,3-6
3people-pave_001608#2,3people-pave_001608,images/3people-pave_001608.png,2,531.302966,376.828428,612.524225,602.190776,5.546875,3-6
3people-pave_001608#3,3people-pave_001608,images/3people-pave_001608.png,3,647.329285,375.964691,741.293884,595.324585,5.835938,3-6
3people-pave_001614#1,3people-pave_001614,images/3people-pave_001614.png,1,474.352844,400.237976,568.953918,607.648865,5.253906,3-6
3people-pave_001614#2,3people-pave_001614,images/3people-pave_001614.png,2,546.253859,377.058655,620.581787,582.360793,6.101562,>6
3people-pave_001614#3,3people-pave_001614,images/3people-pave_001614.png,3,660.505127,378.868835,756.852356,584.432983,6.320312,>6
3people-pave_001625#1,3people-pave_001625,images/3people-pave_001625.png,1,576.78064,383.334686,625.943176,563.678894,6.201172,>6
3people-pave_001625#2,3people-pave_001625,images/3people-pave_001625.png,2,603.896179,396.412445,695.01532,615.032654,5.117188,3-6
3people-pave_001625#3,3people-pave_001625,images/3people-pave_001625.png,3,682.831177,381.644073,751.532532,569.63147,5.914062,3-6
3people-pave_001636#1,3people-pave_001636,images/3people-pave_001636.png,1,571.419739,384.933563,634.467346,553.624207,7.390625,>6
3people-pave_001636#2,3people-pave_001636,images/3people-pave_001636.png,2,694.30719,380.910004,739.801208,554.898376,7.769531,>6
3people-pave_001636#3,3people-pave_001636,images/3people-pave_001636.png,3,718.067383,397.460358,799.504578,608.683472,5.351562,3-6
3people-pave_001646#1,3people-pave_001646,images/3people-pave_001646.png,1,521.138184,388.901917,588.374329,550.627136,7.351562,>6
3people-pave_001646#2,3people-pave_001646,images/3people-pave_001646.png,2,670.032793,380.169966,732.315325,539.343153,8,>6
3people-pave_001646#3,3people-pave_001646,images/3people-pave_001646.png,3,803.442139,401.830353,879.765991,601.491089,5.640625,3-6
3people-pave_001651#1,3people-pave_001651,images/3people-pave_001651.png,1,503.612091,385.846893,565.530457,558.784973,6.753906,>6
3people-pave_001651#2,3people-pave_001651,images/3people-pave_001651.png,2,657.421875,384.486145,712.742615,536.434204,8.421875,>6
3people-pave_001651#3,3people-pave_001651,images/3people-pave_001651.png,3,836.273499,403.291931,936.592773,601.214111,5.650391,3-6
3people-pave_001663#1,3people-pave_001663,images/3people-pave_001663.png,1,426.308533,379.647278,493.038025,566.142578,6.621094,>6
3people-pave_001663#2,3people-pave_001663,images/3people-pave_001663.png,2,600.320618,389.239227,656.878052,527.421509,8.925781,>6
3people-pave_001663#3,3people-pave_001663,images/3people-pave_001663.png,3,919.487183,409.286163,959.707397,581.772034,8.453125,>6
3people-pave_001673#1,3people-pave_001673,images/3people-pave_001673.png,1,392.589233,377.324524,461.902985,580.870483,6.03125,>6
3people-pave_001673#2,3people-pave_001673,images/3people-pave_001673.png,2,534.470825,386.786713,602.639465,530.221802,9.003906,>6
3people-pave_001682#1,3people-pave_001682,images/3people-pave_001682.png,1,427.199707,374.976379,524.584717,610.465027,5.453125,3-6
3people-pave_001682#2,3people-pave_001682,images/3people-pave_001682.png,2,500.771576,385.186066,559.426636,531.832581,8.664062,>6
3people-pave_001682#3,3people-pave_001682,images/3people-pave_001682.png,3,915.777466,406.288879,959.776245,553.751648,7.382812,>6
3people-pave_001697#1,3people-pave_001697,images/3people-pave_001697.png,1,433.934801,383.758417,484.284236,537.215,,>6
3people-pave_001697#2,3people-pave_001697,images/3people-pave_001697.png,2,448.882135,357.109054,577.583643,686.345382,4.03125,3-6
3people-pave_001697#3,3people-pave_001697,images/3people-pave_001697.png,3,791.372131,405.738098,866.34613,543.419128,7.570312,>6
3people-pave_001709#1,3people-pave_001709,images/3people-pave_001709.png,1,422.703369,385.444611,464.523743,512.849731,,>6
3people-pave_001709#2,3people-pave_001709,images/3people-pave_001709.png,2,417.611023,325.046814,569.065796,719.341736,2.703125,<3
3people-pave_001709#3,3people-pave_001709,images/3people-pave_001709.png,3,704.766174,406.603729,774.989136,543.211853,8.757812,>6
3people-pave_001715#1,3people-pave_001715,images/3people-pave_001715.png,1,379.354828,302.282318,520.964905,719.369629,2.111328,<3
3people-pave_001715#2,3people-pave_001715,images/3people-pave_001715.png,2,656.830872,405.655457,725.147095,543.62085,9.75,>6
3people-pave_001720#1,3people-pave_001720,images/3people-pave_001720.png,1,297.820587,273.511963,561.090881,719.060852,1.576172,<3
3people-pave_001720#2,3people-pave_001720,images/3people-pave_001720.png,2,613.269348,405.820221,695.492859,550.838623,7.220703,>6
3people-pave_001739#1,3people-pave_001739,images/3people-pave_001739.png,1,519.642029,357.144836,635.928833,677.392822,4.03125,3-6
3people-pave_001739#2,3people-pave_001739,images/3people-pave_001739.png,2,864.219727,393.161682,959.971436,719.384033,1.666016,<3
3people-pave_001744#1,3people-pave_001744,images/3people-pave_001744.png,1,471.168274,391.515747,542.161377,572.173279,6.140625,>6
3people-pave_001744#2,3people-pave_001744,images/3people-pave_001744.png,2,541.48114,353.594421,697.157959,698.604004,3.648438,3-6
3people-pave_001755#1,3people-pave_001755,images/3people-pave_001755.png,1,368.182037,402.064819,455.420837,582.573303,6.1875,>6
3people-pave_001755#2,3people-pave_001755,images/3people-pave_001755.png,2,526.124512,332.440491,699.787415,719.71936,2.728516,<3
3people-pave_001755#3,3people-pave_001755,images/3people-pave_001755.png,3,777.944275,347.159912,959.302185,719.57666,2.542969,<3
3people-pave_001761#1,3people-pave_001761,images/3people-pave_001761.png,1,319.429138,386.328461,394.968231,585.648804,5.8125,3-6
3people-pave_001761#2,3people-pave_001761,images/3people-pave_001761.png,2,487.3927,318.151245,656.069336,719.007568,2.291016,<3
3people-pave_001761#3,3people-pave_001761,images/3people-pave_001761.png,3,704.390503,357.609924,874.661194,719.651611,3.123047,3-6
3people-pave_001771#1,3people-pave_001771,images/3people-pave_001771.png,1,328.365997,276.581879,510.690155,719.390808,1.65918,<3
3people-pave_001771#2,3people-pave_001771,images/3people-pave_001771.png,2,612.99762,358.752686,700.080933,668.776978,4.050781,3-6
3people-pave_001787#1,3people-pave_001787,images/3people-pave_001787.png,1,26.914993,288.994812,270.94519,719.48291,1.892578,<3
3people-pave_001787#2,3people-pave_001787,images/3people-pave_001787.png,2,449.534454,371.869537,562.000916,599.495239,5.486328,3-6
3people-pave_001794#1,3people-pave_001794,images/3people-pave_001794.png,1,77.097885,314.432922,302.918854,718.324951,2.369141,<3
3people-pave_001794#2,3people-pave_001794,images/3people-pave_001794.png,2,394.216034,371.117676,464.729492,575.275696,5.867188,3-6
3people-pave_001801#1,3people-pave_001801,images/3people-pave_001801.png,1,199.831604,335.061188,380.338165,719.532715,2.894531,<3
3people-pave_001801#2,3people-pave_001801,images/3people-pave_001801.png,2,327.921246,361.083053,391.778633,578.4753,,3-6
3people-pave_001817#1,3people-pave_001817,images/3people-pave_001817.png,1,204.662521,367.427704,233.722183,393.836731,,>6
3people-pave_001817#2,3people-pave_001817,images/3people-pave_001817.png,2,384.54538,352.105774,534.994507,689.961365,3.765625,3-6
3people-pave_001828#1,3people-pave_001828,images/3people-pave_001828.png,1,194.665309,357.274308,242.263155,407.923284,,>6
3people-pave_001828#2,3people-pave_001828,images/3people-pave_001828.png,2,279.087464,394.314779,327.015054,437.721823,,3-6
3people-pave_001828#3,3people-pave_001828,images/3people-pave_001828.png,3,478.591919,361.422119,587.338074,646.565186,4.3125,3-6
3people-pave_001836#1,3people-pave_001836,images/3people-pave_001836.png,1,238.668182,368.587524,274.028595,408.434967,,>6
3people-pave_001836#2,3people-pave_001836,images/3people-pave_001836.png,2,318.838942,388.993482,379.305358,566.810289,6.425781,>6
3people-pave_001836#3,3people-pave_001836,images/3people-pave_001836.png,3,523.290161,367.154663,629.363892,630.158264,4.855469,3-6
3people-pave_001846#1,3people-pave_001846,images/3people-pave_001846.png,1,295.284027,368.819092,376.527557,566.821655,5.818359,3-6
3people-pave_001846#2,3people-pave_001846,images/3people-pave_001846.png,2,351.888373,372.26974,397.66831,566.696498,7.474609,>6
3people-pave_001846#3,3people-pave_001846,images/3people-pave_001846.png,3,555.050964,372.897003,653.477661,612.473694,5.226562,3-6
3people-pave_001856#1,3people-pave_001856,images/3people-pave_001856.png,1,360.341217,370.204987,472.845886,596.475769,5.589844,3-6
3people-pave_001856#2,3people-pave_001856,images/3people-pave_001856.png,2,594.081848,376.041351,689.740906,594.675476,5.777344,3-6
3people-pave_001863#1,3people-pave_001863,images/3people-pave_001863.png,1,391.905762,427.499359,444.853088,560.978943,6.960938,>6
3people-pave_001863#2,3people-pave_001863,images/3people-pave_001863.png,2,426.412994,375.723572,498.518646,626.974854,4.914062,3-6
3people-pave_001863#3,3people-pave_001863,images/3people-pave_001863.png,3,628.889648,379.988068,697.637024,578.630371,6.078125,>6
3people-pave_001879#1,3people-pave_001879,images/3people-pave_001879.png,1,414.586487,365.498871,504.360352,619.158447,4.972656,3-6
3people-pave_001879#2,3people-pave_001879,images/3people-pave_001879.png,2,526.880066,399.138702,596.557434,571.53595,6.681641,>6
3people-pave_001879#3,3people-pave_001879,images/3people-pave_001879.png,3,667.247375,382.183594,727.958557,556.914001,7.425781,>6
3people-pave_001881#1,3people-pave_001881,images/3people-pave_001881.png,1,417.280151,368.506165,495.71521,616.714966,5.003906,3-6
3people-pave_001881#2,3people-pave_001881,images/3people-pave_001881.png,2,534.223206,399.113373,614.526672,572.268616,6.5,>6
3people-pave_001881#3,3people-pave_001881,images/3people-pave_001881.png,3,665.208374,381.599854,731.741821,555.466736,7.480469,>6
3people-pave_001899#1,3people-pave_001899,images/3people-pave_001899.png,1,444.65744,379.346436,512.877197,572.398926,6.558594,>6
3people-pave_001899#2,3people-pave_001899,images/3people-pave_001899.png,2,662.262268,386.089874,717.929993,534.707703,8.757812,>6
3people-pave_001899#3,3people-pave_001899,images/3people-pave_001899.png,3,703.960144,405.745514,802.415222,585.219238,6.259766,>6
3people-pave_001900#1,3people-pave_001900,images/3people-pave_001900.png,1,445.573608,379.771362,513.139526,567.026917,6.683594,>6
3people-pave_001900#2,3people-pave_001900,images/3people-pave_001900.png,2,660.550781,387.613312,715.780151,531.561035,8.96875,>6
3people-pave_001900#3,3people-pave_001900,images/3people-pave_001900.png,3,721.453308,403.796906,800.253662,584.717529,6.501953,>6
3people-pave_001916#1,3people-pave_001916,images/3people-pave_001916.png,1,494.396667,385.274048,545.393188,540.531555,8.171875,>6
3people-pave_001916#2,3people-pave_001916,images/3people-pave_001916.png,2,603.566162,388.074829,661.239624,526.090454,9.148438,>6
3people-pave_001916#3,3people-pave_001916,images/3people-pave_001916.png,3,844.192383,405.624756,935.363159,578.16156,6.800781,>6
3people-pave_001927#1,3people-pave_001927,images/3people-pave_001927.png,1,491.746704,386.544434,555.818054,546.132019,7.75,>6
3people-pave_001927#2,3people-pave_001927,images/3people-pave_001927.png,2,595.192932,389.339203,652.50824,538.85614,8.320312,>6
3people-pave_001927#3,3people-pave_001927,images/3people-pave_001927.png,3,882.452332,405.317688,955.482666,562.357239,8.050781,>6
3people-pave_001932#1,3people-pave_001932,images/3people-pave_001932.png,1,491.566681,392.246429,561.487488,566.953003,7.269531,>6
3people-pave_001932#2,3people-pave_001932,images/3people-pave_001932.png,2,594.953735,389.000427,650.554993,543.465271,8.013672,>6
3people-pave_001932#3,3people-pave_001932,images/3people-pave_001932.png,3,878.674988,404.410522,948.804382,553.766602,7.726562,>6
3people-pave_001943#1,3people-pave_001943,images/3people-pave_001943.png,1,486.205902,374.737091,570.289368,589.452148,5.972656,3-6
3people-pave_001943#2,3people-pave_001943,images/3people-pave_001943.png,2,601.120789,383.760406,663.365479,558.492615,7.261719,>6
3people-pave_001943#3,3people-pave_001943,images/3people-pave_001943.png,3,848.748779,405.097076,903.304688,538.053406,9.171875,>6
3people-pave_001959#1,3people-pave_001959,images/3people-pave_001959.png,1,476.153412,364.437469,574.083862,672.965027,4.289062,3-6
3people-pave_001959#2,3people-pave_001959,images/3people-pave_001959.png,2,631.65802,377.9664,709.578186,605.373108,5.664062,3-6
3people-pave_001959#3,3people-pave_001959,images/3people-pave_001959.png,3,731.598875,398.971146,781.783997,528.639465,8.722656,>6
3people-pave_001966#1,3people-pave_001966,images/3people-pave_001966.png,1,429.598755,356.023926,549.264404,719.699036,3.515625,3-6
3people-pave_001966#2,3people-pave_001966,images/3people-pave_001966.png,2,654.248169,372.380249,743.847534,633.136963,5.113281,3-6
3people-pave_001972#1,3people-pave_001972,images/3people-pave_001972.png,1,408.313782,341.755371,512.154724,719.540771,3.195312,3-6
3people-pave_001972#2,3people-pave_001972,images/3people-pave_001972.png,2,627.699829,403.975891,690.642517,532.233276,7.923828,>6
3people-pave_001972#3,3people-pave_001972,images/3people-pave_001972.png,3,683.530762,371.169342,785.270752,658.034058,4.535156,3-6
3people-pave_001987#1,3people-pave_001987,images/3people-pave_001987.png,1,245.74292,279.099884,543.10968,719.238342,1.835938,<3
3people-pave_001987#2,3people-pave_001987,images/3people-pave_001987.png,2,546.783569,398.180969,597.970154,545.588928,7.984375,>6
3people-pave_001987#3,3people-pave_001987,images/3people-pave_001987.png,3,801.352661,352.99585,959.621155,719.356934,3.195312,3-6
3people-pave_001990#1,3people-pave_001990,images/3people-pave_001990.png,1,279.911407,274.985657,558.178772,719.682739,1.609863,<3
3people-pave_001990#2,3people-pave_001990,images/3people-pave_001990.png,2,530.218018,398.958466,607.554195,552.441255,6.09375,>6
3people-pave_001990#3,3people-pave_001990,images/3people-pave_001990.png,3,823.288696,350.506378,959.443726,719.234619,2.957031,<3
3people-pave_002000#1,3people-pave_002000,images/3people-pave_002000.png,1,335.173828,228.523315,753.403442,719.055603,1.129883,<3
3people-pave_002000#2,3people-pave_002000,images/3people-pave_002000.png,2,820.20813,324.553741,959.362793,718.828613,2.369141,<3
3people-pave_002016#1,3people-pave_002016,images/3people-pave_002016.png,1,298.002562,398.090149,359.155334,554.839652,,3-6
3people-pave_002016#2,3people-pave_002016,images/3people-pave_002016.png,2,320.407813,277.833008,595.943854,720,1.541016,<3
3people-pave_002016#3,3people-pave_002016,images/3people-pave_002016.png,3,580.896667,336.620087,780.653198,720,2.816406,<3
3people-pave_002029#1,3people-pave_002029,images/3people-pave_002029.png,1,339.800293,339.073181,499.828522,719.432007,2.673828,<3
3people-pave_002029#2,3people-pave_002029,images/3people-pave_002029.png,2,579.819397,356.69577,747.62738,688.370605,3.814453,3-6
3people-pave_002030#1,3people-pave_002030,images/3people-pave_002030.png,1,341.943878,341.417908,503.839508,719.331299,2.773438,<3
3people-pave_002030#2,3people-pave_002030,images/3people-pave_002030.png,2,591.669067,358.448303,760.190552,686.78186,3.869141,3-6
3people-pave_002047#1,3people-pave_002047,images/3people-pave_002047.png,1,383.807709,359.692993,488.352905,654.576111,4.390625,3-6
3people-pave_002047#2,3people-pave_002047,images/3people-pave_002047.png,2,661.450012,371.447327,753.829102,614.967346,5.109375,3-6
3people-pave_002050#1,3people-pave_002050,images/3people-pave_002050.png,1,385.446167,365.979492,481.493042,649.948853,4.683594,3-6
3people-pave_002050#2,3people-pave_002050,images/3people-pave_002050.png,2,666.420471,374.466522,751.685547,611.396118,5.421875,3-6
3people-pave_002063#1,3people-pave_002063,images/3people-pave_002063.png,1,402.048279,373.791504,488.557007,594.269775,5.636719,3-6
3people-pave_002063#2,3people-pave_002063,images/3people-pave_002063.png,2,696.4823,382.406891,777.240234,579.294495,6.378906,>6
3people-pave_002071#1,3people-pave_002071,images/3people-pave_002071.png,1,426.508881,377.945953,503.324829,570.582642,6.363281,>6
3people-pave_002071#2,3people-pave_002071,images/3people-pave_002071.png,2,714.176331,383.610107,779.024475,565.497559,7.039062,>6
3people-pave_002087#1,3people-pave_002087,images/3people-pave_002087.png,1,352.959747,415.460999,415.936157,584.0755,5.683594,3-6
3people-pave_002087#2,3people-pave_002087,images/3people-pave_002087.png,2,488.049907,382.451752,551.306072,560.295105,7.066406,>6
3people-pave_002087#3,3people-pave_002087,images/3people-pave_002087.png,3,676.26947,384.065826,740.122375,547.925232,8.820312,>6
3people-pave_002098#1,3people-pave_002098,images/3people-pave_002098.png,1,398.928253,388.279358,483.779236,583.986328,6.078125,>6
3people-pave_002098#2,3people-pave_002098,images/3people-pave_002098.png,2,553.108948,384.766846,638.993469,573.306152,6.40625,>6
3people-pave_002098#3,3people-pave_002098,images/3people-pave_002098.png,3,629.153198,384.508026,699.091064,552.867249,7.429688,>6
3people-pave_002100#1,3people-pave_002100,images/3people-pave_002100.png,1,437.317596,388.982147,488.596558,589.822021,5.980469,3-6
3people-pave_002100#2,3people-pave_002100,images/3people-pave_002100.png,2,561.789795,383.383331,636.987732,579.954651,6.410156,>6
3people-pave_002100#3,3people-pave_002100,images/3people-pave_002100.png,3,635.675964,384.729675,685.390747,552.794678,7.363281,>6
3people-pave_002118#1,3people-pave_002118,images/3people-pave_002118.png,1,551.739136,382.619385,607.026917,565.964355,7.175781,>6
3people-pave_002118#2,3people-pave_002118,images/3people-pave_002118.png,2,602.60199,397.365326,663.875305,585.365356,6,3-6
3people-pave_002118#3,3people-pave_002118,images/3people-pave_002118.png,3,652.784973,373.805054,771.007751,631.148438,5.203125,3-6
3people-pave_002123#1,3people-pave_002123,images/3people-pave_002123.png,1,517.354126,382.405426,591.98645,569.39032,6.652344,>6
3people-pave_002123#2,3people-pave_002123,images/3people-pave_002123.png,2,653.166809,396.944458,704.904175,580.843567,6.140625,>6
3people-pave_002123#3,3people-pave_002123,images/3people-pave_002123.png,3,669.4151,370.065918,767.192078,636.806641,4.761719,3-6
3people-pave_002137#1,3people-pave_002137,images/3people-pave_002137.png,1,463.66983,373.962006,539.769897,595.266174,5.6875,3-6
3people-pave_002137#2,3people-pave_002137,images/3people-pave_002137.png,2,611.411133,367.90094,730.268066,681.212158,4.175781,3-6
3people-pave_002137#3,3people-pave_002137,images/3people-pave_002137.png,3,784.476196,402.354584,882.436523,581.880249,6.550781,>6
3people-pave_002145#1,3people-pave_002145,images/3people-pave_002145.png,1,432.469025,369.805054,525.235535,621.120056,5.230469,3-6
3people-pave_002145#2,3people-pave_002145,images/3people-pave_002145.png,2,566.790405,353.736877,686.557678,718.163696,3.541016,3-6
3people-pave_002145#3,3people-pave_002145,images/3people-pave_002145.png,3,858.812622,403.655487,937.730347,575.640564,6.585938,>6
3people-pave_002153#1,3people-pave_002153,images/3people-pave_002153.png,1,376.206299,360.94281,473.790985,639.476807,4.574219,3-6
3people-pave_002153#2,3people-pave_002153,images/3people-pave_002153.png,2,498.566162,332.544434,644.120789,719.380554,2.908203,<3
3people-pave_002153#3,3people-pave_002153,images/3people-pave_002153.png,3,924.087891,416.266494,960,580.047561,,>6
3people-pave_002163#1,3people-pave_002163,images/3people-pave_002163.png,1,278.819427,353.956057,383.116134,696.43109,3.901367,3-6
3people-pave_002163#2,3people-pave_002163,images/3people-pave_002163.png,2,381.667985,301.851741,522.410748,719.724791,2.142578,<3
3people-pave_002163#3,3people-pave_002163,images/3people-pave_002163.png,3,932.689148,420.660645,959.73584,573.638,,>6
3people-pave_002175#1,3people-pave_002175,images/3people-pave_002175.png,1,97.016925,253.546603,380.542511,719.588745,1.366211,<3
3people-pave_002175#2,3people-pave_002175,images/3people-pave_002175.png,2,335.833275,344.838321,414.81715,707.23546,4.574219,3-6
3people-pave_002175#3,3people-pave_002175,images/3people-pave_002175.png,3,903.698251,399.593628,959.645935,588.669128,,>6
3people-pave_002183#1,3people-pave_002183,images/3people-pave_002183.png,1,27.748924,240.540344,263.7742,720,1.243164,<3
3people-pave_002183#2,3people-pave_002183,images/3people-pave_002183.png,2,372.160706,334.290649,521.496214,720,2.892578,<3
3people-pave_002183#3,3people-pave_002183,images/3people-pave_002183.png,3,845.569031,400.75946,931.631897,594.400635,6.4375,>6
3people-pave_002195#1,3people-pave_002195,images/3people-pave_002195.png,1,283.33075,289.326324,550.775024,719.475464,1.637695,<3
3people-pave_002195#2,3people-pave_002195,images/3people-pave_002195.png,2,500.87265,343.565735,631.625854,718.523804,3.304688,3-6
3people-pave_002195#3,3people-pave_002195,images/3people-pave_002195.png,3,699.069946,400.648132,792.440369,588.334961,5.980469,3-6
3people-pave_002208#1,3people-pave_002208,images/3people-pave_002208.png,1,434.797852,332.004181,612.038269,719.598145,2.714844,<3
3people-pave_002208#2,3people-pave_002208,images/3people-pave_002208.png,2,559.970886,393.714935,640.057007,579.8573,6.675781,>6
3people-pave_002208#3,3people-pave_002208,images/3people-pave_002208.png,3,610.434954,356.165627,764.812395,677.767556,3.927734,3-6
3people-pave_002211#1,3people-pave_002211,images/3people-pave_002211.png,1,453.506927,340.293579,610.553284,719.448975,2.996094,<3
3people-pave_002211#2,3people-pave_002211,images/3people-pave_002211.png,2,624.847229,362.591156,795.831116,675.873169,4.074219,3-6
3people-pave_002223#1,3people-pave_002223,images/3people-pave_002223.png,1,378.007854,392.736874,455.195984,572.048767,6.765625,>6
3people-pave_002223#2,3people-pave_002223,images/3people-pave_002223.png,2,549.568359,358.540558,668.314636,688.672302,3.837891,3-6
3people-pave_002223#3,3people-pave_002223,images/3people-pave_002223.png,3,698.653442,369.686035,812.633484,640.905884,4.714844,3-6
3people-pave_002231#1,3people-pave_002231,images/3people-pave_002231.png,1,284.096039,398.732758,370.102203,565.68988,6.037109,>6
3people-pave_002231#2,3people-pave_002231,images/3people-pave_002231.png,2,576.714172,369.650574,678.104431,653.140015,4.484375,3-6
3people-pave_002231#3,3people-pave_002231,images/3people-pave_002231.png,3,730.642578,374.440063,818.360413,614.340454,5.140625,3-6
3people-pave_002243#1,3people-pave_002243,images/3people-pave_002243.png,1,555.396851,373.78009,639.689026,598.666016,5.414062,3-6
3people-pave_002243#2,3people-pave_002243,images/3people-pave_002243.png,2,739.874634,380.394226,815.28717,587.992065,5.847656,3-6
3people-pave_002255#1,3people-pave_002255,images/3people-pave_002255.png,1,531.195923,380.513611,606.920288,563.258057,6.761719,>6
3people-pave_002255#2,3people-pave_002255,images/3people-pave_002255.png,2,741.528503,383.541382,808.203979,568.545288,6.419922,>6
3people-pave_002263#1,3people-pave_002263,images/3people-pave_002263.png,1,524.450073,383.967346,590.624268,550.707642,7.394531,>6
3people-pave_002263#2,3people-pave_002263,images/3people-pave_002263.png,2,737.717468,385.255737,816.16864,556.957581,7.371094,>6
3people-pave_002279#1,3people-pave_002279,images/3people-pave_002279.png,1,513.89032,384.951691,583.351196,555.441711,7.167969,>6
3people-pave_002279#2,3people-pave_002279,images/3people-pave_002279.png,2,743.998394,383.002308,821.276817,547.171397,7.542969,>6
3people-pave_002281#1,3people-pave_002281,images/3people-pave_002281.png,1,515.380981,384.420593,590.645386,559.413818,6.488281,>6
3people-pave_002281#2,3people-pave_002281,images/3people-pave_002281.png,2,750.509277,389.285095,802.659363,533.644409,8.421875,>6
3people-pave_002296#1,3people-pave_002296,images/3people-pave_002296.png,1,324.020416,397.277069,404.436676,585.485107,5.958984,3-6
3people-pave_002296#2,3people-pave_002296,images/3people-pave_002296.png,2,552.939514,382.576172,648.658081,595.699829,5.867188,3-6
3people-pave_002296#3,3people-pave_002296,images/3people-pave_002296.png,3,692.041626,389.078064,747.315674,520.152283,9.800781,>6
3people-pave_002308#1,3people-pave_002308,images/3people-pave_002308.png,1,454.433807,394.135345,540.533997,592.534302,5.824219,3-6
3people-pave_002308#2,3people-pave_002308,images/3people-pave_002308.png,2,597.09906,364.402191,710.315979,650.589844,4.527344,3-6
3people-pave_002313#1,3people-pave_002313,images/3people-pave_002313.png,1,513.122314,396.462433,609.191711,594.416626,5.84375,3-6
3people-pave_002313#2,3people-pave_002313,images/3people-pave_002313.png,2,596.236938,362.218689,738.080933,699.722778,3.892578,3-6
3people-pave_002323#1,3people-pave_002323,images/3people-pave_002323.png,1,502.837555,337.188782,672.696899,719.421082,3.039062,3-6
3people-pave_002323#2,3people-pave_002323,images/3people-pave_002323.png,2,647.026978,397.909607,742.203979,591.790649,5.824219,3-6
3people-pave_002330#1,3people-pave_002330,images/3people-pave_002330.png,1,464.289459,315.403748,655.155029,719.468872,2.394531,<3
3people-pave_002330#2,3people-pave_002330,images/3people-pave_002330.png,2,723.635376,398.61377,802.584045,591.382446,5.898438,3-6
3people-pave_002348#1,3people-pave_002348,images/3people-pave_002348.png,1,100.730331,211.625793,389.730652,719.122375,1.055664,<3
3people-pave_002348#2,3people-pave_002348,images/3people-pave_002348.png,2,475.402222,384.568726,533.508545,540.880066,8.132812,>6
3people-pave_002348#3,3people-pave_002348,images/3people-pave_002348.png,3,865.178833,397.99292,952.947876,605.827698,,3-6
3people-pave_002357#1,3people-pave_002357,images/3people-pave_002357.png,1,0.156761,265.024933,209.682999,719.326416,1.458008,<3
3people-pave_002357#2,3people-pave_002357,images/3people-pave_002357.png,2,434.789154,381.955566,497.876129,546.534302,8.046875,>6
3people-pave_002357#3,3people-pave_002357,images/3people-pave_002357.png,3,848.072937,398.147003,925.769348,610.834045,5.667969,3-6
3people-pave_002363#1,3people-pave_002363,images/3people-pave_002363.png,1,93.550147,299.915039,327.413344,720,2.054688,<3
3people-pave_002363#2,3people-pave_002363,images/3people-pave_002363.png,2,420.814758,380.989471,485.113983,554.851501,6.998047,>6
3people-pave_002363#3,3people-pave_002363,images/3people-pave_002363.png,3,836.763245,398.410217,923.491516,618.61322,5.357422,3-6
3people-pave_002372#1,3people-pave_002372,images/3people-pave_002372.png,1,262.485565,338.826233,406.030731,719.658875,3.042969,3-6
3people-pave_002372#2,3people-pave_002372,images/3people-pave_002372.png,2,399.611023,377.670166,467.751526,573.488281,6.523438,>6
3people-pave_002372#3,3people-pave_002372,images/3people-pave_002372.png,3,794.020569,394.708099,879.089539,623.227173,4.945312,3-6
3people-pave_002387#1,3people-pave_002387,images/3people-pave_002387.png,1,321.210968,359.203583,432.928833,633.351562,4.542969,3-6
3people-pave_002387#2,3people-pave_002387,images/3people-pave_002387.png,2,401.116516,372.727386,483.830933,619.187683,5.082031,3-6
3people-pave_002387#3,3people-pave_002387,images/3people-pave_002387.png,3,692.051025,399.309204,771.017273,608.907654,5.507812,3-6
3people-pave_002394#1,3people-pave_002394,images/3people-pave_002394.png,1,335.133911,366.033417,428.244354,602.05426,5.375,3-6
3people-pave_002394#2,3people-pave_002394,images/3people-pave_002394.png,2,431.815826,363.028107,528.883789,651.460388,4.597656,3-6
3people-pave_002394#3,3people-pave_002394,images/3people-pave_002394.png,3,656.552979,399.495209,729.274414,579.15918,6.238281,>6
3people-pave_002404#1,3people-pave_002404,images/3people-pave_002404.png,1,371.995392,379.012695,449.675354,575.874329,6.3125,>6
3people-pave_002404#2,3people-pave_002404,images/3people-pave_002404.png,2,496.028168,355.577301,618.429016,706.924072,3.835938,3-6
3people-pave_002404#3,3people-pave_002404,images/3people-pave_002404.png,3,641.383301,399.775635,704.698608,557.608521,7.027344,>6
3people-pave_002410#1,3people-pave_002410,images/3people-pave_002410.png,1,385.286438,380.592072,460.083099,559.78302,6.980469,>6
3people-pave_002410#2,3people-pave_002410,images/3people-pave_002410.png,2,553.346558,346.480072,700.431335,719.985718,3.365234,3-6
3people-pave_002410#3,3people-pave_002410,images/3people-pave_002410.png,3,654.292603,400.402086,705.611758,550.11235,7.304688,>6
3people-pave_002420#1,3people-pave_002420,images/3people-pave_002420.png,1,423.933197,382.3862,494.24057,551.410828,7.382812,>6
3people-pave_002420#2,3people-pave_002420,images/3people-pave_002420.png,2,671.29895,402.820496,724.026917,534.697876,8.59375,>6
3people-pave_002420#3,3people-pave_002420,images/3people-pave_002420.png,3,702.062439,332.943817,865.695557,719.650452,2.730469,<3
3people-pave_002430#1,3people-pave_002430,images/3people-pave_002430.png,1,397.128204,380.751953,465.616333,551.301331,7.554688,>6
3people-pave_002430#2,3people-pave_002430,images/3people-pave_002430.png,2,692.549194,401.803986,740.35199,526.025269,8.585938,>6
3people-pave_002430#3,3people-pave_002430,images/3people-pave_002430.png,3,880.892944,339.487793,959.863403,719.313354,2.826172,<3
3people-pave_002441#1,3people-pave_002441,images/3people-pave_002441.png,1,363.573608,376.420898,451.785767,566.998901,6.5,>6
3people-pave_002441#2,3people-pave_002441,images/3people-pave_002441.png,2,673.841553,401.000323,731.210761,524.417003,8.832031,>6
3people-pave_002458#1,3people-pave_002458,images/3people-pave_002458.png,1,351.255432,367.346436,446.03421,621.969421,4.964844,3-6
3people-pave_002458#2,3people-pave_002458,images/3people-pave_002458.png,2,573.082764,401.926666,631.513848,511.062616,10.347656,>6
3people-pave_002458#3,3people-pave_002458,images/3people-pave_002458.png,3,897.51239,368.857544,959.92627,672.193542,4.796875,3-6
3people-pave_002466#1,3people-pave_002466,images/3people-pave_002466.png,1,354.987122,359.707214,460.357452,659.469543,4.300781,3-6
3people-pave_002466#2,3people-pave_002466,images/3people-pave_002466.png,2,536.678833,400.218018,577.226746,500.518982,11.664062,>6
3people-pave_002466#3,3people-pave_002466,images/3people-pave_002466.png,3,827.205505,369.267639,935.382751,656.011719,4.28125,3-6
3people-pave_002471#1,3people-pave_002471,images/3people-pave_002471.png,1,370.987976,355.413788,485.273163,678.376404,3.966797,3-6
3people-pave_002471#2,3people-pave_002471,images/3people-pave_002471.png,2,510.427002,398.146118,552.641602,501.715973,10.824219,>6
3people-pave_002471#3,3people-pave_002471,images/3people-pave_002471.png,3,751.328003,373.481018,855.971375,640.986755,4.675781,3-6
3people-pave_002488#1,3people-pave_002488,images/3people-pave_002488.png,1,355.29007,347.433105,493.664337,693.209473,3.71875,3-6
3people-pave_002488#2,3people-pave_002488,images/3people-pave_002488.png,2,603.009888,377.380707,695.182251,597.029663,5.773438,3-6
3people-pave_002494#1,3people-pave_002494,images/3people-pave_002494.png,1,362.118927,358.4599,482.108948,685.901184,3.917969,3-6
3people-pave_002494#2,3people-pave_002494,images/3people-pave_002494.png,2,558.594238,379.198944,637.929382,587.357666,5.654297,3-6
3people-pave_002506#1,3people-pave_002506,images/3people-pave_002506.png,1,350.4216,410.627655,389.024811,532.916626,8.148438,>6
3people-pave_002506#2,3people-pave_002506,images/3people-pave_002506.png,2,365.608978,363.141479,467.329834,625.243958,4.714844,3-6
3people-pave_002506#3,3people-pave_002506,images/3people-pave_002506.png,3,491.157532,380.186249,558.59967,562.793884,6.898438,>6
3people-pave_002512#1,3people-pave_002512,images/3people-pave_002512.png,1,293.740814,397.027954,327.253693,441.718506,,>6
3people-pave_002512#2,3people-pave_002512,images/3people-pave_002512.png,2,385.626526,366.944946,483.994995,619.846985,5.058594,3-6
3people-pave_002512#3,3people-pave_002512,images/3people-pave_002512.png,3,479.770569,382.021332,533.423218,551.171448,7.25,>6
3people-pave_002526#1,3people-pave_002526,images/3people-pave_002526.png,1,487.522247,384.812714,543.017822,532.428101,8.332031,>6
3people-pave_002526#2,3people-pave_002526,images/3people-pave_002526.png,2,527.752625,376.985687,650.001892,605.229919,5.40625,3-6
3people-pave_002530#1,3people-pave_002530,images/3people-pave_002530.png,1,502.21463,386.287354,562.50647,529.823364,8.71875,>6
3people-pave_002530#2,3people-pave_002530,images/3people-pave_002530.png,2,592.620483,371.779053,692.796204,603.005371,5.453125,3-6
3people-pave_002547#1,3people-pave_002547,images/3people-pave_002547.png,1,601.937195,386.95166,651.937805,537.193787,8.375,>6
3people-pave_002547#2,3people-pave_002547,images/3people-pave_002547.png,2,728.538757,372.366333,786.554626,643.815247,4.738281,3-6
3people-pave_002559#1,3people-pave_002559,images/3people-pave_002559.png,1,593.197327,361.042786,717.022217,663.879333,4.132812,3-6
3people-pave_002567#1,3people-pave_002567,images/3people-pave_002567.png,1,271.928667,387.240081,332.938283,442.920644,,3-6
3people-pave_002567#2,3people-pave_002567,images/3people-pave_002567.png,2,451.554749,356.99231,599.603027,681.269531,3.763672,3-6
3people-pave_002567#3,3people-pave_002567,images/3people-pave_002567.png,3,650.187988,383.745636,729.247559,567.081848,6.941406,>6
3people-pave_002579#1,3people-pave_002579,images/3people-pave_002579.png,1,270.036621,333.038879,445.975525,719.752869,3.015625,3-6
3people-pave_002579#2,3people-pave_002579,images/3people-pave_002579.png,2,650.087463,379.040314,735.99469,594.840149,5.859375,3-6
3people-pave_002586#1,3people-pave_002586,images/3people-pave_002586.png,1,218.529755,319.860901,340.612854,719.812378,2.464844,<3
3people-pave_002586#2,3people-pave_002586,images/3people-pave_002586.png,2,338.25531,403.274689,388.225739,551.280945,7.375,>6
3people-pave_002586#3,3people-pave_002586,images/3people-pave_002586.png,3,636.175293,374.327789,730.143372,623.67334,5.212891,3-6
3people-pave_002593#1,3people-pave_002593,images/3people-pave_002593.png,1,152.007797,332.978424,290.435333,719.531433,2.564453,<3
3people-pave_002593#2,3people-pave_002593,images/3people-pave_002593.png,2,338.75235,407.398956,378.615509,550.925232,7.046875,>6
3people-pave_002593#3,3people-pave_002593,images/3people-pave_002593.png,3,632.450317,369.867004,732.1745,655.148254,4.546875,3-6
3people-pave_002602#1,3people-pave_002602,images/3people-pave_002602.png,1,159.546661,324.993988,318.785431,719.371094,2.509766,<3
3people-pave_002602#2,3people-pave_002602,images/3people-pave_002602.png,2,339.097778,405.244629,380.324066,551.365234,7.308594,>6
3people-pave_002602#3,3people-pave_002602,images/3people-pave_002602.png,3,646.948608,357.933929,772.836731,701.891785,3.732422,3-6
3people-pave_002612#1,3people-pave_002612,images/3people-pave_002612.png,1,274.039764,328.676544,416.352295,719.446411,2.525391,<3
3people-pave_002612#2,3people-pave_002612,images/3people-pave_002612.png,2,712.839172,342.710754,839.27533,719.930786,2.894531,<3
3people-pave_002625#1,3people-pave_002625,images/3people-pave_002625.png,1,337.109467,395.84911,387.499593,550.042664,7.380859,>6
3people-pave_002625#2,3people-pave_002625,images/3people-pave_002625.png,2,493.358002,335.181458,623.851746,718.41864,2.673828,<3
3people-pave_002625#3,3people-pave_002625,images/3people-pave_002625.png,3,837.177429,314.610626,959.349792,719.356995,1.998047,<3
3people-pave_002629#1,3people-pave_002629,images/3people-pave_002629.png,1,339.141907,406.781525,384.845306,551.020447,7.273438,>6
3people-pave_002629#2,3people-pave_002629,images/3people-pave_002629.png,2,519.250671,345.754791,667.822327,719.098755,2.726562,<3
3people-pave_002629#3,3people-pave_002629,images/3people-pave_002629.png,3,821.854309,307.652618,959.312866,718.836914,1.959473,<3
3people-pave_002648#1,3people-pave_002648,images/3people-pave_002648.png,1,343.090515,429.839813,399.410461,546.701538,7.349609,>6
3people-pave_002648#2,3people-pave_002648,images/3people-pave_002648.png,2,651.104736,313.871063,826.602722,719.446899,2.021484,<3
3people-pave_002650#1,3people-pave_002650,images/3people-pave_002650.png,1,350.0401,412.205414,403.565308,546.103943,7.568359,>6
3people-pave_002650#2,3people-pave_002650,images/3people-pave_002650.png,2,581.511169,315.014465,795.305054,718.701477,2.119141,<3
3people-pave_002660#1,3people-pave_002660,images/3people-pave_002660.png,1,397.680267,403.753082,464.055084,539.260925,8.011719,>6
3people-pave_002660#2,3people-pave_002660,images/3people-pave_002660.png,2,534.616943,337.946808,694.554443,719.516785,2.71875,<3
3people-pave_002672#1,3people-pave_002672,images/3people-pave_002672.png,1,451.557129,399.589447,506.773499,531.206726,8.507812,>6
3people-pave_002672#2,3people-pave_002672,images/3people-pave_002672.png,2,527.546692,354.585876,651.555237,712.579651,3.558594,3-6
3people-pave_002672#3,3people-pave_002672,images/3people-pave_002672.png,3,757.532959,323.252838,959.817261,719.03125,1.425781,<3
3people-pave_002682#1,3people-pave_002682,images/3people-pave_002682.png,1,495.99054,399.523682,540.283447,521.707214,9.054688,>6
3people-pave_002682#2,3people-pave_002682,images/3people-pave_002682.png,2,573.062073,364.241272,674.874573,652.965271,4.261719,3-6
3people-pave_002691#1,3people-pave_002691,images/3people-pave_002691.png,1,531.678833,399.189423,572.298523,515.260498,9.71875,>6
3people-pave_002691#2,3people-pave_002691,images/3people-pave_002691.png,2,582.93158,371.529633,672.111084,621.710571,4.996094,3-6
3people-pave_002707#1,3people-pave_002707,images/3people-pave_002707.png,1,590.611253,395.594727,640.853638,514.055593,9.875,>6
3people-pave_002707#2,3people-pave_002707,images/3people-pave_002707.png,2,628.64325,377.575378,711.348145,584.486023,5.707031,3-6
3people-pave_002711#1,3people-pave_002711,images/3people-pave_002711.png,1,629.486084,380.092041,716.727051,584.138733,6.109375,>6
3people-pave_002728#1,3people-pave_002728,images/3people-pave_002728.png,1,668.941284,383.817902,738.024231,558.891418,7.285156,>6
3people-pave_002728#2,3people-pave_002728,images/3people-pave_002728.png,2,861.329773,0.304962,959.842712,719.552979,0.488403,<3
3people-pave_002729#1,3people-pave_002729,images/3people-pave_002729.png,1,672.455688,383.568054,732.92334,540.184021,7.3125,>6
3people-pave_002729#2,3people-pave_002729,images/3people-pave_002729.png,2,667.886536,2.471466,958.703979,715.600952,0.300781,<3
3people-pave_002740#1,3people-pave_002740,images/3people-pave_002740.png,1,1.159195,200.921051,398.2164,718.707825,1.033203,<3
3people-pave_002740#2,3people-pave_002740,images/3people-pave_002740.png,2,672.394043,385.075928,729.36145,549.109131,8.582031,>6
3people-pave_002740#3,3people-pave_002740,images/3people-pave_002740.png,3,736.495422,406.583588,790.613019,515.499878,11.210938,>6
3people-pave_002757#1,3people-pave_002757,images/3people-pave_002757.png,1,159.627136,338.410583,350.109375,718.466919,2.720703,<3
3people-pave_002757#2,3people-pave_002757,images/3people-pave_002757.png,2,587.556396,387.511505,641.806885,529.497681,8.390625,>6
3people-pave_002757#3,3people-pave_002757,images/3people-pave_002757.png,3,770.273804,412.786957,805.672852,501.259216,10.890625,>6
3people-pave_002768#1,3people-pave_002768,images/3people-pave_002768.png,1,304.355194,352.411285,423.247375,692.028259,3.767578,3-6
3people-pave_002768#2,3people-pave_002768,images/3people-pave_002768.png,2,534.150604,386.440826,590.741716,540.382602,8,>6
3people-pave_002768#3,3people-pave_002768,images/3people-pave_002768.png,3,764.686255,413.752674,811.346436,508.304577,10.144531,>6
3people-pave_002771#1,3people-pave_002771,images/3people-pave_002771.png,1,334.890564,355.602448,424.091492,653.154053,4.035156,3-6
3people-pave_002771#2,3people-pave_002771,images/3people-pave_002771.png,2,513.223022,388.12738,569.693552,536.618281,7.701172,>6
3people-pave_002771#3,3people-pave_002771,images/3people-pave_002771.png,3,766.802105,412.466034,807.161682,503.345415,11.84375,>6
3people-pave_002781#1,3people-pave_002781,images/3people-pave_002781.png,1,449.307129,351.949493,528.403564,659.325256,4.261719,3-6
3people-pave_002781#2,3people-pave_002781,images/3people-pave_002781.png,2,754.198608,413.726807,790.96596,499.419958,11.148438,>6
3people-pave_002789#1,3people-pave_002789,images/3people-pave_002789.png,1,426.032135,383.010437,488.506256,530.811401,8.414062,>6
3people-pave_002789#2,3people-pave_002789,images/3people-pave_002789.png,2,580.873535,357.358795,677.06488,676.188599,4.011719,3-6
3people-pave_002789#3,3people-pave_002789,images/3people-pave_002789.png,3,721.103027,414.299286,753.538025,489.261932,12.789062,>6
3people-pave_002801#1,3people-pave_002801,images/3people-pave_002801.png,1,410.091431,377.414841,466.671728,550.495588,6.921875,>6
3people-pave_002801#2,3people-pave_002801,images/3people-pave_002801.png,2,668.284058,412.911926,703.783081,485.040192,18.09375,>6
3people-pave_002801#3,3people-pave_002801,images/3people-pave_002801.png,3,807.46582,343.934875,959.565308,719.932678,3.011719,3-6
3people-pave_002818#1,3people-pave_002818,images/3people-pave_002818.png,1,401.118073,378.427277,482.066803,579.207825,6.054688,>6
3people-pave_002818#2,3people-pave_002818,images/3people-pave_002818.png,2,602.487854,403.515686,641.65448,484.756836,11.9375,>6
3people-pave_002828#1,3people-pave_002828,images/3people-pave_002828.png,1,366.030334,367.019257,463.58252,614.141113,5.191406,3-6
3people-pave_002828#2,3people-pave_002828,images/3people-pave_002828.png,2,596.03262,401.978455,628.803984,491.300997,12.070312,>6
3people-pave_002830#1,3people-pave_002830,images/3people-pave_002830.png,1,365.442078,366.626862,464.982971,631.204529,4.890625,3-6
3people-pave_002830#2,3people-pave_002830,images/3people-pave_002830.png,2,594.305237,403.939636,621.451416,485.661072,12.097656,>6
3people-pave_002842#1,3people-pave_002842,images/3people-pave_002842.png,1,286.295868,353.435944,426.517273,685.112427,3.930664,3-6
3people-pave_002842#2,3people-pave_002842,images/3people-pave_002842.png,2,568.497786,399.417146,611.649542,495.158164,,>6
3people-pave_002857#1,3people-pave_002857,images/3people-pave_002857.png,1,166.762257,328.627014,352.156468,720,2.791016,<3
3people-pave_002857#2,3people-pave_002857,images/3people-pave_002857.png,2,560.072239,402.568557,600.519096,496.60998,,>6
3people-pave_002865#1,3people-pave_002865,images/3people-pave_002865.png,1,107.971825,301.404572,336.520447,719.418823,2.185547,<3
3people-pave_002865#2,3people-pave_002865,images/3people-pave_002865.png,2,542.998658,403.635143,589.326923,494.431683,,>6
3people-pave_002871#1,3people-pave_002871,images/3people-pave_002871.png,1,199.226578,290.504791,372.872162,719.263428,1.894043,<3
3people-pave_002871#2,3people-pave_002871,images/3people-pave_002871.png,2,547.657532,401.130707,575.425842,490.762939,,>6
3people-pave_002883#1,3people-pave_002883,images/3people-pave_002883.png,1,433.314148,273.936981,739.836792,719.88446,1.606445,<3
3people-pave_002896#1,3people-pave_002896,images/3people-pave_002896.png,1,494.235242,394.036396,543.085868,505.79915,,>6
3people-pave_002896#2,3people-pave_002896,images/3people-pave_002896.png,2,626.85553,305.783752,930.419495,719.235046,1.988281,<3
3people-pave_002901#1,3people-pave_002901,images/3people-pave_002901.png,1,492.043099,393.412608,536.58551,508.282013,,>6
3people-pave_002901#2,3people-pave_002901,images/3people-pave_002901.png,2,690.520813,320.485474,917.842773,719.745544,2.289062,<3
3people-pave_002909#1,3people-pave_002909,images/3people-pave_002909.png,1,468.513367,401.463348,512.65654,519.290587,,>6
3people-pave_002909#2,3people-pave_002909,images/3people-pave_002909.png,2,739.616272,336.70697,894.960388,719.237427,2.744141,<3
3people-pave_002928#1,3people-pave_002928,images/3people-pave_002928.png,1,414.429019,397.909058,468.641208,543.861071,7.300781,>6
3people-pave_002928#2,3people-pave_002928,images/3people-pave_002928.png,2,675.415527,362.847931,798.689819,670.566284,4.085938,3-6
3people-pave_002929#1,3people-pave_002929,images/3people-pave_002929.png,1,407.973816,398.110779,466.587219,543.291861,6.970703,>6
3people-pave_002929#2,3people-pave_002929,images/3people-pave_002929.png,2,678.250549,364.590637,782.163086,670.854126,4.144531,3-6
3people-pave_002945#1,3people-pave_002945,images/3people-pave_002945.png,1,385.925842,396.481201,456.147888,559.487732,7.140625,>6
3people-pave_002945#2,3people-pave_002945,images/3people-pave_002945.png,2,631.096313,370.476837,698.273132,622.458435,5.058594,3-6
3people-pave_002955#1,3people-pave_002955,images/3people-pave_002955.png,1,386.715454,391.331268,457.901276,577.223572,6.074219,>6
3people-pave_002955#2,3people-pave_002955,images/3people-pave_002955.png,2,622.347351,371.621674,685.09137,627.003296,4.71875,3-6
3people-pave_002968#1,3people-pave_002968,images/3people-pave_002968.png,1,429.295166,391.70105,513.267334,607.871399,5.355469,3-6
3people-pave_002968#2,3people-pave_002968,images/3people-pave_002968.png,2,564.986389,366.909546,664.028259,635.613892,4.5625,3-6
3people-pave_002977#1,3people-pave_002977,images/3people-pave_002977.png,1,454.149994,387.944733,550.557861,624.975464,4.96875,3-6
3people-pave_002977#2,3people-pave_002977,images/3people-pave_002977.png,2,575.292908,363.32724,700.611511,660.770996,4.300781,3-6
3people-pave_002985#1,3people-pave_002985,images/3people-pave_002985.png,1,489.331238,389.905243,583.852478,644.186707,4.554688,3-6
3people-pave_002985#2,3people-pave_002985,images/3people-pave_002985.png,2,590.855774,355.686768,722.942932,687.896851,3.869141,3-6
3people-pave_002991#1,3people-pave_002991,images/3people-pave_002991.png,1,524.478149,386.708038,631.065491,655.290588,4.28125,3-6
3people-pave_002991#2,3people-pave_002991,images/3people-pave_002991.png,2,630.634277,352.459808,771.198486,719.411194,3.568359,3-6
3people-pave_003005#1,3people-pave_003005,images/3people-pave_003005.png,1,614.308655,386.473755,716.355286,678.376465,3.902344,3-6
3people-pave_003005#2,3people-pave_003005,images/3people-pave_003005.png,2,721.847717,342.492554,857.417175,719.594849,2.994141,<3
3people-pave_003010#1,3people-pave_003010,images/3people-pave_003010.png,1,637.451721,389.042725,729.897949,694.712585,3.824219,3-6
3people-pave_003010#2,3people-pave_003010,images/3people-pave_003010.png,2,763.041382,345.202148,864.872375,719.530884,2.947266,<3
