image_id,recording,frame_id,time_sec,worker_index,source,yolo_conf,bbox_x1,bbox_y1,bbox_x2,bbox_y2,inner_x1,inner_y1,inner_x2,inner_y2,depth_region_x1,depth_region_y1,depth_region_x2,depth_region_y2,depth_z_m,distance_band,depth_status,depth_source,depth_valid_count,depth_high_conf_count,depth_reason,manual_distance_band,distance_band_gt,count_ok,updated_at
Garage1_000000,Garage1,0,0.0,1,yolo,0.898753,477.025391,402.486053,577.69989,719.470703,502.194016,450.03375,552.531265,592.676843,133,120,148,159,2.978516,Very_Close,valid_depth,conf2,550,466,conf_eq_2,,Very_Close,true,2026-07-02T11:42:37-04:00
Garage1_000036,Garage1,36,0.6002368750050664,1,yolo,0.89976,357.85376,404.487213,487.248688,719.612427,390.202492,451.755995,454.899956,593.562341,104,120,122,159,3.447266,Close,valid_depth,conf2,574,409,conf_eq_2,,Close,true,2026-07-02T11:42:37-04:00
Garage1_000060,Garage1,60,1.0003945000935346,1,yolo,0.885474,336.193817,401.15506,441.536407,718.250488,362.529465,448.719374,415.20076,591.412317,96,119,111,158,3.806641,Close,valid_depth,conf2,566,539,conf_eq_2,,Close,true,2026-07-02T11:42:37-04:00
Garage1_000108,Garage1,108,1.8007089160382748,1,yolo,0.868903,269.335327,405.609131,374.01416,678.372131,295.505035,446.523581,347.844452,569.266931,78,119,93,152,4.574219,Close,valid_depth,conf2,438,389,conf_eq_2,,Close,true,2026-07-02T11:42:37-04:00
Garage1_000132,Garage1,132,2.2008658749982715,1,yolo,0.795027,233.615387,404.87384,314.444916,658.944946,253.822769,442.984506,294.237534,557.316504,67,118,79,149,4.839844,Close,valid_depth,conf2,325,47,conf_eq_2,,Close,true,2026-07-02T11:42:37-04:00
Garage1_000588,Garage1,588,9.803841958055273,1,edited,0.852197,700.881592,414.390808,763.354126,588.983582,716.499725,440.579724,747.735992,519.146472,191,117,200,139,6.722656,Far,valid_depth,conf2,170,24,conf_eq_2,,Far,true,2026-07-02T11:42:37-04:00
Garage1_000612,Garage1,612,10.20399820804596,1,edited,0.827072,644.026245,408.587555,718.335754,586.699341,662.603622,435.304323,699.758377,515.454627,176,116,187,138,7.039062,Far,valid_depth,conf2,155,83,conf_eq_2,,Far,true,2026-07-02T11:42:37-04:00
Garage1_000672,Garage1,672,11.204388833139092,1,yolo,0.841027,537.148315,410.565582,587.630249,578.718994,549.768799,435.788594,575.009766,511.457629,146,116,154,137,7.257812,Far,valid_depth,conf2,138,77,conf_eq_2,,Far,true,2026-07-02T11:42:37-04:00
Garage1_000720,Garage1,720,12.004701416008174,1,yolo,0.813725,475.238159,409.725769,523.098816,567.071411,487.203323,433.327615,511.133652,504.133154,129,115,137,135,,,not_valid_depth,none,,,no_valid_depth_in_inner_box,>6,>6,true,2026-07-02T11:42:37-04:00
Garage1_000804,Garage1,804,13.405248166061938,1,yolo,0.815284,428.280701,405.547485,463.685364,546.510132,437.131867,426.691882,454.834198,490.125073,116,113,122,131,8.65625,Far,valid_depth,conf1,9,,fallback_conf_ge_1,,Far,true,2026-07-02T11:42:37-04:00
Garage1_000840,Garage1,840,14.005482291104272,1,yolo,0.806033,400.583405,409.38913,451.612701,553.062134,413.340729,430.940081,438.855377,495.592932,110,114,118,133,8.609375,Far,valid_depth,conf1,106,,fallback_conf_ge_1,,Far,true,2026-07-02T11:42:37-04:00
Garage1_000888,Garage1,888,14.805794625077397,1,yolo,0.877143,378.614594,407.313263,432.89502,575.307617,392.184701,432.512416,419.324913,508.109875,104,115,112,136,7.421875,Far,valid_depth,conf1,133,,fallback_conf_ge_1,,Far,true,2026-07-02T11:42:37-04:00
Garage1_000984,Garage1,984,16.40641887509264,1,yolo,0.851489,339.910339,411.456116,416.585815,633.978516,359.079208,444.834476,397.416946,544.969556,95,118,106,146,5.585938,Close,valid_depth,conf2,303,248,conf_eq_2,,Close,true,2026-07-02T11:42:37-04:00
Garage1_001008,Garage1,1008,16.806574875023216,1,yolo,0.901246,323.295471,408.933929,403.479187,645.791626,343.3414,444.462584,383.433258,551.048547,91,118,103,147,5.195312,Close,valid_depth,conf2,343,325,conf_eq_2,,Close,true,2026-07-02T11:42:37-04:00
Garage1_001032,Garage1,1032,17.206730875186622,1,yolo,0.854854,302.93219,407.516785,390.848633,671.142578,324.911301,447.060654,368.869522,565.692261,86,119,99,151,4.71875,Close,valid_depth,conf2,403,224,conf_eq_2,,Close,true,2026-07-02T11:42:37-04:00
Garage1_001056,Garage1,1056,17.60688691609539,1,edited,0.905044,237.971649,405.059265,362.818542,686.654297,269.183372,447.29852,331.606819,574.016284,71,119,89,154,4.480469,Close,valid_depth,conf2,496,361,conf_eq_2,,Close,true,2026-07-02T11:42:37-04:00
Garage1_001356,Garage1,1356,22.608834458049387,1,yolo,0.844929,292.606201,409.267365,386.193359,692.396973,316.002991,451.736806,362.796569,579.14513,84,120,97,155,4.257812,Close,valid_depth,conf2,372,268,conf_eq_2,,Close,true,2026-07-02T11:42:37-04:00
Garage1_001380,Garage1,1380,23.00899004121311,1,yolo,0.892087,341.32959,406.690613,489.062134,692.110291,378.262726,449.503565,452.128998,577.94242,100,119,121,155,4.25,Close,valid_depth,conf2,510,315,conf_eq_2,,Close,true,2026-07-02T11:42:37-04:00
Garage1_001428,Garage1,1428,23.809300958178937,1,yolo,0.826623,521.324219,405.133392,591.150269,688.783936,538.780732,447.680974,573.693756,575.323718,143,119,153,154,4.3125,Close,valid_depth,conf2,330,306,conf_eq_2,,Close,true,2026-07-02T11:42:37-04:00
Garage1_001704,Garage1,1704,28.41108625009656,1,yolo,0.873385,665.89502,407.357941,761.342163,705.431519,689.756806,452.068978,737.480377,586.202088,183,120,197,157,4.230469,Close,valid_depth,conf2,491,392,conf_eq_2,,Close,true,2026-07-02T11:42:37-04:00
Garage1_001704,Garage1,1704,28.41108625009656,2,yolo,0.873897,234.243759,420.801544,340.251282,628.791016,260.74564,451.999965,313.749401,545.595227,69,120,84,146,5.441406,Close,valid_depth,conf1,282,,fallback_conf_ge_1,,Close,true,2026-07-02T11:42:37-04:00
Garage1_001728,Garage1,1728,28.81124141602777,1,yolo,0.905576,634.700562,403.564514,741.822998,707.288696,661.481171,449.123141,715.042389,585.799023,176,119,191,157,4.125,Close,valid_depth,conf1,506,,fallback_conf_ge_1,,Close,true,2026-07-02T11:42:37-04:00
Garage1_001728,Garage1,1728,28.81124141602777,2,yolo,0.745595,321.087463,414.207825,387.746796,608.451599,337.752296,443.344391,371.081963,530.754089,90,118,99,142,5.878906,Close,valid_depth,conf2,160,41,conf_eq_2,,Close,true,2026-07-02T11:42:37-04:00
Garage1_001752,Garage1,1752,29.21139641618356,1,yolo,0.873967,590.72522,408.965881,713.065674,703.391418,621.310334,453.129712,682.48056,585.621203,165,120,182,157,4.15625,Close,valid_depth,conf2,555,492,conf_eq_2,,Close,true,2026-07-02T11:42:37-04:00
Garage1_001752,Garage1,1752,29.21139641618356,2,yolo,0.709502,382.618835,417.358948,442.150909,591.4599,397.501853,443.474091,427.267891,521.819519,106,118,114,140,6.392578,Far,valid_depth,conf2,153,28,conf_eq_2,,Far,true,2026-07-02T11:42:37-04:00
Garage1_001776,Garage1,1776,29.611551333218813,1,yolo,0.80444,585.849182,406.483154,654.386475,693.457214,602.983505,449.529263,637.252152,578.66759,160,119,170,155,4.167969,Close,valid_depth,conf2,341,280,conf_eq_2,,Close,true,2026-07-02T11:42:37-04:00
Garage1_001776,Garage1,1776,29.611551333218813,2,yolo,0.811726,416.894623,409.889465,495.442657,581.796204,436.531632,435.675476,475.805649,513.033508,116,116,127,137,7.005859,Far,valid_depth,conf2,146,86,conf_eq_2,,Far,true,2026-07-02T11:42:37-04:00
Garage1_001800,Garage1,1800,30.011706290999427,1,yolo,0.836282,574.820312,409.168488,652.031006,698.80896,594.122985,452.614559,632.728333,582.952771,158,120,169,156,4.257812,Close,valid_depth,conf2,382,221,conf_eq_2,,Close,true,2026-07-02T11:42:37-04:00
Garage1_001800,Garage1,1800,30.011706290999427,2,yolo,0.856243,465.462158,424.379944,531.990784,574.458313,482.094314,446.891699,515.358628,514.426965,128,119,138,138,7.160156,Far,valid_depth,conf2,133,5,conf_eq_2,,Far,true,2026-07-02T11:42:37-04:00
Garage1_001824,Garage1,1824,30.411861166125163,1,yolo,0.846868,578.655151,407.978638,647.989258,697.534363,595.988678,451.411997,630.655731,581.712073,158,120,169,156,4.261719,Close,valid_depth,conf2,383,351,conf_eq_2,,Close,true,2026-07-02T11:42:37-04:00
Garage1_001824,Garage1,1824,30.411861166125163,2,yolo,0.842011,505.84671,419.423859,568.511963,563.185181,521.513023,440.988057,552.84565,505.680652,139,117,148,135,7.707031,Far,valid_depth,conf1,91,,fallback_conf_ge_1,,Far,true,2026-07-02T11:42:37-04:00
Garage1_001848,Garage1,1848,30.812016083160415,1,edited,0.862908,573.952759,407.516174,660.550659,700.177124,595.602234,451.415317,638.901184,583.112744,158,120,171,156,4.296875,Close,valid_depth,conf2,458,336,conf_eq_2,,Close,true,2026-07-02T11:42:37-04:00
Garage1_001848,Garage1,1848,30.812016083160415,2,edited,0.64092,543.959045,412.958344,574.126526,552.324097,551.500915,433.863207,566.584656,496.577796,147,115,152,133,,,not_valid_depth,none,,,no_valid_depth_in_inner_box,>6,>6,true,2026-07-02T11:42:37-04:00
Garage1_001872,Garage1,1872,31.212171000195667,1,yolo,0.89725,565.576477,405.879883,655.365479,677.092224,588.023727,446.561734,632.918229,568.607288,156,119,169,152,4.480469,Close,valid_depth,conf2,419,378,conf_eq_2,,Close,true,2026-07-02T11:42:37-04:00
Garage1_001896,Garage1,1896,31.612325875088573,1,yolo,0.863011,577.556274,405.235016,666.727051,668.189087,599.848968,444.678127,644.434357,563.007459,159,118,172,151,4.6875,Close,valid_depth,conf2,406,342,conf_eq_2,,Close,true,2026-07-02T11:42:37-04:00
Garage1_001932,Garage1,1932,32.21255829115398,1,yolo,0.792356,624.013062,408.134308,705.477295,650.337646,644.37912,444.464809,685.111237,553.456311,171,118,183,148,5.046875,Close,valid_depth,conf2,328,256,conf_eq_2,,Close,true,2026-07-02T11:42:37-04:00
Garage1_002064,Garage1,2064,34.41341016604565,1,yolo,0.68205,709.524536,415.402496,747.400085,504.546661,718.993423,428.774121,737.931198,468.888995,191,114,197,126,11.480469,Far,valid_depth,conf1,18,,fallback_conf_ge_1,,Far,true,2026-07-02T11:42:37-04:00
Garage1_002064,Garage1,2064,34.41341016604565,2,edited,0.424168,900.055603,407.062897,951.046326,463.039337,912.803284,415.459363,938.298645,440.648761,243,110,251,118,,,not_valid_depth,none,,,no_valid_depth_in_inner_box,3-6,3-6,true,2026-07-02T11:42:37-04:00
Garage1_002304,Garage1,2304,38.41495654103346,1,edited,0.77568,609.590393,409.117035,658.732056,565.478638,621.875809,432.571275,646.44664,502.933997,165,115,173,135,7.609375,Far,valid_depth,conf1,66,,fallback_conf_ge_1,,Far,true,2026-07-02T11:42:37-04:00
Garage1_002340,Garage1,2340,39.01518820808269,1,yolo,0.805484,550.535339,410.350952,590.714172,566.147888,560.580047,433.720492,580.669464,503.829114,149,115,155,135,7.742188,Far,valid_depth,conf2,101,39,conf_eq_2,,Far,true,2026-07-02T11:42:37-04:00
Garage1_002376,Garage1,2376,39.61541979108006,1,yolo,0.842359,493.400757,410.905701,533.806824,564.040283,503.502274,433.875888,523.705307,502.78645,134,115,140,135,7.816406,Far,valid_depth,conf2,88,31,conf_eq_2,,Far,true,2026-07-02T11:42:37-04:00
Garage1_002472,Garage1,2472,41.21603700006381,1,yolo,0.880084,374.672882,405.078461,438.475342,589.186279,390.623497,432.694634,422.524727,515.543152,104,115,113,138,6.707031,Far,valid_depth,conf2,188,22,conf_eq_2,,Far,true,2026-07-02T11:42:37-04:00
Garage1_002472,Garage1,2472,41.21603700006381,2,yolo,0.256217,568.123291,404.656128,581.468384,445.955841,571.459564,410.851085,578.132111,429.435956,152,109,155,115,18.4375,Far,valid_depth,conf1,1,,fallback_conf_ge_1,,Far,true,2026-07-02T11:42:37-04:00
Garage1_002532,Garage1,2532,42.216422458179295,1,yolo,0.804608,379.019257,411.142548,433.652435,595.249023,392.677551,438.758519,419.994141,521.606433,104,117,112,140,6.34375,Far,valid_depth,conf2,155,47,conf_eq_2,,Far,true,2026-07-02T11:42:37-04:00
Garage1_002532,Garage1,2532,42.216422458179295,2,edited,0.581404,565.463257,406.593323,579.460938,447.660217,568.962677,412.753357,575.961518,431.233459,151,110,154,115,,,not_valid_depth,none,,,no_valid_depth_in_inner_box,>6,>6,true,2026-07-02T11:42:37-04:00
Garage1_002568,Garage1,2568,42.816653666086495,1,yolo,0.866025,423.076904,406.198975,481.593384,584.834717,437.706024,432.994336,466.964264,513.38042,116,115,125,137,6.929688,Far,valid_depth,conf2,168,44,conf_eq_2,,Far,true,2026-07-02T11:42:37-04:00
Garage1_002568,Garage1,2568,42.816653666086495,2,added,,559.333332,409.666662,575.333332,447.666662,563.333332,415.366662,571.333332,432.466662,150,110,153,116,,,not_valid_depth,none,,,no_valid_depth_in_inner_box,>6,>6,true,2026-07-02T11:42:37-04:00
Garage1_002616,Garage1,2616,43.616961958119646,1,yolo,0.824976,442.629181,410.961426,493.464752,565.12323,455.338074,434.085697,480.755859,503.458508,121,115,129,135,7.828125,Far,valid_depth,conf1,75,,fallback_conf_ge_1,,Far,true,2026-07-02T11:42:37-04:00
Garage1_002616,Garage1,2616,43.616961958119646,2,yolo,0.437596,555.043396,409.125092,570.847595,449.774506,558.994446,415.222504,566.896545,433.51474,149,110,152,116,18.328125,Far,valid_depth,conf1,18,,fallback_conf_ge_1,,Far,true,2026-07-02T11:42:37-04:00
Garage1_002652,Garage1,2652,44.21719304122962,1,yolo,0.853753,439.227264,409.601624,485.830261,549.00647,450.878013,430.512351,474.179512,493.244532,120,114,127,132,8.601562,Far,valid_depth,conf1,14,,fallback_conf_ge_1,,Far,true,2026-07-02T11:42:37-04:00
Garage1_002652,Garage1,2652,44.21719304122962,2,yolo,0.348741,551.751221,408.81601,566.942078,451.231842,555.548935,415.178385,563.144364,434.265509,148,110,151,116,18.539062,Far,valid_depth,conf1,18,,fallback_conf_ge_1,,Far,true,2026-07-02T11:42:37-04:00
Garage1_002676,Garage1,2676,44.61734712519683,1,yolo,0.830727,437.337341,409.276611,480.145294,541.162842,448.039329,429.059546,469.443306,488.40835,119,114,126,131,9,Far,valid_depth,conf2,75,12,conf_eq_2,,Far,true,2026-07-02T11:42:37-04:00
Garage1_002676,Garage1,2676,44.61734712519683,2,yolo,0.362452,548.770508,406.610046,564.637329,451.83252,552.737213,413.393417,560.670624,433.74353,147,110,150,116,18.421875,Far,valid_depth,conf1,18,,fallback_conf_ge_1,,Far,true,2026-07-02T11:42:37-04:00
Garage1_002700,Garage1,2700,45.01750108320266,1,yolo,0.826839,441.025818,405.936951,483.394226,530.816528,451.61792,424.668888,472.802124,480.864697,120,113,127,129,9.625,Far,valid_depth,conf1,32,,fallback_conf_ge_1,,Far,true,2026-07-02T11:42:37-04:00
Garage1_002700,Garage1,2700,45.01750108320266,2,yolo,0.52511,545.456543,407.25531,561.567627,451.203461,549.484314,413.847533,557.539856,433.624201,146,110,149,116,18.515625,Far,valid_depth,conf1,17,,fallback_conf_ge_1,,Far,true,2026-07-02T11:42:37-04:00
Garage1_002784,Garage1,2784,46.418040291173384,1,edited,0.740397,497.41745,412.819855,529.474609,518.668335,505.43174,428.697127,521.460319,476.328943,134,114,140,128,,,not_valid_depth,none,,,no_valid_depth_in_inner_box,>6,>6,true,2026-07-02T11:42:37-04:00
Garage1_002784,Garage1,2784,46.418040291173384,2,yolo,0.390804,529.696106,408.201233,548.477905,459.886963,534.391556,415.954093,543.782455,439.212671,142,110,146,118,,,not_valid_depth,none,,,no_valid_depth_in_inner_box,>6,>6,true,2026-07-02T11:42:37-04:00
Garage1_002856,Garage1,2856,47.618502125144005,1,yolo,0.81195,563.279114,409.504211,600.868286,523.917664,572.676407,426.666229,591.470993,478.152283,152,113,158,128,,,not_valid_depth,none,,,no_valid_depth_in_inner_box,>6,>6,true,2026-07-02T11:42:37-04:00
Garage1_002856,Garage1,2856,47.618502125144005,2,edited,0.642644,516.202168,403.594951,536.25533,458.127421,521.215459,411.774821,531.242039,436.314433,138,109,142,117,,,not_valid_depth,none,,,no_valid_depth_in_inner_box,>6,>6,true,2026-07-02T11:42:37-04:00
Garage1_002892,Garage1,2892,48.21873320802115,1,yolo,0.80523,575.839844,409.316071,621.456055,534.662659,587.243897,428.118059,610.052002,484.524024,156,114,163,130,,,not_valid_depth,none,,,no_valid_depth_in_inner_box,>6,>6,true,2026-07-02T11:42:37-04:00
Garage1_002892,Garage1,2892,48.21873320802115,2,yolo,0.787678,511.774475,405.975311,532.599976,462.738464,516.98085,414.489784,527.393601,440.033203,137,110,141,118,,,not_valid_depth,none,,,no_valid_depth_in_inner_box,>6,>6,true,2026-07-02T11:42:37-04:00
Garage1_002916,Garage1,2916,48.61888716602698,1,yolo,0.826923,580.305664,411.118378,625.299072,541.064453,591.554016,430.610289,614.05072,489.086023,157,114,164,131,9.046875,Far,valid_depth,conf1,14,,fallback_conf_ge_1,,Far,true,2026-07-02T11:42:37-04:00
Garage1_002916,Garage1,2916,48.61888716602698,2,yolo,0.756869,509.045227,406.034546,529.847412,465.375549,514.245773,414.935696,524.646866,441.639148,137,110,140,118,,,not_valid_depth,none,,,no_valid_depth_in_inner_box,>6,>6,true,2026-07-02T11:42:37-04:00
Garage1_002988,Garage1,2988,49.81934912502766,1,yolo,0.856848,557.676636,408.194458,609.904175,567.477539,570.733521,432.08692,596.84729,503.764307,152,115,160,135,7.832031,Far,valid_depth,conf2,150,43,conf_eq_2,,Far,true,2026-07-02T11:42:37-04:00
Garage1_002988,Garage1,2988,49.81934912502766,2,yolo,0.709904,504.04248,406.016418,526.785278,468.470215,509.72818,415.384488,521.099579,443.488696,135,110,139,119,,,not_valid_depth,none,,,no_valid_depth_in_inner_box,>6,>6,true,2026-07-02T11:42:37-04:00
Garage1_003012,Garage1,3012,50.21950316615403,1,yolo,0.860321,540.389099,411.567261,596.049866,578.070007,554.304291,436.542673,582.134674,511.468909,147,116,156,137,7.328125,Far,valid_depth,conf2,172,84,conf_eq_2,,Far,true,2026-07-02T11:42:37-04:00
Garage1_003012,Garage1,3012,50.21950316615403,2,yolo,0.720676,505.196136,406.034363,526.525513,471.628052,510.52848,415.873416,521.193169,445.390576,136,110,139,119,,,not_valid_depth,none,,,no_valid_depth_in_inner_box,>6,>6,true,2026-07-02T11:42:37-04:00
Garage1_003048,Garage1,3048,50.819734333083034,1,yolo,0.847568,510.852173,408.012817,569.940125,594.557556,525.624161,435.994528,555.168137,519.93966,140,116,149,139,6.619141,Far,valid_depth,conf2,190,122,conf_eq_2,,Far,true,2026-07-02T11:42:37-04:00
Garage1_003048,Garage1,3048,50.819734333083034,2,yolo,0.35301,504.810791,405.848602,525.746521,446.080811,510.044724,411.883433,520.512588,429.987927,136,109,139,115,,,not_valid_depth,none,,,no_valid_depth_in_inner_box,>6,>6,true,2026-07-02T11:42:37-04:00
Garage1_003072,Garage1,3072,51.219888291088864,1,yolo,0.890834,473.82193,410.738068,546.006348,608.719727,491.868035,440.435317,527.960244,529.527063,131,117,141,142,6.265625,Far,valid_depth,conf2,238,171,conf_eq_2,,Far,true,2026-07-02T11:42:37-04:00
Garage1_003108,Garage1,3108,51.82011937513016,1,yolo,0.870874,427.797363,407.970276,493.410736,632.065002,444.200706,441.584485,477.007393,542.427112,118,117,128,145,5.53125,Close,valid_depth,conf2,252,215,conf_eq_2,,Close,true,2026-07-02T11:42:37-04:00
Garage1_003108,Garage1,3108,51.82011937513016,2,yolo,0.804285,507.112793,407.216034,533.120544,480.865997,513.614731,418.263528,526.618606,451.406012,136,111,141,121,,,not_valid_depth,none,,,no_valid_depth_in_inner_box,>6,>6,true,2026-07-02T11:42:37-04:00
Garage1_003132,Garage1,3132,52.22027345816605,1,yolo,0.902031,349.901886,412.048645,467.388428,644.280029,379.273522,446.883353,438.016792,551.387475,101,119,117,148,5.214844,Close,valid_depth,conf2,357,239,conf_eq_2,,Close,true,2026-07-02T11:42:37-04:00
Garage1_003132,Garage1,3132,52.22027345816605,2,yolo,0.785336,510.108521,407.83255,537.410278,483.671173,516.93396,419.208343,530.584839,453.335724,137,111,142,121,,,not_valid_depth,none,,,no_valid_depth_in_inner_box,>6,>6,true,2026-07-02T11:42:37-04:00
Garage1_003156,Garage1,3156,52.620427458081394,1,yolo,0.787769,312.936951,410.729187,392.46167,652.747314,332.818131,447.031906,372.58049,555.940063,88,119,100,149,4.851562,Close,valid_depth,conf2,284,228,conf_eq_2,,Close,true,2026-07-02T11:42:37-04:00
Garage1_003156,Garage1,3156,52.620427458081394,2,yolo,0.818922,509.244324,407.073944,537.420227,487.591278,516.2883,419.151544,530.376251,455.384344,137,111,142,122,,,not_valid_depth,none,,,no_valid_depth_in_inner_box,>6,>6,true,2026-07-02T11:42:37-04:00
Garage2_000000,Garage2,0,0.0,1,yolo,0.909622,0.28347,392.893799,154.966873,719.290466,38.954321,441.853299,116.296022,588.731799,10,117,32,157,2.099609,Very_Close,valid_depth,conf2,840,124,conf_eq_2,,Very_Close,true,2026-07-02T11:42:37-04:00
Garage2_000024,Garage2,24,0.4001566250808537,1,yolo,0.881838,119.541573,392.065063,260.358643,719.512329,154.74584,441.182153,225.154375,588.533423,41,117,61,157,2.394531,Very_Close,valid_depth,conf2,789,736,conf_eq_2,,Very_Close,true,2026-07-02T11:42:37-04:00
Garage2_000060,Garage2,60,1.0003912500105798,1,yolo,0.881954,286.664001,387.779846,400.092468,719.264038,315.021118,437.502475,371.735351,586.670361,84,116,100,157,2.955078,Very_Close,valid_depth,conf2,605,533,conf_eq_2,,Very_Close,true,2026-07-02T11:42:37-04:00
Garage2_000084,Garage2,84,1.4005475419107825,1,yolo,0.88559,355.699341,397.748108,481.197052,719.586182,387.073769,446.023819,449.822624,590.850952,103,118,120,158,3.277344,Close,valid_depth,conf2,534,442,conf_eq_2,,Close,true,2026-07-02T11:42:37-04:00
Garage2_000120,Garage2,120,2.0007817500736564,1,yolo,0.884234,479.908997,400.446991,610.769714,706.28772,512.624176,446.3231,578.054535,583.951428,136,119,155,156,3.9375,Close,valid_depth,conf2,594,377,conf_eq_2,,Close,true,2026-07-02T11:42:37-04:00
Garage2_000144,Garage2,144,2.4009379579219967,1,yolo,0.884323,537.893188,403.664154,662.23877,696.653137,568.979583,447.612501,631.152375,579.457544,151,119,169,155,4.25,Close,valid_depth,conf2,540,365,conf_eq_2,,Close,true,2026-07-02T11:42:37-04:00
Garage2_000168,Garage2,168,2.8010939999949187,1,yolo,0.924829,579.962524,398.190399,718.82489,672.308533,614.678115,439.308119,684.109299,562.661279,163,117,183,151,4.613281,Close,valid_depth,conf2,428,257,conf_eq_2,,Close,true,2026-07-02T11:42:37-04:00
Garage2_000216,Garage2,216,3.6014061248861253,1,yolo,0.897147,696.328125,406.097717,779.69165,636.141724,717.169006,440.604318,758.850769,544.124121,191,117,203,146,5.253906,Close,valid_depth,conf2,296,216,conf_eq_2,,Close,true,2026-07-02T11:42:37-04:00
Garage2_000444,Garage2,444,7.402886291965842,1,yolo,0.821281,735.409973,414.128479,822.96698,563.775024,757.299225,436.575461,801.077728,503.916406,201,116,214,135,17.515625,Far,valid_depth,conf1,10,,fallback_conf_ge_1,,Far,true,2026-07-02T11:42:37-04:00
Garage2_000468,Garage2,468,7.803041874896735,1,yolo,0.81414,701.312378,408.660828,756.232422,556.768066,715.042389,430.876914,742.502411,497.525171,190,114,199,133,8.300781,Far,valid_depth,conf1,56,,fallback_conf_ge_1,,Far,true,2026-07-02T11:42:37-04:00
Garage2_000492,Garage2,492,8.203197374939919,1,yolo,0.722063,666.484863,411.76062,707.756287,552.891907,676.802719,432.930313,697.438431,496.439392,180,115,186,133,8.445312,Far,valid_depth,conf1,79,,fallback_conf_ge_1,,Far,true,2026-07-02T11:42:37-04:00
Garage2_000516,Garage2,516,8.603353000013158,1,yolo,0.847228,608.335693,412.379822,684.478638,554.376038,627.371429,433.679254,665.442902,497.577552,167,115,178,133,12.335938,Far,valid_depth,conf1,5,,fallback_conf_ge_1,,Far,true,2026-07-02T11:42:37-04:00
Garage2_000552,Garage2,552,9.203586291987449,1,yolo,0.760677,553.116333,408.035248,612.141602,550.544922,567.87265,429.411699,597.385285,493.541052,151,114,160,132,8.65625,Far,valid_depth,conf1,92,,fallback_conf_ge_1,,Far,true,2026-07-02T11:42:37-04:00
Garage2_000648,Garage2,648,10.804207999957725,1,yolo,0.797323,395.516418,408.37912,455.833374,544.30603,410.595657,428.768156,440.754135,489.935266,109,114,118,131,13.695312,Far,valid_depth,conf1,1,,fallback_conf_ge_1,,Far,true,2026-07-02T11:42:37-04:00
Garage2_000672,Garage2,672,11.204363292083144,1,yolo,0.870722,353.89212,406.117218,417.855286,543.222412,369.882911,426.682997,401.864494,488.380334,98,113,108,131,,,not_valid_depth,none,,,no_valid_depth_in_inner_box,>6,>6,true,2026-07-02T11:42:37-04:00
Garage2_000912,Garage2,912,15.205915041966364,1,yolo,0.888767,416.60202,405.860413,487.170685,556.971863,434.244186,428.52713,469.528519,496.527283,115,114,126,133,13.46875,Far,valid_depth,conf1,7,,fallback_conf_ge_1,,Far,true,2026-07-02T11:42:37-04:00
Garage2_000960,Garage2,960,16.006224875105545,1,yolo,0.831962,488.333038,404.369751,539.250244,571.653992,501.06234,429.462387,526.520942,504.740296,133,114,141,135,7.539062,Far,valid_depth,conf2,146,66,conf_eq_2,,Far,true,2026-07-02T11:42:37-04:00
Garage2_000996,Garage2,996,16.606457124929875,1,yolo,0.870101,537.097168,403.460632,608.825928,588.773438,555.029358,431.257553,590.893738,514.648316,148,115,158,138,6.863281,Far,valid_depth,conf2,178,117,conf_eq_2,,Far,true,2026-07-02T11:42:37-04:00
Garage2_001056,Garage2,1056,17.606844166992232,1,yolo,0.875604,644.804321,402.050964,710.362671,618.272705,661.193908,434.484225,693.973084,531.784009,176,115,186,142,5.628906,Close,valid_depth,conf2,248,189,conf_eq_2,,Close,true,2026-07-02T11:42:37-04:00
Garage2_001080,Garage2,1080,18.006998874945566,1,yolo,0.887114,688.210876,405.098694,799.967468,648.942444,716.150024,441.675257,772.02832,551.404944,190,117,206,148,5.242188,Close,valid_depth,conf2,311,31,conf_eq_2,,Close,true,2026-07-02T11:42:37-04:00
Garage2_001308,Garage2,1308,21.808466957882047,1,edited,0.876824,766.079346,415.924408,852.276917,677.113525,787.628739,455.102776,830.727524,572.637878,210,121,222,153,,,not_valid_depth,none,,,no_valid_depth_in_inner_box,3-6,3-6,true,2026-07-02T11:42:37-04:00
Garage2_001332,Garage2,1332,22.208621375029907,1,yolo,0.866929,723.402832,398.416901,824.446289,697.408569,748.663696,443.265651,799.185425,577.811902,199,118,214,155,4.144531,Close,valid_depth,conf2,520,370,conf_eq_2,,Close,true,2026-07-02T11:42:37-04:00
Garage2_001356,Garage2,1356,22.608775625005364,1,yolo,0.891627,660.834595,395.552216,782.575928,719.700317,691.269928,444.174431,752.140595,590.041077,184,118,201,158,3.773438,Close,valid_depth,conf2,636,368,conf_eq_2,,Close,true,2026-07-02T11:42:37-04:00
Garage2_001380,Garage2,1380,23.008930082898587,1,yolo,0.933195,581.462769,396.230072,761.626831,719.59259,626.503784,444.73445,716.585816,590.247583,167,118,192,158,3.341797,Close,valid_depth,conf2,800,618,conf_eq_2,,Close,true,2026-07-02T11:42:37-04:00
Garage2_001404,Garage2,1404,23.40908437501639,1,yolo,0.906174,540.28949,394.630829,671.124756,719.540161,572.998307,443.367229,638.41594,589.576428,152,118,171,158,2.982422,Very_Close,valid_depth,conf2,700,452,conf_eq_2,,Very_Close,true,2026-07-02T11:42:37-04:00
Garage2_001428,Garage2,1428,23.80923862499185,1,yolo,0.939077,378.669678,384.094025,604.044495,719.41394,435.013382,434.392012,547.700791,585.285974,116,115,147,157,2.640625,Very_Close,valid_depth,conf2,842,574,conf_eq_2,,Very_Close,true,2026-07-02T11:42:37-04:00
Garage2_001452,Garage2,1452,24.209392958087847,1,yolo,0.879886,277.441772,380.715088,411.203125,718.710388,310.88211,431.414383,377.762787,583.512268,82,115,101,156,2.382812,Very_Close,valid_depth,conf2,593,320,conf_eq_2,,Very_Close,true,2026-07-02T11:42:37-04:00
Garage2_001476,Garage2,1476,24.60954724997282,1,yolo,0.888415,31.374825,385.631104,246.639542,719.641235,85.191004,435.732624,192.823363,586.037183,22,116,52,157,2.925781,Very_Close,valid_depth,conf2,1152,815,conf_eq_2,,Very_Close,true,2026-07-02T11:42:37-04:00
Garage2_001704,Garage2,1704,28.411010999931023,1,yolo,0.843917,337.2771,404.827972,415.38385,639.500793,356.803787,440.028895,395.857163,545.631665,95,117,106,146,5.148438,Close,valid_depth,conf2,285,249,conf_eq_2,,Close,true,2026-07-02T11:42:37-04:00
Garage2_001728,Garage2,1728,28.81116491695866,1,yolo,0.884777,453.932465,399.639648,531.239319,614.757874,473.259178,431.907382,511.912606,528.710584,126,115,137,141,6.023438,Far,valid_depth,conf2,241,163,conf_eq_2,,Far,true,2026-07-02T11:42:37-04:00
Garage2_001764,Garage2,1764,29.411395832896233,1,yolo,0.81075,593.382019,412.896729,654.60553,576.268372,608.687897,437.402475,639.299652,510.919715,162,116,171,137,7.171875,Far,valid_depth,conf2,143,82,conf_eq_2,,Far,true,2026-07-02T11:42:37-04:00
Garage2_001824,Garage2,1824,30.411780582973734,1,edited,0.761252,751.126526,410.335785,785.92981,540.6698,759.827347,429.885887,777.228989,488.536194,202,114,208,131,,,not_valid_depth,none,,,no_valid_depth_in_inner_box,>6,>6,true,2026-07-02T11:42:37-04:00
Garage2_002256,Garage2,2256,37.61454858304933,1,edited,0.773864,623.598145,415.805969,664.13031,541.787109,633.731186,434.70314,653.997269,491.394653,168,115,175,132,,,not_valid_depth,none,,,no_valid_depth_in_inner_box,>6,>6,true,2026-07-02T11:42:37-04:00
Garage2_002916,Garage2,2916,48.61877245805226,1,edited,0.814981,462.775146,402.339508,503.289429,532.325928,472.903717,421.837471,493.160858,480.33136,126,112,132,129,,,not_valid_depth,none,,,no_valid_depth_in_inner_box,>6,>6,true,2026-07-02T11:42:37-04:00
Garage2_003000,Garage2,3000,50.01930983294733,1,yolo,0.855827,545.002441,405.108948,595.018982,562.989868,557.506576,428.791086,582.514847,499.8375,148,114,156,134,7.832031,Far,valid_depth,conf2,134,46,conf_eq_2,,Far,true,2026-07-02T11:42:37-04:00
Garage2_003060,Garage2,3060,51.019693417008966,1,yolo,0.854439,618.810974,407.649261,682.795349,597.779907,634.807068,436.168858,666.799255,521.727649,169,116,178,140,6.472656,Far,valid_depth,conf1,173,,fallback_conf_ge_1,,Far,true,2026-07-02T11:42:37-04:00
Garage2_003408,Garage2,3408,56.82191716693342,1,edited,0.770454,835.500244,404.353882,894.92395,541.865906,850.35617,424.980686,880.068023,486.861096,226,113,235,130,,,not_valid_depth,none,,,no_valid_depth_in_inner_box,3-6,3-6,true,2026-07-02T11:42:37-04:00
Garage2_003504,Garage2,3504,58.42253000009805,1,edited,0.90107,534.018555,397.392822,634.525513,657.728516,559.145294,436.443176,609.398774,553.594238,149,116,163,148,4.882812,Close,valid_depth,conf2,338,285,conf_eq_2,,Close,true,2026-07-02T11:42:37-04:00
Garage2_003576,Garage2,3576,59.62298945803195,1,yolo,0.849241,340.693848,398.422211,415.114075,640.184082,359.298905,434.686492,396.509018,543.479334,95,115,106,145,4.894531,Close,valid_depth,conf2,237,143,conf_eq_2,,Close,true,2026-07-02T11:42:37-04:00
Garage2_003600,Garage2,3600,60.0231426670216,1,yolo,0.864269,258.434052,402.637024,381.415527,648.272278,289.179421,439.482312,350.670158,550.018176,77,117,94,147,5.050781,Close,valid_depth,conf2,351,252,conf_eq_2,,Close,true,2026-07-02T11:42:37-04:00
Garage2_003756,Garage2,3756,62.62413829192519,1,edited,0.672083,213.420822,402.23053,259.792908,702.842285,225.013844,447.322293,248.199886,582.597583,60,119,67,156,4.023438,Close,valid_depth,conf1,53,,fallback_conf_ge_1,,Close,true,2026-07-02T11:42:37-04:00
Garage2_003780,Garage2,3780,63.02429141709581,1,yolo,0.892001,235.584824,397.65448,359.087769,704.613403,266.46056,443.698318,328.212033,581.829834,71,118,88,156,4.039062,Close,valid_depth,conf2,507,317,conf_eq_2,,Close,true,2026-07-02T11:42:37-04:00
Garage2_003804,Garage2,3804,63.42444458301179,1,yolo,0.873883,291.335205,396.251099,406.339539,716.310303,320.086288,444.25998,377.588456,588.286621,85,118,101,157,3.826172,Close,valid_depth,conf2,574,419,conf_eq_2,,Close,true,2026-07-02T11:42:37-04:00
Garage2_003840,Garage2,3840,64.0246743329335,1,yolo,0.914303,370.381104,390.357239,493.980957,719.564575,401.281067,439.738339,463.080994,587.881641,107,117,124,157,3.386719,Close,valid_depth,conf2,630,439,conf_eq_2,,Close,true,2026-07-02T11:42:37-04:00
Garage2_003864,Garage2,3864,64.4248274168931,1,yolo,0.933555,417.221375,390.273376,579.244629,719.47467,457.727189,439.65357,538.738815,587.794152,122,117,144,157,3.025391,Close,valid_depth,conf2,775,650,conf_eq_2,,Close,true,2026-07-02T11:42:37-04:00
Garage2_003900,Garage2,3900,65.02505712490529,1,yolo,0.938844,476.016724,383.506897,663.294983,719.372559,522.836289,433.886746,616.475418,585.026294,139,115,165,157,2.378906,Very_Close,valid_depth,conf2,952,817,conf_eq_2,,Very_Close,true,2026-07-02T11:42:37-04:00
Garage2_003924,Garage2,3924,65.42521029198542,1,yolo,0.932425,528.471069,383.471283,746.834595,719.351196,583.061951,433.85327,692.243714,584.999231,155,115,185,156,1.951172,Very_Close,valid_depth,conf2,987,787,conf_eq_2,,Very_Close,true,2026-07-02T11:42:37-04:00
Garage2_003948,Garage2,3948,65.82536333310418,1,yolo,0.925725,569.930237,385.179291,913.691895,719.39917,655.870652,435.312273,827.751481,585.711218,174,116,221,157,1.49707,Very_Close,valid_depth,conf2,1309,829,conf_eq_2,,Very_Close,true,2026-07-02T11:42:37-04:00
Garage2_003972,Garage2,3972,66.22551645804197,1,edited,0.929753,788.318542,343.884003,959.336426,719.030273,831.073013,400.155943,916.581955,568.971765,221,106,245,152,1.124023,Very_Close,valid_depth,conf2,307,9,conf_eq_2,,Very_Close,true,2026-07-02T11:42:37-04:00
Garage3_000036,Garage3,36,0.6002341671846807,1,edited,0.863633,0,356.379028,52.312958,712.059326,13.07824,409.731073,39.234718,569.787207,3,109,11,152,,,not_valid_depth,none,,,no_valid_depth_in_inner_box,<3,<3,true,2026-07-02T11:42:37-04:00
Garage3_000060,Garage3,60,1.0003901252057403,1,edited,0.792036,4.175709,370.251343,162.60788,719.394775,43.783752,422.622858,122.999837,579.737402,11,112,33,155,1.889648,Very_Close,valid_depth,conf1,500,,fallback_conf_ge_1,,Very_Close,true,2026-07-02T11:42:37-04:00
Garage3_000060,Garage3,60,1.0003901252057403,2,edited,0.802751,907.367676,369.847595,959.48877,719.895813,920.397949,422.354828,946.458497,579.876526,245,112,253,155,,,not_valid_depth,none,,,no_valid_depth_in_inner_box,<3,<3,true,2026-07-02T11:42:37-04:00
Garage3_000096,Garage3,96,1.6006238751579076,1,yolo,0.896621,127.133514,378.740875,293.082092,719.257874,168.620658,429.818425,251.594947,583.051074,44,114,68,156,2.210938,Very_Close,valid_depth,conf2,935,665,conf_eq_2,,Very_Close,true,2026-07-02T11:42:37-04:00
Garage3_000096,Garage3,96,1.6006238751579076,2,yolo,0.909162,756.490112,389.3638,918.450317,719.493347,796.980163,438.883232,877.960266,587.441528,212,117,235,157,2.378906,Very_Close,valid_depth,conf2,710,620,conf_eq_2,,Very_Close,true,2026-07-02T11:42:37-04:00
Garage3_000132,Garage3,132,2.2008575000800192,1,yolo,0.937456,214.425705,383.262878,408.678314,718.865417,262.988857,433.603259,360.115162,584.624401,70,115,97,156,2.582031,Very_Close,valid_depth,conf2,915,872,conf_eq_2,,Very_Close,true,2026-07-02T11:42:37-04:00
Garage3_000132,Garage3,132,2.2008575000800192,2,yolo,0.917107,660.312927,393.267822,813.984192,719.58374,698.730743,442.21521,775.566376,589.057373,186,117,207,158,3.066406,Close,valid_depth,conf2,730,642,conf_eq_2,,Close,true,2026-07-02T11:42:37-04:00
Garage3_000156,Garage3,156,2.6010130420327187,1,yolo,0.909915,306.442017,384.445557,430.025024,719.282349,337.337769,434.671076,399.129272,585.347632,89,115,107,157,2.859375,Very_Close,valid_depth,conf2,698,658,conf_eq_2,,Very_Close,true,2026-07-02T11:42:37-04:00
Garage3_000156,Garage3,156,2.6010130420327187,2,yolo,0.912385,647.354553,399.63858,764.526978,719.44104,676.647659,447.608949,735.233872,591.520056,180,119,197,158,3.597656,Close,valid_depth,conf2,599,275,conf_eq_2,,Close,true,2026-07-02T11:42:37-04:00
Garage3_000180,Garage3,180,3.001168749993667,1,yolo,0.899149,363.960358,384.625244,490.433716,719.457703,395.578697,434.850113,458.815377,585.524719,105,115,123,157,3.128906,Close,valid_depth,conf2,675,566,conf_eq_2,,Close,true,2026-07-02T11:42:37-04:00
Garage3_000180,Garage3,180,3.001168749993667,2,yolo,0.899092,624.227234,396.082031,745.144409,709.951355,654.456528,443.16243,714.915115,584.403625,174,118,191,156,4.136719,Close,valid_depth,conf2,560,350,conf_eq_2,,Close,true,2026-07-02T11:42:37-04:00
Garage3_000204,Garage3,204,3.4013241671491414,1,yolo,0.908736,402.871124,389.197632,543.228271,719.537231,437.960411,438.748572,508.138984,587.401391,116,116,136,157,3.4375,Close,valid_depth,conf2,717,586,conf_eq_2,,Close,true,2026-07-02T11:42:37-04:00
Garage3_000204,Garage3,204,3.4013241671491414,2,yolo,0.89782,613.550171,395.228394,728.221802,670.895874,642.218079,436.578516,699.553894,560.628882,171,116,187,150,4.605469,Close,valid_depth,conf2,484,351,conf_eq_2,,Close,true,2026-07-02T11:42:37-04:00
Garage3_000240,Garage3,240,4.001557417213917,1,yolo,0.909759,471.505829,393.980896,590.860962,719.722412,501.344612,442.842123,561.022179,589.425806,133,118,150,158,3.902344,Close,valid_depth,conf2,633,547,conf_eq_2,,Close,true,2026-07-02T11:42:37-04:00
Garage3_000240,Garage3,240,4.001557417213917,2,yolo,0.887205,659.256714,405.851807,762.884521,639.923035,685.163666,440.962491,736.977569,546.294544,182,117,197,146,5.328125,Close,valid_depth,conf1,179,,fallback_conf_ge_1,,Close,true,2026-07-02T11:42:37-04:00
Garage3_000264,Garage3,264,4.401712750084698,1,yolo,0.925139,499.489136,394.838623,633.180847,705.252991,532.912064,441.400778,599.757919,581.087244,142,117,160,155,4.144531,Close,valid_depth,conf2,558,489,conf_eq_2,,Close,true,2026-07-02T11:42:37-04:00
Garage3_000264,Garage3,264,4.401712750084698,2,yolo,0.89413,716.830566,403.816315,815.89209,629.293091,741.595947,437.637831,791.126709,539.102381,197,116,211,144,5.527344,Close,valid_depth,conf2,195,53,conf_eq_2,,Close,true,2026-07-02T11:42:37-04:00
Garage3_000288,Garage3,288,4.8018680000677705,1,yolo,0.871548,528.797852,394.791138,621.622437,676.742615,552.003998,437.08386,598.416291,563.962024,147,116,160,151,4.5625,Close,valid_depth,conf2,410,274,conf_eq_2,,Close,true,2026-07-02T11:42:37-04:00
Garage3_000288,Garage3,288,4.8018680000677705,2,yolo,0.798056,794.580322,405.89209,852.277222,623.183167,809.004547,438.485752,837.852997,536.266736,215,116,224,144,,,not_valid_depth,none,,,no_valid_depth_in_inner_box,3-6,3-6,true,2026-07-02T11:42:37-04:00
Garage3_000312,Garage3,312,5.202023416990414,1,yolo,0.899663,548.837891,396.845764,638.522095,658.546326,571.258942,436.100848,616.101044,553.866101,152,116,165,148,4.941406,Close,valid_depth,conf2,352,309,conf_eq_2,,Close,true,2026-07-02T11:42:37-04:00
Garage3_000312,Garage3,312,5.202023416990414,2,added,,859.333332,410.333328,914.333332,487.333328,873.083332,421.883328,900.583332,456.533328,232,112,241,122,,,not_valid_depth,none,,,no_valid_depth_in_inner_box,3-6,3-6,true,2026-07-02T11:42:37-04:00
Garage3_000348,Garage3,348,5.802256125025451,1,yolo,0.915643,533.875854,398.568512,618.260559,630.620361,554.97203,433.376289,597.164383,537.799621,147,115,160,144,5.623047,Close,valid_depth,conf2,341,242,conf_eq_2,,Close,true,2026-07-02T11:42:37-04:00
Garage3_000384,Garage3,384,6.4024887080304325,1,yolo,0.883697,530.202881,400.273315,603.292358,603.543091,548.47525,430.763781,585.019989,522.235181,146,114,157,140,6.277344,Far,valid_depth,conf2,228,153,conf_eq_2,,Far,true,2026-07-02T11:42:37-04:00
Garage3_000408,Garage3,408,6.802643625065684,1,yolo,0.91283,519.593994,402.218079,589.184082,595.716064,536.991516,431.242777,571.78656,518.31687,143,114,153,139,6.648438,Far,valid_depth,conf2,195,132,conf_eq_2,,Far,true,2026-07-02T11:42:37-04:00
Garage3_000432,Garage3,432,7.202798625221476,1,yolo,0.864474,522.721191,403.136627,587.905457,584.417236,539.017257,430.328718,571.609391,511.904992,143,114,153,137,7.066406,Far,valid_depth,conf2,189,37,conf_eq_2,,Far,true,2026-07-02T11:42:37-04:00
Garage3_000492,Garage3,492,8.203185667051002,1,yolo,0.84747,510.628326,404.281128,566.2146,556.286499,524.524895,427.081934,552.318031,495.484351,139,113,148,133,8.171875,Far,valid_depth,conf1,65,,fallback_conf_ge_1,,Far,true,2026-07-02T11:42:37-04:00
Garage3_000540,Garage3,540,9.0034950831905,1,yolo,0.787587,502.356537,405.265778,550.979126,539.213257,514.512184,425.3579,538.823479,485.634265,137,113,144,130,9.28125,Far,valid_depth,conf1,77,,fallback_conf_ge_1,,Far,true,2026-07-02T11:42:37-04:00
Garage3_000540,Garage3,540,9.0034950831905,2,added,,872.333332,406.333328,923.333332,463.333328,885.083332,414.883328,910.583332,440.533328,236,110,243,118,,,not_valid_depth,none,,,no_valid_depth_in_inner_box,3-6,3-6,true,2026-07-02T11:42:37-04:00
Garage3_000852,Garage3,852,14.205503458157182,1,yolo,0.862937,599.309082,406.202637,656.817871,563.095093,613.686279,429.736505,642.440674,500.338111,163,114,172,134,8.164062,Far,valid_depth,conf1,128,,fallback_conf_ge_1,,Far,true,2026-07-02T11:42:37-04:00
Garage3_000876,Garage3,876,14.60565770813264,1,yolo,0.82482,586.916565,406.568024,645.848145,569.999023,601.64946,431.082674,631.11525,504.626623,160,114,169,135,7.617188,Far,valid_depth,conf2,154,1,conf_eq_2,,Far,true,2026-07-02T11:42:37-04:00
Garage3_000912,Garage3,912,15.205889042001218,1,yolo,0.868965,551.922607,404.597534,617.472778,578.845459,568.31015,430.734723,601.085235,509.146289,151,114,161,136,7.261719,Far,valid_depth,conf2,183,25,conf_eq_2,,Far,true,2026-07-02T11:42:37-04:00
Garage3_000948,Garage3,948,15.806120333028957,1,yolo,0.866895,526.81897,401.515228,583.279541,591.687256,540.934113,430.041032,569.164398,515.618445,144,114,152,138,6.742188,Far,valid_depth,conf2,176,103,conf_eq_2,,Far,true,2026-07-02T11:42:37-04:00
Garage3_001224,Garage3,1224,20.407890833215788,1,yolo,0.892946,536.616028,402.845642,612.596558,635.393127,555.61116,437.727765,593.601426,542.374133,148,116,159,145,5.445312,Close,valid_depth,conf2,301,229,conf_eq_2,,Close,true,2026-07-02T11:42:37-04:00
Garage3_001248,Garage3,1248,20.808044500183314,1,yolo,0.89121,561.27124,405.601227,674.506897,669.868835,589.580154,445.241368,646.197983,564.161792,157,118,173,151,5.003906,Close,valid_depth,conf2,401,240,conf_eq_2,,Close,true,2026-07-02T11:42:37-04:00
Garage3_001272,Garage3,1272,21.208198208129033,1,yolo,0.862245,593.108826,403.316345,707.987,696.387817,621.82837,447.277066,679.267456,579.159228,165,119,182,155,4.449219,Close,valid_depth,conf2,557,471,conf_eq_2,,Close,true,2026-07-02T11:42:37-04:00
Garage3_001296,Garage3,1296,21.60835179220885,1,yolo,0.882694,627.840454,394.645386,759.408447,719.355286,660.732452,443.351871,726.516449,589.471326,176,118,194,158,3.771484,Close,valid_depth,conf2,651,283,conf_eq_2,,Close,true,2026-07-02T11:42:37-04:00
Garage3_001320,Garage3,1320,22.008505375124514,1,yolo,0.925403,664.324341,394.602631,816.492798,719.559937,702.366455,443.346227,778.450684,589.577015,187,118,208,158,3.294922,Close,valid_depth,conf2,763,605,conf_eq_2,,Close,true,2026-07-02T11:42:37-04:00
Garage3_001356,Garage3,1356,22.608735542045906,1,yolo,0.936951,757.539185,387.509125,959.319214,719.247314,807.984192,437.269853,908.874207,586.552038,215,116,243,157,2.541016,Very_Close,valid_depth,conf2,1000,739,conf_eq_2,,Very_Close,true,2026-07-02T11:42:37-04:00
Garage3_001524,Garage3,1524,25.409808333031833,1,yolo,0.930439,0.396881,368.329956,230.084045,719.385437,57.818672,420.988278,172.662254,578.963245,15,112,47,155,3.03125,Close,valid_depth,conf2,739,389,conf_eq_2,,Close,true,2026-07-02T11:42:37-04:00
Garage3_001548,Garage3,1548,25.809961333172396,1,yolo,0.894094,126.50853,377.330444,264.130249,719.472778,160.91396,428.651794,229.724819,582.615844,42,114,62,156,2.271484,Very_Close,valid_depth,conf2,766,488,conf_eq_2,,Very_Close,true,2026-07-02T11:42:37-04:00
Garage3_001572,Garage3,1572,26.210114333080128,1,yolo,0.896478,231.185211,384.107941,371.969513,719.362183,266.381286,434.396077,336.773438,585.260486,71,115,90,157,2.654297,Very_Close,valid_depth,conf2,695,587,conf_eq_2,,Very_Close,true,2026-07-02T11:42:37-04:00
Garage3_001596,Garage3,1596,26.61026725010015,1,yolo,0.933671,261.200775,384.711731,452.391174,719.067627,308.998375,434.865115,404.593574,585.325269,82,115,108,157,2.994141,Very_Close,valid_depth,conf2,870,661,conf_eq_2,,Very_Close,true,2026-07-02T11:42:37-04:00
Garage3_001620,Garage3,1620,27.01042008306831,1,yolo,0.890383,336.807495,386.719116,449.710876,719.699341,365.03334,436.66615,421.485031,586.507251,97,116,113,157,3.433594,Close,valid_depth,conf2,580,520,conf_eq_2,,Close,true,2026-07-02T11:42:37-04:00
Garage3_001668,Garage3,1668,27.810725750168785,1,yolo,0.931719,808.662781,390.319427,959.595886,719.27063,846.396057,439.662107,921.86261,587.690149,225,117,246,157,2.494141,Very_Close,valid_depth,conf2,680,621,conf_eq_2,,Very_Close,true,2026-07-02T11:42:37-04:00
Garage3_001668,Garage3,1668,27.810725750168785,2,yolo,0.906954,386.346039,397.627167,504.17807,701.647095,415.804047,443.230156,474.720062,580.039124,110,118,127,155,4.246094,Close,valid_depth,conf2,530,431,conf_eq_2,,Close,true,2026-07-02T11:42:37-04:00
Garage3_001692,Garage3,1692,28.210878500016406,1,yolo,0.900722,723.460999,389.259979,896.321411,719.422852,766.676102,438.78441,853.106308,587.357703,204,117,228,157,2.921875,Very_Close,valid_depth,conf2,778,163,conf_eq_2,,Very_Close,true,2026-07-02T11:42:37-04:00
Garage3_001692,Garage3,1692,28.210878500016406,2,yolo,0.868283,424.421906,397.740784,509.630219,671.030273,445.723984,438.734207,488.328141,561.714477,118,116,131,150,4.753906,Close,valid_depth,conf2,404,313,conf_eq_2,,Close,true,2026-07-02T11:42:37-04:00
Garage3_001716,Garage3,1716,28.61103120818734,1,yolo,0.924859,704.865112,392.79425,835.740845,719.670715,737.584045,441.82572,803.021912,588.920129,196,117,215,158,3.494141,Close,valid_depth,conf2,723,493,conf_eq_2,,Close,true,2026-07-02T11:42:37-04:00
Garage3_001716,Garage3,1716,28.61103120818734,2,yolo,0.914185,438.144348,396.636292,523.568909,642.457214,459.500488,433.50943,502.212769,544.128845,122,115,134,146,5.25,Close,valid_depth,conf2,343,258,conf_eq_2,,Close,true,2026-07-02T11:42:37-04:00
Garage3_001752,Garage3,1752,29.211260000010952,1,yolo,0.892778,669.53186,397.867126,783.771606,686.289307,698.091797,441.130453,755.211669,570.920435,186,117,202,153,4.244141,Close,valid_depth,conf2,541,342,conf_eq_2,,Close,true,2026-07-02T11:42:37-04:00
Garage3_001752,Garage3,1752,29.211260000010952,2,yolo,0.893907,454.205933,398.742188,527.455811,614.0271,472.518403,431.034925,509.143342,527.913135,126,114,136,141,5.890625,Close,valid_depth,conf2,256,188,conf_eq_2,,Close,true,2026-07-02T11:42:37-04:00
Garage3_001788,Garage3,1788,29.811488792067394,1,yolo,0.887552,654.949463,400.949615,746.227844,655.487305,677.769058,439.130268,723.408249,553.672229,180,117,193,148,5.039062,Close,valid_depth,conf2,389,256,conf_eq_2,,Close,true,2026-07-02T11:42:37-04:00
Garage3_001788,Garage3,1788,29.811488792067394,2,yolo,0.870129,464.548767,395.527771,535.500793,597.547302,482.286773,425.830701,517.762787,516.73949,128,113,139,138,6.574219,Far,valid_depth,conf1,179,,fallback_conf_ge_1,,Far,true,2026-07-02T11:42:37-04:00
Garage3_001812,Garage3,1812,30.211641375208274,1,yolo,0.895224,638.243774,400.623962,723.287476,623.345581,659.5047,434.032205,702.02655,534.256933,175,115,188,143,5.59375,Close,valid_depth,conf2,338,254,conf_eq_2,,Close,true,2026-07-02T11:42:37-04:00
Garage3_001812,Garage3,1812,30.211641375208274,2,yolo,0.852133,473.318665,397.061005,536.167053,581.099609,489.030762,424.666796,520.454956,507.484167,130,113,139,136,6.980469,Far,valid_depth,conf2,170,25,conf_eq_2,,Far,true,2026-07-02T11:42:37-04:00
Garage3_001848,Garage3,1848,30.811870083212852,1,yolo,0.886146,627.048645,404.114197,701.153259,602.262878,645.574799,433.836499,682.627105,523.003406,172,115,183,140,6.367188,Far,valid_depth,conf2,234,155,conf_eq_2,,Far,true,2026-07-02T11:42:37-04:00
Garage3_001848,Garage3,1848,30.811870083212852,2,yolo,0.852833,481.279541,403.226074,541.614624,567.242188,496.363312,427.828491,526.530853,501.635742,132,114,141,134,7.746094,Far,valid_depth,conf2,131,45,conf_eq_2,,Far,true,2026-07-02T11:42:37-04:00
Garage3_001908,Garage3,1908,31.812251042108983,1,yolo,0.836951,626.177124,407.152832,689.869507,567.305725,642.10022,431.175766,673.946411,503.244568,171,114,180,135,7.646484,Far,valid_depth,conf2,134,18,conf_eq_2,,Far,true,2026-07-02T11:42:37-04:00
Garage3_001908,Garage3,1908,31.812251042108983,2,yolo,0.803045,494.249451,404.348602,544.260132,545.652222,506.752121,425.544145,531.757462,489.130774,135,113,142,131,8.953125,Far,valid_depth,conf2,81,5,conf_eq_2,,Far,true,2026-07-02T11:42:37-04:00
Garage3_001932,Garage3,1932,32.212403333047405,1,yolo,0.812828,629.004517,411.419403,698.054932,559.187134,646.267121,433.584563,680.792328,500.080042,172,115,182,134,8.074219,Far,valid_depth,conf2,102,12,conf_eq_2,,Far,true,2026-07-02T11:42:37-04:00
Garage3_001932,Garage3,1932,32.212403333047405,2,yolo,0.858987,490.293915,405.345703,539.87561,538.995117,502.689339,425.393115,527.480186,485.535351,134,113,141,130,9.589844,Far,valid_depth,conf1,66,,fallback_conf_ge_1,,Far,true,2026-07-02T11:42:37-04:00
Garage3_001956,Garage3,1956,32.61255570803769,1,yolo,0.814609,655.705322,412.677612,703.609314,553.665894,667.68132,433.825854,691.633316,497.270581,178,115,185,133,8.703125,Far,valid_depth,conf1,77,,fallback_conf_ge_1,,Far,true,2026-07-02T11:42:37-04:00
Garage3_001956,Garage3,1956,32.61255570803769,2,yolo,0.799796,495.180908,405.620453,534.622925,537.043457,505.041412,425.333904,524.762421,484.474255,134,113,140,130,9.84375,Far,valid_depth,conf1,37,,fallback_conf_ge_1,,Far,true,2026-07-02T11:42:37-04:00
Garage3_001980,Garage3,1980,33.01270787511021,1,yolo,0.737278,667.522583,410.560913,723.727417,547.069153,681.573791,431.037149,709.676209,492.465857,181,114,190,132,9.3125,Far,valid_depth,conf1,26,,fallback_conf_ge_1,,Far,true,2026-07-02T11:42:37-04:00
Garage3_001980,Garage3,1980,33.01270787511021,2,yolo,0.786889,482.66684,404.813599,524.115967,530.780457,493.029122,423.708628,513.753685,480.393714,131,112,138,129,,,not_valid_depth,none,,,no_valid_depth_in_inner_box,>6,>6,true,2026-07-02T11:42:37-04:00
Garage3_002148,Garage3,2148,35.81377287511714,1,yolo,0.748776,444.601074,400.067413,477.104248,500.686798,452.726867,415.160321,468.978454,460.439044,120,110,126,123,,,not_valid_depth,none,,,no_valid_depth_in_inner_box,>6,>6,true,2026-07-02T11:42:37-04:00
Garage3_002148,Garage3,2148,35.81377287511714,2,added,,779.333332,413.333328,818.333332,514.333328,789.083332,428.483328,808.583332,473.933328,210,114,216,127,,,not_valid_depth,none,,,no_valid_depth_in_inner_box,>6,>6,true,2026-07-02T11:42:37-04:00
Garage3_002580,Garage3,2580,43.0165065000765,1,yolo,0.822037,416.164581,404.804169,459.999664,538.132141,427.123352,424.803365,449.040893,484.800952,113,113,120,130,,,not_valid_depth,none,,,no_valid_depth_in_inner_box,>6,>6,true,2026-07-02T11:42:37-04:00
Garage3_002580,Garage3,2580,43.0165065000765,2,yolo,0.622541,752.3172,408.820496,784.315063,510.953796,760.316666,424.140491,776.315597,470.100476,202,113,208,126,,,not_valid_depth,none,,,no_valid_depth_in_inner_box,>6,>6,true,2026-07-02T11:42:37-04:00
Garage3_002604,Garage3,2604,43.4166581670288,1,yolo,0.843234,410.714996,406.840942,462.43396,546.587952,423.644737,427.802993,449.504219,490.689148,112,114,120,131,,,not_valid_depth,none,,,no_valid_depth_in_inner_box,>6,>6,true,2026-07-02T11:42:37-04:00
Garage3_002604,Garage3,2604,43.4166581670288,2,yolo,0.43241,740.838013,409.697754,777.677673,510.792114,750.047928,424.861908,768.467758,470.35437,200,113,205,126,,,not_valid_depth,none,,,no_valid_depth_in_inner_box,>6,>6,true,2026-07-02T11:42:37-04:00
Garage3_002652,Garage3,2652,44.21696141711436,1,yolo,0.834273,393.202423,403.58313,452.700348,563.432861,408.076904,427.56059,437.825867,499.492969,108,114,117,134,8.039062,Far,valid_depth,conf2,135,1,conf_eq_2,,Far,true,2026-07-02T11:42:37-04:00
Garage3_002652,Garage3,2652,44.21696141711436,2,yolo,0.765896,718.553223,410.626923,754.606323,512.534668,727.566498,425.913085,745.593048,471.77157,194,113,199,126,,,not_valid_depth,none,,,no_valid_depth_in_inner_box,>6,>6,true,2026-07-02T11:42:37-04:00
Garage3_002676,Garage3,2676,44.61711308313534,1,yolo,0.841974,391.365845,403.362488,452.860901,572.092407,406.739609,428.671976,437.487137,504.600439,108,114,117,135,7.5625,Far,valid_depth,conf2,164,17,conf_eq_2,,Far,true,2026-07-02T11:42:37-04:00
Garage3_002676,Garage3,2676,44.61711308313534,2,yolo,0.77011,710.928223,411.081299,747.947388,524.918823,720.183014,428.156928,738.692597,479.383813,192,114,197,128,,,not_valid_depth,none,,,no_valid_depth_in_inner_box,>6,>6,true,2026-07-02T11:42:37-04:00
Garage3_002700,Garage3,2700,45.01726462505758,1,yolo,0.846009,384.325562,405.941223,444.859314,585.495605,399.459,432.87438,429.725876,513.673852,106,115,115,137,7.009766,Far,valid_depth,conf2,183,140,conf_eq_2,,Far,true,2026-07-02T11:42:37-04:00
Garage3_002700,Garage3,2700,45.01726462505758,2,yolo,0.75241,702.994019,408.460754,741.002625,518.292603,712.49617,424.935531,731.500473,474.359863,189,113,196,127,,,not_valid_depth,none,,,no_valid_depth_in_inner_box,>6,>6,true,2026-07-02T11:42:37-04:00
Garage3_002796,Garage3,2796,46.61787100019865,1,yolo,0.869875,349.280151,400.321411,442.174194,651.205383,372.503662,437.954007,418.950683,550.851794,99,116,112,147,5.042969,Close,valid_depth,conf2,345,53,conf_eq_2,,Close,true,2026-07-02T11:42:37-04:00
Garage3_002796,Garage3,2796,46.61787100019865,2,yolo,0.804578,616.464844,413.079346,660.33374,534.107178,627.432068,431.233521,649.366516,485.696045,167,114,174,130,,,not_valid_depth,none,,,no_valid_depth_in_inner_box,>6,>6,true,2026-07-02T11:42:37-04:00
Garage3_002820,Garage3,2820,47.01802250021137,1,yolo,0.872326,344.374054,399.513489,437.009216,682.561401,367.532845,441.970676,413.850425,569.342236,98,117,111,152,4.71875,Close,valid_depth,conf2,439,308,conf_eq_2,,Close,true,2026-07-02T11:42:37-04:00
Garage3_002820,Garage3,2820,47.01802250021137,2,yolo,0.757902,585.949402,411.889832,623.149841,534.118774,595.249512,430.224173,613.849731,485.227197,158,114,164,130,,,not_valid_depth,none,,,no_valid_depth_in_inner_box,>6,>6,true,2026-07-02T11:42:37-04:00
Garage3_002844,Garage3,2844,47.418174042133614,1,yolo,0.899101,322.910065,394.044159,436.624054,708.733887,351.338562,441.247618,408.195557,582.857996,93,117,109,156,4.203125,Close,valid_depth,conf2,563,419,conf_eq_2,,Close,true,2026-07-02T11:42:37-04:00
Garage3_002844,Garage3,2844,47.418174042133614,2,yolo,0.846758,533.993225,410.341675,598.727783,535.948914,550.176865,429.182761,582.544144,485.706018,146,114,156,130,,,not_valid_depth,none,,,no_valid_depth_in_inner_box,>6,>6,true,2026-07-02T11:42:37-04:00
Garage3_002868,Garage3,2868,47.81832554214634,1,yolo,0.893366,317.084961,389.708405,433.710266,719.779053,346.241287,439.219002,404.55394,587.750794,92,117,108,157,3.753906,Close,valid_depth,conf2,616,455,conf_eq_2,,Close,true,2026-07-02T11:42:37-04:00
Garage3_002868,Garage3,2868,47.81832554214634,2,yolo,0.870138,483.945099,409.346008,561.707764,538.551453,503.385765,428.726825,542.267098,486.869275,134,114,145,130,9.652344,Far,valid_depth,conf1,26,,fallback_conf_ge_1,,Far,true,2026-07-02T11:42:37-04:00
Garage3_002892,Garage3,2892,48.218477042159066,1,yolo,0.896676,272.089172,385.345001,403.878204,719.456543,305.03643,435.461732,370.930946,585.811926,81,116,99,157,3.296875,Close,valid_depth,conf2,677,163,conf_eq_2,,Close,true,2026-07-02T11:42:37-04:00
Garage3_002892,Garage3,2892,48.218477042159066,2,yolo,0.745598,458.566132,408.037628,504.492828,536.383545,470.047806,427.289516,493.011154,485.045178,125,113,132,130,,,not_valid_depth,none,,,no_valid_depth_in_inner_box,>6,>6,true,2026-07-02T11:42:37-04:00
Garage3_002916,Garage3,2916,48.6186286250595,1,yolo,0.937105,194.550339,391.723114,381.368652,719.469543,241.254917,440.885078,334.664074,588.370971,64,117,90,157,2.939453,Very_Close,valid_depth,conf2,830,540,conf_eq_2,,Very_Close,true,2026-07-02T11:42:37-04:00
Garage3_002916,Garage3,2916,48.6186286250595,2,yolo,0.766029,429.393036,406.034119,463.999237,536.997192,438.044586,425.67858,455.347687,484.611963,116,113,122,130,,,not_valid_depth,none,,,no_valid_depth_in_inner_box,>6,>6,true,2026-07-02T11:42:37-04:00
Garage3_002940,Garage3,2940,49.018780125072226,1,yolo,0.872384,141.104401,379.749451,290.843933,719.820679,178.539284,430.760135,253.40905,583.792188,47,114,68,156,2.564453,Very_Close,valid_depth,conf2,799,578,conf_eq_2,,Very_Close,true,2026-07-02T11:42:37-04:00
Garage3_002940,Garage3,2940,49.018780125072226,3,yolo,0.330254,383.831116,409.914734,428.836792,535.767883,395.082535,428.792706,417.585373,485.426623,105,114,112,130,,,not_valid_depth,none,,,no_valid_depth_in_inner_box,>6,>6,true,2026-07-02T11:42:37-04:00
Garage3_002964,Garage3,2964,49.41893162508495,1,yolo,0.89236,0.282108,373.811157,172.585815,719.220947,43.358035,425.622625,129.509888,581.057031,11,113,35,155,2.203125,Very_Close,valid_depth,conf2,830,183,conf_eq_2,,Very_Close,true,2026-07-02T11:42:37-04:00
Garage3_002964,Garage3,2964,49.41893162508495,2,yolo,0.708304,342.50708,406.901825,400.398804,534.044067,356.980011,425.973161,385.925873,483.18717,95,113,103,129,,,not_valid_depth,none,,,no_valid_depth_in_inner_box,>6,>6,true,2026-07-02T11:42:37-04:00
Garage3_002988,Garage3,2988,49.81908308318816,1,yolo,0.709961,0.159385,486.481293,36.040726,719.421875,9.12972,521.42238,27.070391,626.245642,2,139,8,167,2.986328,Very_Close,valid_depth,conf1,5,,fallback_conf_ge_1,,Very_Close,true,2026-07-02T11:42:37-04:00
Garage3_002988,Garage3,2988,49.81908308318816,2,added,,319.333332,400.333328,351.333332,454.333328,327.333332,408.433328,343.333332,432.733328,87,108,92,116,,,not_valid_depth,none,,,no_valid_depth_in_inner_box,>6,>6,true,2026-07-02T11:42:37-04:00
Garage3_003228,Garage3,3228,53.82059845817275,1,yolo,0.761902,363.75528,409.029968,411.611755,540.512451,375.719399,428.75234,399.647636,487.919458,100,114,107,131,,,not_valid_depth,none,,,no_valid_depth_in_inner_box,>6,>6,true,2026-07-02T11:42:37-04:00
Garage3_003336,Garage3,3336,55.62128070811741,1,yolo,0.889912,532.99823,408.603516,614.696594,560.667847,553.422821,431.413166,594.272003,499.842115,147,115,159,134,8.242188,Far,valid_depth,conf1,54,,fallback_conf_ge_1,,Far,true,2026-07-02T11:42:37-04:00
Garage3_003372,Garage3,3372,56.22150816721842,1,yolo,0.781905,605.474854,409.297943,673.761475,565.593628,622.546509,432.742296,656.68982,503.075354,166,115,176,135,,,not_valid_depth,none,,,no_valid_depth_in_inner_box,>6,>6,true,2026-07-02T11:42:37-04:00
Garage3_003420,Garage3,3420,57.02181150019169,1,yolo,0.883686,247.348389,399.680878,367.875092,667.894592,277.480065,439.912935,337.743416,560.609106,73,117,91,150,4.703125,Close,valid_depth,conf2,373,237,conf_eq_2,,Close,true,2026-07-02T11:42:37-04:00
Garage3_003420,Garage3,3420,57.02181150019169,2,edited,0.866426,730.11617,421.164276,778.591878,578.975667,742.235097,444.835985,766.472951,515.851111,197,118,205,138,,,not_valid_depth,none,,,no_valid_depth_in_inner_box,>6,>6,true,2026-07-02T11:42:37-04:00
Garage3_003456,Garage3,3456,57.62203895812854,1,yolo,0.876476,356.223297,395.176758,441.992432,654.490234,377.665581,434.073779,420.550148,550.764844,100,115,113,147,4.945312,Close,valid_depth,conf2,343,235,conf_eq_2,,Close,true,2026-07-02T11:42:37-04:00
Garage3_003456,Garage3,3456,57.62203895812854,2,yolo,0.79219,796.612915,414.363007,870.65271,586.467529,815.122864,440.178685,852.142761,517.62572,217,117,228,139,,,not_valid_depth,none,,,no_valid_depth_in_inner_box,>6,>6,true,2026-07-02T11:42:37-04:00
Garage3_003480,Garage3,3480,58.02219058317132,1,yolo,0.890128,391.842041,398.10022,502.75946,641.31189,419.571396,434.58197,475.030105,544.027222,111,115,127,146,5.191406,Close,valid_depth,conf2,344,132,conf_eq_2,,Close,true,2026-07-02T11:42:37-04:00
Garage3_003480,Garage3,3480,58.02219058317132,2,yolo,0.327664,899.419312,408.812897,934.439819,447.336548,908.174439,414.591445,925.684692,431.927088,242,110,247,116,,,not_valid_depth,none,,,no_valid_depth_in_inner_box,3-6,3-6,true,2026-07-02T11:42:37-04:00
Garage3_003588,Garage3,3588,59.82287250016816,1,yolo,0.836485,601.070679,401.439453,660.979004,598.182434,616.04776,430.9509,646.001923,519.485242,164,114,173,139,6.335938,Far,valid_depth,conf2,186,157,conf_eq_2,,Far,true,2026-07-02T11:42:37-04:00
Garage4_000114,Garage4,114,3.8014624170027673,1,yolo,0.912075,764.903198,361.885742,959.30188,719.217346,813.502868,415.485483,910.702209,576.284704,216,110,243,154,1.942383,Very_Close,valid_depth,conf1,70,,fallback_conf_ge_1,,Very_Close,true,2026-07-02T11:42:37-04:00
Garage4_000114,Garage4,114,3.8014624170027673,2,yolo,0.919271,0.179615,357.652405,152.985306,719.14209,38.381038,411.875858,114.783883,574.546216,10,109,31,154,2.898438,Very_Close,valid_depth,conf2,217,6,conf_eq_2,,Very_Close,true,2026-07-02T11:42:37-04:00
Garage4_000132,Garage4,132,4.401693334104493,1,yolo,0.866965,67.036224,370.727783,255.462402,719.714966,114.142769,423.07586,208.355858,580.120093,30,112,56,155,1.863281,Very_Close,valid_depth,conf2,1060,790,conf_eq_2,,Very_Close,true,2026-07-02T11:42:37-04:00
Garage4_000132,Garage4,132,4.401693334104493,2,yolo,0.919321,676.553223,370.204773,856.460327,719.643555,721.529999,422.62059,811.483551,579.868042,192,112,217,155,2.21582,Very_Close,valid_depth,conf2,777,72,conf_eq_2,,Very_Close,true,2026-07-02T11:42:37-04:00
Garage4_000144,Garage4,144,4.801847208989784,1,edited,0.925138,664.510986,377.413452,786.56488,719.470703,695.02446,428.72204,756.051406,582.647803,185,114,202,156,2.365234,Very_Close,valid_depth,conf2,657,593,conf_eq_2,,Very_Close,true,2026-07-02T11:42:37-04:00
Garage4_000144,Garage4,144,4.801847208989784,2,yolo,0.919784,172.794678,374.010864,331.797302,719.435303,212.545334,425.82453,292.046646,581.265527,56,113,78,156,2.048828,Very_Close,valid_depth,conf2,827,669,conf_eq_2,,Very_Close,true,2026-07-02T11:42:37-04:00
Garage4_000162,Garage4,162,5.402078000130132,1,yolo,0.93525,242.36467,376.036682,456.526062,718.529419,295.905018,427.410593,402.985714,581.532324,78,113,108,156,2.472656,Very_Close,valid_depth,conf2,934,809,conf_eq_2,,Very_Close,true,2026-07-02T11:42:37-04:00
Garage4_000162,Garage4,162,5.402078000130132,2,yolo,0.901793,628.479614,383.434021,752.216553,719.593384,659.413849,433.857925,721.282318,585.129639,175,115,193,157,2.808594,Very_Close,valid_depth,conf2,678,533,conf_eq_2,,Very_Close,true,2026-07-02T11:42:37-04:00
Garage4_000174,Garage4,174,5.802231917157769,1,yolo,0.939242,308.38266,382.633911,477.427734,719.650513,350.643929,433.186401,435.166465,584.843872,93,115,117,156,2.748047,Very_Close,valid_depth,conf2,802,623,conf_eq_2,,Very_Close,true,2026-07-02T11:42:37-04:00
Garage4_000174,Garage4,174,5.802231917157769,2,yolo,0.924721,574.504028,385.634857,728.78833,719.514038,613.075103,435.716734,690.217254,585.962366,163,116,185,157,3.359375,Close,valid_depth,conf2,798,755,conf_eq_2,,Close,true,2026-07-02T11:42:37-04:00
Garage4_000186,Garage4,186,6.202385833952576,1,yolo,0.903827,365.760193,387.300018,498.438995,719.477539,398.929893,437.126646,465.269295,586.606531,106,116,125,157,3.080078,Close,valid_depth,conf2,717,650,conf_eq_2,,Close,true,2026-07-02T11:42:37-04:00
Garage4_000186,Garage4,186,6.202385833952576,2,yolo,0.910315,578.456909,396.292419,710.838135,717.623779,611.552215,444.492123,677.742828,589.091235,163,118,181,158,3.742188,Close,valid_depth,conf2,672,655,conf_eq_2,,Close,true,2026-07-02T11:42:37-04:00
Garage4_000204,Garage4,204,6.802616833942011,1,yolo,0.882167,423.874237,392.393005,545.037109,718.63147,454.164955,441.328775,514.746391,588.136084,121,117,138,157,3.568359,Close,valid_depth,conf2,651,579,conf_eq_2,,Close,true,2026-07-02T11:42:37-04:00
Garage4_000204,Garage4,204,6.802616833942011,2,yolo,0.867535,593.795166,400.792877,690.757751,689.433716,618.035812,444.089003,666.517105,573.97738,164,118,178,154,4.503906,Close,valid_depth,conf2,498,480,conf_eq_2,,Close,true,2026-07-02T11:42:37-04:00
Garage4_000216,Garage4,216,7.202770750038326,1,yolo,0.905058,444.593903,391.561157,565.584351,717.095764,474.841515,440.391348,535.336739,586.881921,126,117,143,157,3.921875,Close,valid_depth,conf2,614,484,conf_eq_2,,Close,true,2026-07-02T11:42:37-04:00
Garage4_000216,Garage4,216,7.202770750038326,2,yolo,0.89004,581.976807,395.363708,698.532593,653.66272,611.115753,434.10856,669.393647,550.343115,162,115,179,147,4.933594,Close,valid_depth,conf2,457,419,conf_eq_2,,Close,true,2026-07-02T11:42:37-04:00
Garage4_000228,Garage4,228,7.602924792096019,1,yolo,0.920228,458.659912,396.069305,583.907532,687.744019,489.971817,439.820512,552.595627,571.074133,130,117,148,153,4.339844,Close,valid_depth,conf2,538,384,conf_eq_2,,Close,true,2026-07-02T11:42:37-04:00
Garage4_000228,Garage4,228,7.602924792096019,2,yolo,0.896729,592.630493,400.439209,688.009888,633.799622,616.475342,435.443271,664.165039,540.455457,164,116,178,145,5.332031,Close,valid_depth,conf2,355,219,conf_eq_2,,Close,true,2026-07-02T11:42:37-04:00
Garage4_000240,Garage4,240,8.003078834153712,1,yolo,0.883538,477.386444,398.489777,584.406189,680.304443,504.14138,440.761977,557.651253,567.578577,134,117,149,152,4.628906,Close,valid_depth,conf2,424,331,conf_eq_2,,Close,true,2026-07-02T11:42:37-04:00
Garage4_000240,Garage4,240,8.003078834153712,2,yolo,0.882959,603.479126,402.645172,692.77832,623.319702,625.803924,435.746352,670.453521,535.04989,166,116,179,143,5.589844,Close,valid_depth,conf2,296,11,conf_eq_2,,Close,true,2026-07-02T11:42:37-04:00
Garage4_000258,Garage4,258,8.603309834143147,1,yolo,0.907281,514.007263,397.608154,599.490967,645.042725,535.378189,434.72334,578.120041,546.068897,142,115,155,146,5.140625,Close,valid_depth,conf2,353,286,conf_eq_2,,Close,true,2026-07-02T11:42:37-04:00
Garage4_000258,Garage4,258,8.603309834143147,2,yolo,0.896633,607.254761,403.40918,686.562195,598.196411,627.081619,432.627265,666.735337,520.281519,167,115,178,139,6.429688,Far,valid_depth,conf2,231,176,conf_eq_2,,Far,true,2026-07-02T11:42:37-04:00
Garage4_000282,Garage4,282,9.40361783397384,1,yolo,0.92214,539.90332,396.634369,615.959717,617.460815,558.917419,429.758336,596.945618,529.130237,149,114,160,142,5.867188,Close,valid_depth,conf2,253,195,conf_eq_2,,Close,true,2026-07-02T11:42:37-04:00
Garage4_000282,Garage4,282,9.40361783397384,2,yolo,0.850582,620.466248,401.878143,681.344116,572.794434,635.685715,427.515587,666.124649,504.427918,169,114,178,135,7.339844,Far,valid_depth,conf2,160,39,conf_eq_2,,Far,true,2026-07-02T11:42:37-04:00
Garage4_000282,Garage4,282,9.40361783397384,3,edited,0.506787,205.826279,411.381958,247.50209,585.070679,216.245232,437.435266,237.083137,515.595191,57,116,64,138,7.066406,Far,valid_depth,conf1,23,,fallback_conf_ge_1,,Far,true,2026-07-02T11:42:37-04:00
Garage4_000306,Garage4,306,10.203925749985501,1,yolo,0.588494,582.883789,402.506287,673.266479,604.165649,605.479461,432.755191,650.670807,523.501904,161,115,174,140,6.203125,Far,valid_depth,conf2,192,2,conf_eq_2,,Far,true,2026-07-02T11:42:37-04:00
Garage4_000306,Garage4,306,10.203925749985501,2,yolo,0.865948,310.401917,398.97052,381.587128,631.933411,328.19822,433.914954,363.790825,538.748255,87,115,98,144,5.507812,Close,valid_depth,conf2,260,15,conf_eq_2,,Close,true,2026-07-02T11:42:37-04:00
Garage4_000306,Garage4,306,10.203925749985501,3,yolo,0.582134,628.591187,403.646393,675.867554,555.206055,640.410279,426.380342,664.048462,494.58219,170,113,178,132,6.222656,Far,valid_depth,conf1,3,,fallback_conf_ge_1,,Far,true,2026-07-02T11:42:37-04:00
Garage4_000336,Garage4,336,11.204310875153169,1,yolo,0.846284,491.046143,399.915283,553.56897,635.931458,506.67685,435.317709,537.938263,541.524988,135,116,144,145,5.34375,Close,valid_depth,conf2,239,168,conf_eq_2,,Close,true,2026-07-02T11:42:37-04:00
Garage4_000336,Garage4,336,11.204310875153169,2,yolo,0.751891,646.476685,407.224548,708.401245,583.329163,661.957825,433.64024,692.920105,512.887317,176,115,185,137,7.035156,Far,valid_depth,conf1,105,,fallback_conf_ge_1,,Far,true,2026-07-02T11:42:37-04:00
Garage4_000336,Garage4,336,11.204310875153169,3,yolo,0.741654,608.621216,403.176392,651.714355,531.109436,619.394501,422.366349,640.94107,479.936218,165,112,171,128,,,not_valid_depth,none,,,no_valid_depth_in_inner_box,>6,>6,true,2026-07-02T11:42:37-04:00
Garage4_000354,Garage4,354,11.804542083991691,1,edited,0.784475,605.341003,403.902527,671.033142,643.645996,621.764038,439.864047,654.610107,547.748608,165,117,175,147,5.070312,Close,valid_depth,conf2,237,148,conf_eq_2,,Close,true,2026-07-02T11:42:37-04:00
Garage4_000354,Garage4,354,11.804542083991691,2,yolo,0.667071,651.605835,400.796265,712.599854,571.979004,666.85434,426.473676,697.351349,503.505908,177,113,186,135,7.46875,Far,valid_depth,conf1,10,,fallback_conf_ge_1,,Far,true,2026-07-02T11:42:37-04:00
Garage4_000354,Garage4,354,11.804542083991691,3,edited,0.621844,592.711975,400.852875,620.100769,474.71875,599.559174,411.932756,613.253571,445.1724,159,109,164,119,,,not_valid_depth,none,,,no_valid_depth_in_inner_box,>6,>6,true,2026-07-02T11:42:37-04:00
Garage4_000384,Garage4,384,12.80492720915936,1,yolo,0.823276,797.674438,402.572205,860.553955,652.65271,813.394317,440.084281,844.834076,552.620508,216,117,226,148,8.117188,Far,valid_depth,conf1,1,,fallback_conf_ge_1,,Far,true,2026-07-02T11:42:37-04:00
Garage4_000384,Garage4,384,12.80492720915936,2,yolo,0.809757,664.370056,403.197571,718.059692,555.891235,677.792465,426.101621,704.637283,494.813769,180,113,188,132,8.546875,Far,valid_depth,conf1,94,,fallback_conf_ge_1,,Far,true,2026-07-02T11:42:37-04:00
Garage4_000384,Garage4,384,12.80492720915936,3,yolo,0.729072,548.708313,409.595215,595.86438,512.458374,560.49733,425.024689,584.075363,471.31311,149,113,156,126,,,not_valid_depth,none,,,no_valid_depth_in_inner_box,>6,>6,true,2026-07-02T11:42:37-04:00
Garage4_000396,Garage4,396,13.205081291962415,1,yolo,0.768246,664.520691,403.583954,716.853027,549.018555,677.603775,425.399144,703.769943,490.844715,180,113,188,131,8.898438,Far,valid_depth,conf1,48,,fallback_conf_ge_1,,Far,true,2026-07-02T11:42:37-04:00
Garage4_000396,Garage4,396,13.205081291962415,2,yolo,0.784046,513.810181,408.538391,568.32489,512.278687,527.438858,424.099435,554.696213,470.782569,140,113,148,126,17.140625,Far,valid_depth,conf1,1,,fallback_conf_ge_1,,Far,true,2026-07-02T11:42:37-04:00
Garage4_000396,Garage4,396,13.205081291962415,3,added,,879.333332,402.333328,938.333332,483.333328,894.083332,414.483328,923.583332,450.933328,238,110,247,121,,,not_valid_depth,none,,,no_valid_depth_in_inner_box,3-6,3-6,true,2026-07-02T11:42:37-04:00
Garage4_000426,Garage4,426,14.205466584069654,1,yolo,0.727644,654.122681,410.440887,699.765381,537.366821,665.533356,429.479777,688.354706,486.596447,177,114,184,130,9.726562,Far,valid_depth,conf1,58,,fallback_conf_ge_1,,Far,true,2026-07-02T11:42:37-04:00
Garage4_000426,Garage4,426,14.205466584069654,2,yolo,0.699381,471.354309,403.745483,500.5242,510.259338,478.646782,419.722561,493.231727,467.653796,127,111,132,125,,,not_valid_depth,none,,,no_valid_depth_in_inner_box,>6,>6,true,2026-07-02T11:42:37-04:00
Garage4_000444,Garage4,444,14.805697791976854,1,yolo,0.803209,640.732178,405.697449,684.43634,529.306824,651.658218,424.238855,673.510299,479.863074,173,113,180,128,,,not_valid_depth,none,,,no_valid_depth_in_inner_box,>6,>6,true,2026-07-02T11:42:37-04:00
Garage4_000444,Garage4,444,14.805697791976854,2,yolo,0.746539,426.993225,402.072693,475.071106,512.489685,439.012695,418.635242,463.051636,468.322888,117,111,124,125,10.945312,Far,valid_depth,conf1,1,,fallback_conf_ge_1,,Far,true,2026-07-02T11:42:37-04:00
Garage4_000456,Garage4,456,15.205851959064603,1,yolo,0.801069,403.465637,404.040527,448.877625,514.982483,414.818634,420.68182,437.524628,470.605701,110,112,117,126,10.144531,Far,valid_depth,conf1,2,,fallback_conf_ge_1,,Far,true,2026-07-02T11:42:37-04:00
Garage4_000456,Garage4,456,15.205851959064603,2,yolo,0.70072,628.291077,403.808411,664.708374,525.736572,637.395401,422.097635,655.60405,476.965308,169,112,175,128,,,not_valid_depth,none,,,no_valid_depth_in_inner_box,>6,>6,true,2026-07-02T11:42:37-04:00
Garage4_000474,Garage4,474,15.80608320911415,1,yolo,0.898367,368.702728,403.6539,423.003662,519.8927,382.277962,421.08972,409.428428,473.39718,101,112,110,127,10.058594,Far,valid_depth,conf1,4,,fallback_conf_ge_1,,Far,true,2026-07-02T11:42:37-04:00
Garage4_000474,Garage4,474,15.80608320911415,2,yolo,0.802689,599.566895,409.088654,649.238403,521.098511,611.984772,425.890133,636.820526,476.294568,163,113,170,128,,,not_valid_depth,none,,,no_valid_depth_in_inner_box,>6,>6,true,2026-07-02T11:42:37-04:00
Garage4_000498,Garage4,498,16.60639158403501,1,yolo,0.763998,573.342834,409.068878,616.02417,515.229126,584.013168,424.992915,605.353836,472.765027,155,113,162,127,15.816406,Far,valid_depth,conf1,2,,fallback_conf_ge_1,,Far,true,2026-07-02T11:42:37-04:00
Garage4_000498,Garage4,498,16.60639158403501,2,yolo,0.795589,334.97113,403.106049,370.186157,528.296509,343.774887,421.884618,361.3824,478.220325,91,112,97,128,,,not_valid_depth,none,,,no_valid_depth_in_inner_box,>6,>6,true,2026-07-02T11:42:37-04:00
Garage4_000516,Garage4,516,17.20662287506275,1,yolo,0.779323,542.452942,407.738403,584.353577,514.911682,552.928101,423.814395,573.878418,472.04237,147,113,154,126,,,not_valid_depth,none,,,no_valid_depth_in_inner_box,>6,>6,true,2026-07-02T11:42:37-04:00
Garage4_000516,Garage4,516,17.20662287506275,2,yolo,0.666423,285.090332,403.557983,315.82666,448.303406,292.774414,410.269796,308.142578,430.405237,78,109,83,115,,,not_valid_depth,none,,,no_valid_depth_in_inner_box,>6,>6,true,2026-07-02T11:42:37-04:00
Garage4_000534,Garage4,534,17.806854084134102,1,edited,0.764779,508.394409,403.551392,543.332825,514.941162,517.129013,420.259858,534.598221,470.385254,137,112,143,126,,,not_valid_depth,none,,,no_valid_depth_in_inner_box,>6,>6,true,2026-07-02T11:42:37-04:00
Garage4_000534,Garage4,534,17.806854084134102,2,yolo,0.592287,225.808456,401.535828,262.610352,446.821472,235.00893,408.328675,253.409878,428.707214,62,108,68,115,,,not_valid_depth,none,,,no_valid_depth_in_inner_box,>6,>6,true,2026-07-02T11:42:37-04:00
Garage4_000546,Garage4,546,18.20700841699727,1,yolo,0.803825,494.627686,405.306641,535.883179,514.591797,504.941559,421.699414,525.569306,470.877735,134,112,141,126,,,not_valid_depth,none,,,no_valid_depth_in_inner_box,>6,>6,true,2026-07-02T11:42:37-04:00
Garage4_000588,Garage4,588,19.60754816699773,1,yolo,0.764266,443.824097,405.593536,476.913635,524.451538,452.096481,423.422236,468.641251,476.908337,120,112,125,128,,,not_valid_depth,none,,,no_valid_depth_in_inner_box,>6,>6,true,2026-07-02T11:42:37-04:00
Garage4_000612,Garage4,612,20.407856750069186,1,yolo,0.817346,400.031708,405.19043,447.862701,526.993286,411.989456,423.460858,435.904953,478.272144,109,112,117,128,,,not_valid_depth,none,,,no_valid_depth_in_inner_box,>6,>6,true,2026-07-02T11:42:37-04:00
Garage4_000612,Garage4,612,20.407856750069186,2,yolo,0.610153,228.795639,402.450073,274.218506,448.410004,240.151356,409.344063,262.862789,430.026032,64,109,71,115,,,not_valid_depth,none,,,no_valid_depth_in_inner_box,>6,>6,true,2026-07-02T11:42:37-04:00
Garage4_000612,Garage4,612,20.407856750069186,3,added,,873.333332,418.333328,921.333332,472.333328,885.333332,426.433328,909.333332,450.733328,236,113,243,121,,,not_valid_depth,none,,,no_valid_depth_in_inner_box,3-6,3-6,true,2026-07-02T11:42:37-04:00
Garage4_000630,Garage4,630,21.00808829208836,1,yolo,0.87752,736.438354,406.369446,844.030273,638.16394,763.336334,441.13862,817.132293,545.446142,203,117,218,146,5.25,Close,valid_depth,conf1,189,,fallback_conf_ge_1,,Close,true,2026-07-02T11:42:37-04:00
Garage4_000630,Garage4,630,21.00808829208836,2,yolo,0.826714,401.136902,404.365631,446.270996,535.054077,412.420426,423.968898,434.987473,482.778699,109,113,116,129,9.273438,Far,valid_depth,conf1,20,,fallback_conf_ge_1,,Far,true,2026-07-02T11:42:37-04:00
Garage4_000630,Garage4,630,21.00808829208836,3,yolo,0.512199,269.806732,401.601471,326.494751,446.317474,283.978737,408.308871,312.322746,428.431073,75,108,84,115,,,not_valid_depth,none,,,no_valid_depth_in_inner_box,>6,>6,true,2026-07-02T11:42:37-04:00
Garage4_000642,Garage4,642,21.408242458943278,1,yolo,0.888708,655.784546,409.790527,789.177612,638.142761,689.132812,444.043362,755.829345,546.801867,183,118,202,146,5.21875,Close,valid_depth,conf2,319,143,conf_eq_2,,Close,true,2026-07-02T11:42:37-04:00
Garage4_000642,Garage4,642,21.408242458943278,2,yolo,0.843644,401.217407,405.431213,442.187805,543.345703,411.460006,426.118386,431.945206,488.179907,109,113,116,131,9.265625,Far,valid_depth,conf1,77,,fallback_conf_ge_1,,Far,true,2026-07-02T11:42:37-04:00
Garage4_000642,Garage4,642,21.408242458943278,3,yolo,0.279663,301.927734,405.03717,342.954346,448.609772,312.184387,411.57306,332.697693,431.180731,83,109,89,115,,,not_valid_depth,none,,,no_valid_depth_in_inner_box,>6,>6,true,2026-07-02T11:42:37-04:00
Garage4_000654,Garage4,654,21.808396792039275,1,yolo,0.908239,579.95874,404.203949,702.833313,641.99707,610.677383,439.872917,672.11467,546.879822,162,117,180,146,5.164062,Close,valid_depth,conf2,356,117,conf_eq_2,,Close,true,2026-07-02T11:42:37-04:00
Garage4_000654,Garage4,654,21.808396792039275,2,yolo,0.81369,400.328003,405.122589,447.145081,546.870361,412.032273,426.384755,435.440811,490.171252,109,113,117,131,8.96875,Far,valid_depth,conf1,82,,fallback_conf_ge_1,,Far,true,2026-07-02T11:42:37-04:00
Garage4_000654,Garage4,654,21.808396792039275,3,yolo,0.692939,328.359253,400.739319,363.845093,533.75293,337.230713,420.691361,354.973633,480.547486,89,112,95,129,,,not_valid_depth,none,,,no_valid_depth_in_inner_box,>6,>6,true,2026-07-02T11:42:37-04:00
Garage4_000666,Garage4,666,22.20855108415708,1,yolo,0.852377,535.76001,398.009583,600.124512,647.096008,551.851135,435.372547,584.033387,547.461438,147,116,156,146,5.089844,Close,valid_depth,conf2,245,196,conf_eq_2,,Close,true,2026-07-02T11:42:37-04:00
Garage4_000666,Garage4,666,22.20855108415708,2,yolo,0.879534,400.421722,403.790527,455.678192,551.128845,414.235839,425.891275,441.864075,492.193518,110,113,118,132,8.21875,Far,valid_depth,conf1,44,,fallback_conf_ge_1,,Far,true,2026-07-02T11:42:37-04:00
Garage4_000666,Garage4,666,22.20855108415708,3,yolo,0.796714,349.382629,403.273224,394.7276,538.92395,360.718872,423.620833,383.391357,484.66366,96,112,103,130,9.148438,Far,valid_depth,conf1,76,,fallback_conf_ge_1,,Far,true,2026-07-02T11:42:37-04:00
Garage4_000678,Garage4,678,22.60870537511073,1,yolo,0.880827,445.90036,402.006958,553.864868,651.845764,472.891487,439.482779,526.873741,551.910242,126,117,141,148,4.792969,Close,valid_depth,conf2,340,206,conf_eq_2,,Close,true,2026-07-02T11:42:37-04:00
Garage4_000678,Garage4,678,22.60870537511073,2,yolo,0.668163,406.620026,404.482971,449.31839,562.431458,417.294617,428.175244,438.643799,499.252063,111,114,117,134,7.623047,Far,valid_depth,conf1,6,,fallback_conf_ge_1,,Far,true,2026-07-02T11:42:37-04:00
Garage4_000678,Garage4,678,22.60870537511073,3,yolo,0.644756,368.631897,406.721924,414.486633,538.14679,380.095581,426.435654,403.022949,485.576844,101,113,108,130,8.324219,Far,valid_depth,conf1,2,,fallback_conf_ge_1,,Far,true,2026-07-02T11:42:37-04:00
Garage4_000690,Garage4,690,23.008859750116244,1,yolo,0.897642,347.040344,403.748291,487.04599,665.203125,382.041756,442.966516,452.044579,560.621191,101,118,121,150,4.738281,Close,valid_depth,conf2,384,180,conf_eq_2,,Close,true,2026-07-02T11:42:37-04:00
Garage4_000690,Garage4,690,23.008859750116244,2,yolo,0.569337,434.371399,401.328461,469.804138,478.379791,443.229584,412.886161,460.945953,447.559259,118,110,123,120,,,not_valid_depth,none,,,no_valid_depth_in_inner_box,>6,>6,true,2026-07-02T11:42:37-04:00
Garage4_000708,Garage4,708,23.609091209014878,1,yolo,0.89795,223.706635,406.068604,374.083191,674.613647,261.300774,446.35036,336.489052,567.19563,69,119,90,152,4.460938,Close,valid_depth,conf2,400,178,conf_eq_2,,Close,true,2026-07-02T11:42:37-04:00
Garage4_000708,Garage4,708,23.609091209014878,2,yolo,0.848975,391.71106,403.860352,450.689087,587.250916,406.455567,431.368937,435.94458,513.89469,108,115,117,138,6.96875,Far,valid_depth,conf2,192,21,conf_eq_2,,Far,true,2026-07-02T11:42:37-04:00
Garage4_000708,Garage4,708,23.609091209014878,3,yolo,0.834542,463.536621,402.647644,519.462708,552.308899,477.518143,425.096832,505.481186,492.444397,127,113,135,132,8.140625,Far,valid_depth,conf1,111,,fallback_conf_ge_1,,Far,true,2026-07-02T11:42:37-04:00
Garage4_000732,Garage4,732,24.40939991711639,1,yolo,0.895939,371.27359,400.640625,454.190369,608.515503,392.002785,431.821857,433.461174,525.365552,104,115,116,141,6.125,Far,valid_depth,conf2,272,131,conf_eq_2,,Far,true,2026-07-02T11:42:37-04:00
Garage4_000732,Garage4,732,24.40939991711639,2,yolo,0.860018,511.976196,407.128326,588.381531,575.55127,531.07753,432.391768,569.280197,508.182092,141,115,152,136,7.378906,Far,valid_depth,conf2,128,4,conf_eq_2,,Far,true,2026-07-02T11:42:37-04:00
Garage4_000744,Garage4,744,24.809554292121902,1,yolo,0.890632,361.034637,400.678284,437.355743,630.963257,380.114914,435.22103,418.275466,538.849268,101,116,112,144,5.691406,Close,valid_depth,conf2,295,205,conf_eq_2,,Close,true,2026-07-02T11:42:37-04:00
Garage4_000744,Garage4,744,24.809554292121902,2,yolo,0.874977,535.476685,399.192017,610.988647,583.052063,554.354675,426.771024,592.110657,509.508045,147,113,158,136,7.175781,Far,valid_depth,conf2,211,154,conf_eq_2,,Far,true,2026-07-02T11:42:37-04:00
Garage4_000756,Garage4,756,25.20970854209736,1,yolo,0.906914,338.467224,399.699738,441.481262,646.225464,364.220733,436.678597,415.727753,547.615174,97,116,111,147,5.273438,Close,valid_depth,conf2,382,140,conf_eq_2,,Close,true,2026-07-02T11:42:37-04:00
Garage4_000756,Garage4,756,25.20970854209736,2,yolo,0.853869,552.495605,399.898315,628.347412,596.496277,571.458557,429.388009,609.38446,517.857092,152,114,163,139,6.507812,Far,valid_depth,conf2,234,83,conf_eq_2,,Far,true,2026-07-02T11:42:37-04:00
Garage4_000774,Garage4,774,25.809940292034298,1,yolo,0.873803,329.932892,398.901245,425.306396,685.420593,353.776268,441.879147,401.46302,570.812854,94,117,108,153,4.59375,Close,valid_depth,conf2,471,364,conf_eq_2,,Close,true,2026-07-02T11:42:37-04:00
Garage4_000774,Garage4,774,25.809940292034298,2,yolo,0.918325,584.711975,397.409729,670.083801,624.116272,606.054932,431.41571,648.740844,533.433655,161,115,173,143,5.816406,Close,valid_depth,conf2,317,282,conf_eq_2,,Close,true,2026-07-02T11:42:37-04:00
Garage4_000786,Garage4,786,26.210094584152102,1,yolo,0.886128,288.090912,391.501282,422.73053,713.339905,321.750816,439.777075,389.070626,584.604456,85,117,104,156,4.160156,Close,valid_depth,conf2,628,308,conf_eq_2,,Close,true,2026-07-02T11:42:37-04:00
Garage4_000786,Garage4,786,26.210094584152102,2,yolo,0.863204,596.956299,401.52182,687.852783,647.109558,619.68042,438.359981,665.128662,548.874463,165,116,178,147,5.308594,Close,valid_depth,conf2,385,319,conf_eq_2,,Close,true,2026-07-02T11:42:37-04:00
Garage4_000798,Garage4,798,26.610248875105754,1,yolo,0.862979,279.700195,388.377869,403.605103,719.445007,310.676422,438.03794,372.628876,587.018152,82,116,100,157,3.738281,Close,valid_depth,conf2,559,12,conf_eq_2,,Close,true,2026-07-02T11:42:37-04:00
Garage4_000798,Garage4,798,26.610248875105754,2,yolo,0.920193,602.827637,397.206848,725.014282,678.481934,633.374298,439.398111,694.467621,565.9719,168,117,186,151,4.796875,Close,valid_depth,conf2,523,481,conf_eq_2,,Close,true,2026-07-02T11:42:37-04:00
Garage4_000810,Garage4,810,27.01040333416313,1,yolo,0.902109,236.651779,388.103577,366.12854,719.882812,269.020969,437.870462,333.75935,587.171118,71,116,90,157,3.265625,Close,valid_depth,conf2,714,505,conf_eq_2,,Close,true,2026-07-02T11:42:37-04:00
Garage4_000810,Garage4,810,27.01040333416313,2,yolo,0.909038,606.121338,393.5289,731.458618,706.981201,637.455658,440.546745,700.124298,581.600281,169,117,187,156,4.238281,Close,valid_depth,conf2,649,606,conf_eq_2,,Close,true,2026-07-02T11:42:37-04:00
Garage4_000828,Garage4,828,27.61063504195772,1,yolo,0.896172,140.940002,385.1586,313.389069,719.359985,184.052269,435.288808,270.276802,585.679431,49,116,73,157,2.800781,Very_Close,valid_depth,conf2,855,671,conf_eq_2,,Very_Close,true,2026-07-02T11:42:37-04:00
Garage4_000828,Garage4,828,27.61063504195772,2,yolo,0.929087,617.19165,388.312958,768.107178,719.645752,654.920532,438.012877,730.378296,587.112634,174,116,195,157,3.441406,Close,valid_depth,conf2,803,768,conf_eq_2,,Close,true,2026-07-02T11:42:37-04:00
Garage4_000840,Garage4,840,28.010789416963235,1,yolo,0.933243,629.045654,388.459167,820.682373,719.107178,676.954834,438.056369,772.773193,586.847974,180,116,207,157,2.878906,Very_Close,valid_depth,conf2,882,772,conf_eq_2,,Very_Close,true,2026-07-02T11:42:37-04:00
Garage4_000840,Garage4,840,28.010789416963235,2,yolo,0.890482,25.490959,381.123108,194.898438,719.404419,67.842829,431.865305,152.546568,584.091895,18,115,41,156,2.447266,Very_Close,valid_depth,conf1,442,,fallback_conf_ge_1,,Very_Close,true,2026-07-02T11:42:37-04:00
Garage4_000852,Garage4,852,28.410943916998804,1,yolo,0.949382,624.182373,375.523651,820.102905,719.99469,673.162506,427.194307,771.122772,582.206274,179,113,206,156,2.488281,Very_Close,valid_depth,conf2,992,906,conf_eq_2,,Very_Close,true,2026-07-02T11:42:37-04:00
Garage4_000852,Garage4,852,28.410943916998804,2,yolo,0.899165,0.276718,374.805206,88.123009,719.132446,22.238291,426.454292,66.161436,581.40155,5,113,18,156,3.042969,Close,valid_depth,conf2,293,36,conf_eq_2,,Close,true,2026-07-02T11:42:37-04:00
Garage4_000864,Garage4,864,28.811098375124857,1,yolo,0.9196,649.731934,357.927185,915.606628,720,716.200608,412.238107,849.137954,575.170874,190,109,227,154,1.964844,Very_Close,valid_depth,conf2,1307,687,conf_eq_2,,Very_Close,true,2026-07-02T11:42:37-04:00
Garage4_000882,Garage4,882,29.41133000003174,1,yolo,0.94412,661.093994,329.697266,959.190491,719.291138,735.618118,388.136347,884.666367,563.453589,196,103,236,151,1.19043,Very_Close,valid_depth,conf2,1356,125,conf_eq_2,,Very_Close,true,2026-07-02T11:42:37-04:00
Garage4_000894,Garage4,894,29.811484459089115,1,edited,0.922714,768.839641,578.895955,958,718.666667,816.129731,599.861562,910.70991,662.758382,217,159,243,177,,,not_valid_depth,none,,,no_valid_depth_in_inner_box,<3,<3,true,2026-07-02T11:42:37-04:00
Garage4_000948,Garage4,948,31.61217979202047,1,yolo,0.903158,482.037964,283.487366,936.561218,719.302734,595.668778,348.859671,822.930405,544.976587,158,93,220,146,0.629395,Very_Close,valid_depth,conf2,2050,1876,conf_eq_2,,Very_Close,true,2026-07-02T11:42:37-04:00
Garage4_000960,Garage4,960,32.01233416702598,1,yolo,0.943668,263.367554,341.032745,577.269409,719.436157,341.843018,397.793257,498.793945,568.074792,91,106,134,152,0.833008,Very_Close,valid_depth,conf2,1411,1202,conf_eq_2,,Very_Close,true,2026-07-02T11:42:37-04:00
Garage4_000960,Garage4,960,32.01233416702598,2,yolo,0.896798,0.197742,382.772522,102.937111,719.096069,25.882584,433.221054,77.252269,584.56665,6,115,21,156,2.884766,Very_Close,valid_depth,conf1,88,,fallback_conf_ge_1,,Very_Close,true,2026-07-02T11:42:37-04:00
Garage4_000972,Garage4,972,32.41248862515204,1,yolo,0.925544,3.09874,340.722656,382.276489,719.289429,97.893177,397.507672,287.482052,567.86272,26,106,77,152,1.061523,Very_Close,valid_depth,conf2,1977,1601,conf_eq_2,,Very_Close,true,2026-07-02T11:42:37-04:00
Garage4_000984,Garage4,984,32.81264316709712,1,edited,0.926255,0.457123,332.608124,89.541321,719.021118,22.728172,390.570073,67.270271,564.45592,6,104,18,151,1.09668,Very_Close,valid_depth,conf2,328,65,conf_eq_2,,Very_Close,true,2026-07-02T11:42:37-04:00
Garage4_000984,Garage4,984,32.81264316709712,2,yolo,0.900291,263.485931,393.616516,415.724304,719.644226,301.545524,442.520672,377.664711,589.233142,80,118,101,158,2.625,Very_Close,valid_depth,conf2,638,339,conf_eq_2,,Very_Close,true,2026-07-02T11:42:37-04:00
Garage4_001002,Garage4,1002,33.412874875124544,1,yolo,0.924027,0.453896,373.720917,196.493774,719.314453,49.463866,425.559947,147.483804,581.077039,13,113,40,155,1.594727,Very_Close,valid_depth,conf2,1062,730,conf_eq_2,,Very_Close,true,2026-07-02T11:42:37-04:00
Garage4_001002,Garage4,1002,33.412874875124544,2,yolo,0.93136,403.791595,395.25293,595.269043,719.819458,451.660957,443.937909,547.399681,589.992847,120,118,146,158,3.046875,Close,valid_depth,conf2,742,450,conf_eq_2,,Close,true,2026-07-02T11:42:37-04:00
Garage4_001002,Garage4,1002,33.412874875124544,3,yolo,0.683327,210.115631,397.444977,261.001923,638.753174,222.837204,433.641207,248.28035,542.229895,59,115,67,145,4.681641,Close,valid_depth,conf1,42,,fallback_conf_ge_1,,Close,true,2026-07-02T11:42:37-04:00
Garage4_001014,Garage4,1014,33.81302937516011,1,yolo,0.934064,6.00856,382.019806,244.953644,719.462219,65.744831,432.636168,185.217373,584.485254,17,115,50,156,1.985352,Very_Close,valid_depth,conf2,1308,1215,conf_eq_2,,Very_Close,true,2026-07-02T11:42:37-04:00
Garage4_001014,Garage4,1014,33.81302937516011,2,yolo,0.822543,528.284668,395.1633,665.649292,719.762573,562.625824,443.853191,631.308136,589.922864,150,118,169,158,3.371094,Close,valid_depth,conf2,462,274,conf_eq_2,,Close,true,2026-07-02T11:42:37-04:00
Garage4_001014,Garage4,1014,33.81302937516011,3,yolo,0.849455,233.240753,398.296967,343.614624,639.456543,260.834221,434.470903,316.021156,542.992713,69,115,85,145,,,not_valid_depth,none,,,no_valid_depth_in_inner_box,3-6,3-6,true,2026-07-02T11:42:37-04:00
Garage4_001026,Garage4,1026,34.21318379207514,1,yolo,0.933326,111.326111,374.610779,270.760742,719.238403,151.184769,426.304923,230.902084,581.387353,40,113,62,156,2.488281,Very_Close,valid_depth,conf2,917,871,conf_eq_2,,Very_Close,true,2026-07-02T11:42:37-04:00
Garage4_001026,Garage4,1026,34.21318379207514,2,yolo,0.924942,602.67688,393.069489,721.786133,719.905334,632.454193,442.094866,692.00882,589.170996,168,117,185,158,3.671875,Close,valid_depth,conf2,590,474,conf_eq_2,,Close,true,2026-07-02T11:42:37-04:00
Garage4_001026,Garage4,1026,34.21318379207514,3,yolo,0.851458,302.063354,396.855103,386.454102,639.03717,323.161041,433.182413,365.356415,542.164343,86,115,98,145,5.089844,Close,valid_depth,conf2,230,3,conf_eq_2,,Close,true,2026-07-02T11:42:37-04:00
Garage4_001044,Garage4,1044,34.81341558415443,1,yolo,0.932888,208.385712,381.391449,350.408539,719.36261,243.891419,432.087123,314.902832,584.174146,65,115,84,156,3.212891,Close,valid_depth,conf2,749,740,conf_eq_2,,Close,true,2026-07-02T11:42:37-04:00
Garage4_001044,Garage4,1044,34.81341558415443,2,yolo,0.873788,690.216248,396.276489,783.154053,693.547852,713.450699,440.867193,759.919602,574.639307,190,117,203,154,4.046875,Close,valid_depth,conf2,416,101,conf_eq_2,,Close,true,2026-07-02T11:42:37-04:00
Garage4_001044,Garage4,1044,34.81341558415443,3,yolo,0.891299,368.387939,395.894623,460.132416,624.231689,391.324058,430.145183,437.196297,532.896863,104,114,117,143,5.53125,Close,valid_depth,conf2,255,57,conf_eq_2,,Close,true,2026-07-02T11:42:37-04:00
Garage4_001056,Garage4,1056,35.21357004204765,1,yolo,0.906185,232.242188,389.940216,361.188416,719.525024,264.478745,439.377937,328.951859,587.691101,70,117,88,157,3.695312,Close,valid_depth,conf2,693,638,conf_eq_2,,Close,true,2026-07-02T11:42:37-04:00
Garage4_001056,Garage4,1056,35.21357004204765,2,yolo,0.864596,738.297119,400.798737,833.095703,678.427856,761.996765,442.443105,809.396057,567.376208,203,117,216,152,4.328125,Close,valid_depth,conf2,392,275,conf_eq_2,,Close,true,2026-07-02T11:42:37-04:00
Garage4_001056,Garage4,1056,35.21357004204765,3,yolo,0.883442,413.960815,397.060913,492.120117,620.75,433.500641,430.614276,472.580291,531.274365,115,114,127,142,5.691406,Close,valid_depth,conf2,248,143,conf_eq_2,,Close,true,2026-07-02T11:42:37-04:00
Garage4_001068,Garage4,1068,35.61372454208322,1,yolo,0.88292,251.609482,387.358063,359.345947,706.582886,278.543598,435.241786,332.411831,578.892957,74,116,89,155,4.167969,Close,valid_depth,conf2,569,562,conf_eq_2,,Close,true,2026-07-02T11:42:37-04:00
Garage4_001068,Garage4,1068,35.61372454208322,2,yolo,0.891131,760.19165,407.052338,876.619263,677.296021,789.298553,447.58889,847.51236,569.198548,210,119,227,152,7.246094,Far,valid_depth,conf1,15,,fallback_conf_ge_1,,Far,true,2026-07-02T11:42:37-04:00
Garage4_001068,Garage4,1068,35.61372454208322,3,yolo,0.897109,451.905487,396.643341,530.802002,616.49353,471.629616,429.620869,511.077873,528.553454,125,114,137,141,5.785156,Close,valid_depth,conf2,219,1,conf_eq_2,,Close,true,2026-07-02T11:42:37-04:00
Garage4_001086,Garage4,1086,36.21395645895973,1,yolo,0.896817,284.183167,395.466431,387.097595,660.394775,309.911774,435.205683,361.368988,554.423437,82,116,97,148,4.921875,Close,valid_depth,conf2,436,415,conf_eq_2,,Close,true,2026-07-02T11:42:37-04:00
Garage4_001086,Garage4,1086,36.21395645895973,2,yolo,0.865054,511.290253,400.479675,592.469849,605.170349,531.585152,431.183276,572.17495,523.294079,141,114,153,140,6.121094,Far,valid_depth,conf1,206,,fallback_conf_ge_1,,Far,true,2026-07-02T11:42:37-04:00
Garage4_001086,Garage4,1086,36.21395645895973,3,added,,857.333332,415.333328,938.333332,478.333328,877.583332,424.783328,918.083332,453.133328,234,113,245,121,,,not_valid_depth,none,,,no_valid_depth_in_inner_box,3-6,3-6,true,2026-07-02T11:42:37-04:00
Garage4_001128,Garage4,1128,37.61449712514877,1,yolo,0.892439,636.536011,402.772705,720.52356,589.615723,657.532898,430.799158,699.526673,514.878516,175,114,187,138,6.761719,Far,valid_depth,conf2,179,9,conf_eq_2,,Far,true,2026-07-02T11:42:37-04:00
Garage4_001128,Garage4,1128,37.61449712514877,2,yolo,0.890349,352.807159,402.349457,427.401764,597.432617,371.45581,431.611931,408.753113,519.399353,99,115,110,139,6.166016,Far,valid_depth,conf2,167,2,conf_eq_2,,Far,true,2026-07-02T11:42:37-04:00
Garage4_001242,Garage4,1242,41.41596420900896,2,edited,0.357959,817.949524,404.404449,880.675049,615.041382,833.630905,435.999989,864.993668,530.786609,222,116,231,142,,,not_valid_depth,none,,,no_valid_depth_in_inner_box,3-6,3-6,true,2026-07-02T11:42:37-04:00
Garage4_001242,Garage4,1242,41.41596420900896,3,edited,0.807035,757.160645,407.831238,806.08606,546.482727,769.391999,428.628961,793.854706,491.022131,205,114,212,131,,,not_valid_depth,none,,,no_valid_depth_in_inner_box,>6,>6,true,2026-07-02T11:42:37-04:00
Garage4_001242,Garage4,1242,41.41596420900896,4,yolo,0.802356,426.53949,402.774902,464.240051,513.934937,435.96463,419.448907,454.814911,469.470923,116,111,122,126,,,not_valid_depth,none,,,no_valid_depth_in_inner_box,>6,>6,true,2026-07-02T11:42:37-04:00
Garage4_001296,Garage4,1296,43.21665891702287,1,yolo,0.893855,679.988403,397.136627,800.873901,687.529175,710.209777,440.695509,770.652527,571.372156,189,117,206,153,4.433594,Close,valid_depth,conf2,526,52,conf_eq_2,,Close,true,2026-07-02T11:42:37-04:00
Garage4_001296,Garage4,1296,43.21665891702287,2,yolo,0.760936,630.61377,409.317352,678.08606,539.463989,642.481843,428.839348,666.217987,487.405334,171,114,178,130,,,not_valid_depth,none,,,no_valid_depth_in_inner_box,>6,>6,true,2026-07-02T11:42:37-04:00
Garage4_001296,Garage4,1296,43.21665891702287,3,yolo,0.734969,544.710144,405.866638,571.561035,511.371735,551.422867,421.692403,564.848312,469.169696,147,112,151,126,,,not_valid_depth,none,,,no_valid_depth_in_inner_box,>6,>6,true,2026-07-02T11:42:37-04:00
Garage4_001308,Garage4,1308,43.6168133339379,1,yolo,0.874189,673.50647,394.829041,801.974854,710.579712,705.623566,442.191642,769.857758,584.279444,188,117,206,156,3.9375,Close,valid_depth,conf2,630,149,conf_eq_2,,Close,true,2026-07-02T11:42:37-04:00
Garage4_001308,Garage4,1308,43.6168133339379,2,yolo,0.723493,559.439026,407.625366,614.153687,513.719238,573.117691,423.539447,600.475022,471.281689,152,112,161,126,9.785156,Far,valid_depth,conf1,6,,fallback_conf_ge_1,,Far,true,2026-07-02T11:42:37-04:00
Garage4_001308,Garage4,1308,43.6168133339379,3,yolo,0.803598,608.745483,407.840057,644.94873,541.046753,617.796295,427.821061,635.897918,487.764075,164,114,170,131,,,not_valid_depth,none,,,no_valid_depth_in_inner_box,>6,>6,true,2026-07-02T11:42:37-04:00
Garage4_001326,Garage4,1326,44.217044834047556,1,yolo,0.932837,675.778809,388.021454,825.192993,719.490112,713.132355,437.741753,787.839447,586.902649,190,116,211,157,3.203125,Close,valid_depth,conf2,765,594,conf_eq_2,,Close,true,2026-07-02T11:42:37-04:00
Garage4_001326,Garage4,1326,44.217044834047556,2,yolo,0.808409,561.019592,404.444916,603.964783,537.544678,571.75589,424.40988,593.228485,484.304773,152,113,159,130,,,not_valid_depth,none,,,no_valid_depth_in_inner_box,>6,>6,true,2026-07-02T11:42:37-04:00
Garage4_001326,Garage4,1326,44.217044834047556,3,yolo,0.75559,611.111877,405.417755,649.364441,516.997314,620.675018,422.154689,639.8013,472.36549,165,112,171,126,,,not_valid_depth,none,,,no_valid_depth_in_inner_box,>6,>6,true,2026-07-02T11:42:37-04:00
Garage4_001338,Garage4,1338,44.61719920905307,1,yolo,0.887128,701.130432,387.972382,881.526489,718.496094,746.229446,437.550939,836.427475,586.286609,198,116,224,157,2.642578,Very_Close,valid_depth,conf2,890,253,conf_eq_2,,Very_Close,true,2026-07-02T11:42:37-04:00
Garage4_001338,Garage4,1338,44.61719920905307,2,yolo,0.85875,632.130493,408.823914,691.291992,523.736511,646.920868,426.060804,676.501617,477.771472,172,113,181,128,10.367188,Far,valid_depth,conf1,1,,fallback_conf_ge_1,,Far,true,2026-07-02T11:42:37-04:00
Garage4_001338,Garage4,1338,44.61719920905307,3,yolo,0.746771,535.453735,405.294067,581.21875,538.840576,546.894989,425.326043,569.777496,485.421972,145,113,152,130,,,not_valid_depth,none,,,no_valid_depth_in_inner_box,>6,>6,true,2026-07-02T11:42:37-04:00
Garage4_001350,Garage4,1350,45.017353625036776,1,yolo,0.930198,739.296143,389.452087,957.244507,719.39801,793.783234,438.943975,902.757416,587.419641,211,117,241,157,2.054688,Very_Close,valid_depth,conf2,976,536,conf_eq_2,,Very_Close,true,2026-07-02T11:42:37-04:00
Garage4_001350,Garage4,1350,45.017353625036776,2,yolo,0.868251,494.761139,406.170044,561.291016,539.274902,511.393608,426.135773,544.658547,486.032959,136,113,146,130,9.328125,Far,valid_depth,conf1,21,,fallback_conf_ge_1,,Far,true,2026-07-02T11:42:37-04:00
Garage4_001350,Garage4,1350,45.017353625036776,3,yolo,0.781605,663.435242,406.246307,708.886047,525.552734,674.797943,424.142271,697.523346,477.830163,179,113,187,128,10.226562,Far,valid_depth,conf1,38,,fallback_conf_ge_1,,Far,true,2026-07-02T11:42:37-04:00
Garage4_001362,Garage4,1362,45.417507959064096,1,yolo,0.915385,817.177185,378.161591,959.83429,718.890503,852.841461,429.270928,924.170014,582.598938,227,114,247,156,1.638672,Very_Close,valid_depth,conf1,7,,fallback_conf_ge_1,,Very_Close,true,2026-07-02T11:42:37-04:00
Garage4_001362,Garage4,1362,45.417507959064096,2,yolo,0.79537,466.338501,404.332581,528.019226,541.38446,481.758682,424.890363,512.599045,486.563708,128,113,137,130,,,not_valid_depth,none,,,no_valid_depth_in_inner_box,>6,>6,true,2026-07-02T11:42:37-04:00
Garage4_001362,Garage4,1362,45.417507959064096,3,yolo,0.794594,697.011475,407.088989,740.772766,534.851013,707.951798,426.253293,729.832443,483.746203,188,113,195,129,,,not_valid_depth,none,,,no_valid_depth_in_inner_box,>6,>6,true,2026-07-02T11:42:37-04:00
Garage4_001386,Garage4,1386,46.21781679196283,1,edited,0.888279,749.030151,412.958679,785.704041,545.985352,758.198624,432.91268,776.535568,492.774683,202,115,208,132,8.757812,Far,valid_depth,conf1,1,,fallback_conf_ge_1,,Far,true,2026-07-02T11:42:37-04:00
Garage4_001386,Garage4,1386,46.21781679196283,2,yolo,0.835213,431.847015,406.503113,487.130585,550.207764,445.667908,428.058811,473.309692,492.725904,118,114,127,132,8.601562,Far,valid_depth,conf1,20,,fallback_conf_ge_1,,Far,true,2026-07-02T11:42:37-04:00
Garage4_001428,Garage4,1428,47.61835708399303,1,yolo,0.851113,385.066864,405.310089,446.949005,572.590698,400.537399,430.40218,431.47847,505.678454,106,114,116,135,7.527344,Far,valid_depth,conf2,171,35,conf_eq_2,,Far,true,2026-07-02T11:42:37-04:00
Garage4_001428,Garage4,1428,47.61835708399303,2,yolo,0.863106,729.996643,409.452942,791.967957,574.49469,745.489471,434.209204,776.475128,508.477991,198,115,208,136,7.054688,Far,valid_depth,conf1,93,,fallback_conf_ge_1,,Far,true,2026-07-02T11:42:37-04:00
Garage4_001500,Garage4,1500,50.01928341714665,1,yolo,0.887849,319.774719,398.694672,421.853668,660.229004,345.294456,437.924822,396.333931,555.615271,92,116,106,149,5.078125,Close,valid_depth,conf2,426,346,conf_eq_2,,Close,true,2026-07-02T11:42:37-04:00
Garage4_001500,Garage4,1500,50.01928341714665,2,yolo,0.888995,508.552734,401.936584,604.135376,613.370667,532.448394,433.651696,580.239715,528.797034,141,115,155,142,5.949219,Close,valid_depth,conf2,262,197,conf_eq_2,,Close,true,2026-07-02T11:42:37-04:00
Garage4_001512,Garage4,1512,50.419437792152166,1,yolo,0.871255,312.946655,394.954559,414.309692,673.28186,338.287414,436.703654,388.968933,561.95094,90,116,104,150,4.585938,Close,valid_depth,conf2,452,350,conf_eq_2,,Close,true,2026-07-02T11:42:37-04:00
Garage4_001512,Garage4,1512,50.419437792152166,2,yolo,0.64878,895.485168,392.714417,959.819641,719.314514,911.568786,441.704432,943.736023,588.674475,243,117,252,157,,,not_valid_depth,none,,,no_valid_depth_in_inner_box,<3,<3,true,2026-07-02T11:42:37-04:00
Garage4_001512,Garage4,1512,50.419437792152166,3,yolo,0.898478,470.13501,395.60202,559.772644,626.233765,492.544419,430.196782,537.363235,533.981067,131,114,144,143,5.71875,Close,valid_depth,conf2,275,232,conf_eq_2,,Close,true,2026-07-02T11:42:37-04:00
Garage4_001530,Garage4,1530,51.01966937514953,1,yolo,0.931181,719.120667,395.749786,935.522095,719.435547,773.221024,444.30265,881.421738,589.961243,206,118,236,158,2.619141,Very_Close,valid_depth,conf2,819,643,conf_eq_2,,Very_Close,true,2026-07-02T11:42:37-04:00
Garage4_001530,Garage4,1530,51.01966937514953,2,yolo,0.857662,265.865173,389.308136,398.299744,718.459473,298.973816,438.680837,365.191101,586.798938,79,116,98,157,4.011719,Close,valid_depth,conf2,675,7,conf_eq_2,,Close,true,2026-07-02T11:42:37-04:00
Garage4_001530,Garage4,1530,51.01966937514953,3,yolo,0.869773,428.821014,393.56604,515.174316,646.831665,450.409339,431.555884,493.58599,545.525415,120,115,132,146,5.117188,Close,valid_depth,conf2,355,290,conf_eq_2,,Close,true,2026-07-02T11:42:37-04:00
Garage4_001542,Garage4,1542,51.41982383397408,1,yolo,0.909678,251.811401,390.915619,389.675629,719.60083,286.277458,440.218401,355.209572,588.126746,76,117,95,157,3.517578,Close,valid_depth,conf2,704,309,conf_eq_2,,Close,true,2026-07-02T11:42:37-04:00
Garage4_001542,Garage4,1542,51.41982383397408,2,yolo,0.90251,699.991333,393.539795,828.279968,719.627563,732.063492,442.45296,796.207809,589.192456,195,117,213,158,3.167969,Close,valid_depth,conf2,670,530,conf_eq_2,,Close,true,2026-07-02T11:42:37-04:00
Garage4_001542,Garage4,1542,51.41982383397408,3,yolo,0.889922,383.672699,394.365051,480.511322,671.350342,407.882355,435.912845,456.301666,560.556226,108,116,122,150,4.689453,Close,valid_depth,conf2,448,406,conf_eq_2,,Close,true,2026-07-02T11:42:37-04:00
Garage4_001560,Garage4,1560,52.02005529194139,1,yolo,0.913756,166.558136,382.637604,340.570312,719.673706,210.06118,433.193019,297.067268,584.859265,56,115,80,156,2.880859,Very_Close,valid_depth,conf2,780,261,conf_eq_2,,Very_Close,true,2026-07-02T11:42:37-04:00
Garage4_001560,Garage4,1560,52.02005529194139,2,yolo,0.900874,636.771729,403.87619,771.417725,718.218262,670.433228,451.027501,737.756226,592.481433,178,120,197,158,3.988281,Close,valid_depth,conf2,608,437,conf_eq_2,,Close,true,2026-07-02T11:42:37-04:00
Garage4_001560,Garage4,1560,52.02005529194139,3,yolo,0.912245,326.475891,392.988281,434.516846,713.395569,353.48613,441.049374,407.506607,585.232654,94,117,109,157,4.113281,Close,valid_depth,conf2,573,437,conf_eq_2,,Close,true,2026-07-02T11:42:37-04:00
Garage4_001572,Garage4,1572,52.4202096669469,1,yolo,0.921662,97.83989,381.35556,305.523804,719.6521,149.760868,432.100041,253.602825,584.333484,39,115,68,156,2.541016,Very_Close,valid_depth,conf2,1094,846,conf_eq_2,,Very_Close,true,2026-07-02T11:42:37-04:00
Garage4_001572,Garage4,1572,52.4202096669469,2,yolo,0.894014,274.908752,395.657532,399.970703,719.235413,306.17424,444.194214,368.705215,589.804261,81,118,99,158,3.681641,Close,valid_depth,conf2,576,364,conf_eq_2,,Close,true,2026-07-02T11:42:37-04:00
Garage4_001572,Garage4,1572,52.4202096669469,3,yolo,0.853235,626.785767,398.444275,721.068481,671.102783,650.356445,439.343051,697.497803,562.03938,173,117,186,150,4.609375,Close,valid_depth,conf2,405,359,conf_eq_2,,Close,true,2026-07-02T11:42:37-04:00
Garage4_001584,Garage4,1584,52.82036416698247,1,yolo,0.899407,29.975693,374.273254,195.473633,719.446777,71.350178,426.049282,154.099148,581.377368,19,113,42,156,2.167969,Very_Close,valid_depth,conf2,889,540,conf_eq_2,,Very_Close,true,2026-07-02T11:42:37-04:00
Garage4_001584,Garage4,1584,52.82036416698247,2,yolo,0.9217,213.446457,387.202698,366.798065,719.334961,251.784359,437.022537,328.460163,586.482056,67,116,88,157,3.296875,Close,valid_depth,conf2,795,763,conf_eq_2,,Close,true,2026-07-02T11:42:37-04:00
Garage4_001584,Garage4,1584,52.82036416698247,3,yolo,0.893814,601.219116,401.205505,688.997925,640.513,623.163818,437.101629,667.053223,544.790002,166,116,178,146,5.199219,Close,valid_depth,conf2,350,249,conf_eq_2,,Close,true,2026-07-02T11:42:37-04:00
Garage4_001596,Garage4,1596,53.220518541987985,1,yolo,0.928914,171.072006,384.256622,353.098145,719.516113,216.578541,434.545546,307.59161,585.412317,57,115,83,157,2.791016,Very_Close,valid_depth,conf2,952,858,conf_eq_2,,Very_Close,true,2026-07-02T11:42:37-04:00
Garage4_001596,Garage4,1596,53.220518541987985,2,yolo,0.870092,0.228395,373.719299,65.307037,719.255554,16.498055,425.549737,49.037376,581.041052,4,113,14,155,3.03125,Close,valid_depth,conf2,90,25,conf_eq_2,,Close,true,2026-07-02T11:42:37-04:00
Garage4_001596,Garage4,1596,53.220518541987985,3,yolo,0.880986,590.487915,405.095825,671.142944,627.486816,610.651672,438.454474,650.979187,538.53042,162,116,174,144,5.667969,Close,valid_depth,conf2,321,244,conf_eq_2,,Close,true,2026-07-02T11:42:37-04:00
Garage4_001614,Garage4,1614,53.820750209037215,1,yolo,0.936382,58.302681,371.809998,302.09787,719.309204,119.251478,423.934879,241.149073,580.309522,31,113,65,155,2.105469,Very_Close,valid_depth,conf2,1273,1015,conf_eq_2,,Very_Close,true,2026-07-02T11:42:37-04:00
Garage4_001614,Garage4,1614,53.820750209037215,2,yolo,0.888021,573.84436,405.223022,643.232605,591.055664,591.191421,433.097918,625.885544,516.722607,157,115,167,138,6.457031,Far,valid_depth,conf2,153,5,conf_eq_2,,Far,true,2026-07-02T11:42:37-04:00
Garage4_001626,Garage4,1626,54.22090454213321,1,yolo,0.934746,0.183884,367.227295,302.439758,719.22406,75.747853,420.02681,226.87579,578.425354,20,112,61,155,1.673828,Very_Close,valid_depth,conf2,1562,1205,conf_eq_2,,Very_Close,true,2026-07-02T11:42:37-04:00
Garage4_001626,Garage4,1626,54.22090454213321,2,yolo,0.864346,569.971191,406.249207,636.645142,582.197998,586.639679,432.641526,619.976654,511.818482,156,115,166,137,6.871094,Far,valid_depth,conf1,72,,fallback_conf_ge_1,,Far,true,2026-07-02T11:42:37-04:00
Garage4_001638,Garage4,1638,54.62105912505649,1,yolo,0.935113,6.53421,352.958435,365.403381,719.502747,96.251503,407.940082,275.686088,572.885022,25,108,74,153,1.328125,Very_Close,valid_depth,conf2,2128,1745,conf_eq_2,,Very_Close,true,2026-07-02T11:42:37-04:00
Garage4_001638,Garage4,1638,54.62105912505649,2,yolo,0.868742,563.850769,405.379303,623.435913,571.252075,578.747055,430.260219,608.539627,504.902966,154,114,163,135,,,not_valid_depth,none,,,no_valid_depth_in_inner_box,>6,>6,true,2026-07-02T11:42:37-04:00
Garage4_001650,Garage4,1650,55.02121354197152,1,yolo,0.918101,232.868088,360.263916,532.999939,718.75,307.901051,414.036829,457.966976,575.355566,82,110,123,154,1.02832,Very_Close,valid_depth,conf2,1169,867,conf_eq_2,,Very_Close,true,2026-07-02T11:42:37-04:00
Garage4_001650,Garage4,1650,55.02121354197152,2,yolo,0.836249,556.804138,407.11441,615.382324,557.237305,571.448685,429.632844,600.737777,497.188147,152,114,161,133,8.171875,Far,valid_depth,conf1,38,,fallback_conf_ge_1,,Far,true,2026-07-02T11:42:37-04:00
Garage4_001662,Garage4,1662,55.42136787506752,1,yolo,0.935922,433.835815,378.953186,770.042175,719.209595,517.887405,429.991647,685.990585,583.107031,138,114,183,156,1.070312,Very_Close,valid_depth,conf2,1357,1105,conf_eq_2,,Very_Close,true,2026-07-02T11:42:37-04:00
Garage4_001674,Garage4,1674,55.82152229198255,1,yolo,0.937492,557.557251,357.076965,941.234985,719.333374,653.476684,411.415426,845.315552,574.43081,174,109,226,154,1.302246,Very_Close,valid_depth,conf2,1592,1108,conf_eq_2,,Very_Close,true,2026-07-02T11:42:37-04:00
Garage4_001674,Garage4,1674,55.82152229198255,2,yolo,0.773596,546.016724,410.366821,590.542847,538.21875,557.148255,429.54461,579.411316,487.077978,148,114,155,130,9.382812,Far,valid_depth,conf1,67,,fallback_conf_ge_1,,Far,true,2026-07-02T11:42:37-04:00
Garage4_001686,Garage4,1686,56.2216767501086,1,yolo,0.938986,647.951355,378.561676,959.886841,719.351685,725.935226,429.680177,881.90297,583.035681,193,114,236,156,1.696289,Very_Close,valid_depth,conf2,1328,506,conf_eq_2,,Very_Close,true,2026-07-02T11:42:37-04:00
Garage4_001686,Garage4,1686,56.2216767501086,2,yolo,0.79856,0.187969,374.814514,56.989143,717.60498,14.388262,426.233084,42.788849,580.488794,3,113,12,155,2.974609,Very_Close,valid_depth,conf1,85,,fallback_conf_ge_1,,Very_Close,true,2026-07-02T11:42:37-04:00
Garage4_001686,Garage4,1686,56.2216767501086,3,yolo,0.812314,538.560303,409.257202,585.547974,534.480591,550.307221,428.04071,573.801056,484.391235,146,114,154,130,,,not_valid_depth,none,,,no_valid_depth_in_inner_box,>6,>6,true,2026-07-02T11:42:37-04:00
Garage4_001698,Garage4,1698,56.62183116702363,1,yolo,0.939045,706.358887,385.459167,955.960571,719.241577,768.759308,435.526528,893.56015,585.728613,205,116,239,157,2.070312,Very_Close,valid_depth,conf1,1092,,fallback_conf_ge_1,,Very_Close,true,2026-07-02T11:42:37-04:00
Garage4_001698,Garage4,1698,56.62183116702363,2,yolo,0.90172,23.928892,378.891113,205.130615,719.380981,69.229323,429.964593,159.830184,583.185034,18,114,43,156,3.207031,Close,valid_depth,conf2,684,9,conf_eq_2,,Close,true,2026-07-02T11:42:37-04:00
Garage4_001698,Garage4,1698,56.62183116702363,3,yolo,0.734713,531.816711,407.927582,566.844849,523.838623,540.573746,425.314238,558.087814,477.474207,144,113,149,128,,,not_valid_depth,none,,,no_valid_depth_in_inner_box,>6,>6,true,2026-07-02T11:42:37-04:00
Garage4_001710,Garage4,1710,57.02198562514968,1,yolo,0.936853,713.820801,384.223206,944.270386,719.439453,771.433197,434.505643,886.65799,585.352954,205,115,237,157,2.513672,Very_Close,valid_depth,conf2,1128,205,conf_eq_2,,Very_Close,true,2026-07-02T11:42:37-04:00
Garage4_001710,Garage4,1710,57.02198562514968,2,yolo,0.91784,120.012062,378.817444,326.896149,719.391418,171.733084,429.90354,275.175127,583.161828,45,114,74,156,2.390625,Very_Close,valid_depth,conf2,1009,862,conf_eq_2,,Very_Close,true,2026-07-02T11:42:37-04:00
Garage4_001710,Garage4,1710,57.02198562514968,3,yolo,0.709825,518.183167,405.810669,552.864807,517.625488,526.853577,422.582892,544.194397,472.89956,140,112,146,127,,,not_valid_depth,none,,,no_valid_depth_in_inner_box,>6,>6,true,2026-07-02T11:42:37-04:00
Garage4_001728,Garage4,1728,57.62221737508662,1,yolo,0.907943,737.801697,385.725891,892.757812,719.639038,776.540726,435.812863,854.018783,586.073779,207,116,228,157,3.035156,Close,valid_depth,conf1,764,,fallback_conf_ge_1,,Close,true,2026-07-02T11:42:37-04:00
Garage4_001728,Garage4,1728,57.62221737508662,2,yolo,0.896408,270.093842,382.859955,394.929016,719.371582,301.302636,433.336699,363.720222,584.766931,80,115,97,156,2.873047,Very_Close,valid_depth,conf2,639,524,conf_eq_2,,Very_Close,true,2026-07-02T11:42:37-04:00
Garage4_001728,Garage4,1728,57.62221737508662,3,yolo,0.482112,501.948669,404.150024,531.877808,509.824219,509.430954,420.001153,524.395523,467.554541,135,112,140,125,,,not_valid_depth,none,,,no_valid_depth_in_inner_box,>6,>6,true,2026-07-02T11:42:37-04:00
Garage4_001740,Garage4,1740,58.022371750092134,1,yolo,0.907228,725.339417,391.827942,859.439575,719.682129,758.864456,441.00607,825.914536,588.540454,202,117,221,157,3.503906,Close,valid_depth,conf1,441,,fallback_conf_ge_1,,Close,true,2026-07-02T11:42:37-04:00
Garage4_001740,Garage4,1740,58.022371750092134,2,yolo,0.909676,345.591125,383.230743,469.085144,719.382385,376.46463,433.653489,438.211639,584.921728,100,115,117,156,3.166016,Close,valid_depth,conf2,654,552,conf_eq_2,,Close,true,2026-07-02T11:42:37-04:00
Garage4_001740,Garage4,1740,58.022371750092134,3,yolo,0.607615,487.532776,404.90799,519.212402,505.216644,495.452683,419.954288,511.292495,465.093182,132,111,137,125,,,not_valid_depth,none,,,no_valid_depth_in_inner_box,>6,>6,true,2026-07-02T11:42:37-04:00
Garage4_001752,Garage4,1752,58.4225262501277,1,yolo,0.917345,371.542633,389.190033,513.639221,719.55896,407.06678,438.745372,478.115074,587.411389,108,116,128,157,3.482422,Close,valid_depth,conf2,673,429,conf_eq_2,,Close,true,2026-07-02T11:42:37-04:00
Garage4_001752,Garage4,1752,58.4225262501277,2,yolo,0.916134,698.765869,398.60321,816.641724,719.407959,728.234833,446.723922,787.17276,591.086059,194,119,210,158,3.976562,Close,valid_depth,conf2,521,356,conf_eq_2,,Close,true,2026-07-02T11:42:37-04:00
Garage4_001764,Garage4,1764,58.822680625133216,1,yolo,0.895913,438.75647,390.216431,557.588318,719.944458,468.464432,439.675635,527.880356,588.053247,124,117,141,157,3.849609,Close,valid_depth,conf2,615,469,conf_eq_2,,Close,true,2026-07-02T11:42:37-04:00
Garage4_001764,Garage4,1764,58.822680625133216,2,yolo,0.870291,705.973022,393.766968,791.439514,673.763245,727.339645,435.76641,770.072891,561.764734,193,116,206,150,4.519531,Close,valid_depth,conf2,432,337,conf_eq_2,,Close,true,2026-07-02T11:42:37-04:00
Garage4_001776,Garage4,1776,59.222835124935955,1,yolo,0.885903,479.50415,395.24292,587.598816,700.098877,506.527816,440.971314,560.57515,578.156494,135,117,150,155,4.175781,Close,valid_depth,conf2,533,410,conf_eq_2,,Close,true,2026-07-02T11:42:37-04:00
Garage4_001776,Garage4,1776,59.222835124935955,2,yolo,0.864229,681.296021,397.76239,772.942505,655.304932,704.207642,436.393771,750.030884,552.287915,187,116,201,148,4.960938,Close,valid_depth,conf2,424,379,conf_eq_2,,Close,true,2026-07-02T11:42:37-04:00
Garage4_001776,Garage4,1776,59.222835124935955,3,yolo,0.779899,439.700958,406.997498,468.101532,497.025421,446.801102,420.501686,461.001389,461.014252,119,112,123,123,,,not_valid_depth,none,,,no_valid_depth_in_inner_box,>6,>6,true,2026-07-02T11:42:37-04:00
Garage4_001788,Garage4,1788,59.62298966711387,1,yolo,0.879754,509.326447,396.600952,603.259521,681.283081,532.809715,439.303271,579.776252,567.410229,142,117,155,152,4.507812,Close,valid_depth,conf2,426,321,conf_eq_2,,Close,true,2026-07-02T11:42:37-04:00
Garage4_001788,Garage4,1788,59.62298966711387,2,yolo,0.886771,665.340576,404.784485,776.246216,643.441528,693.066986,440.583041,748.519806,547.978711,184,117,200,147,4.867188,Close,valid_depth,conf1,368,,fallback_conf_ge_1,,Close,true,2026-07-02T11:42:37-04:00
Garage4_001788,Garage4,1788,59.62298966711387,3,yolo,0.264194,427.268829,411.750366,452.637726,497.511108,433.611053,424.614477,446.295502,463.206811,115,113,120,124,,,not_valid_depth,none,,,no_valid_depth_in_inner_box,>6,>6,true,2026-07-02T11:42:37-04:00
Garage4_001800,Garage4,1800,60.023144042119384,1,yolo,0.892161,537.023987,396.105011,622.663086,660.303711,558.433762,435.734816,601.253311,554.624231,148,116,161,148,4.90625,Close,valid_depth,conf2,351,229,conf_eq_2,,Close,true,2026-07-02T11:42:37-04:00
Garage4_001800,Garage4,1800,60.023144042119384,2,yolo,0.880594,689.414368,399.541931,761.41925,619.329041,707.415589,432.509997,743.418029,531.414197,188,115,199,142,5.882812,Close,valid_depth,conf2,286,260,conf_eq_2,,Close,true,2026-07-02T11:42:37-04:00
Garage4_001812,Garage4,1812,60.42329858406447,1,yolo,0.87489,547.508057,393.32547,639.049927,648.115112,570.393525,431.543916,616.16446,546.199255,152,115,165,146,5.15625,Close,valid_depth,conf2,365,273,conf_eq_2,,Close,true,2026-07-02T11:42:37-04:00
Garage4_001812,Garage4,1812,60.42329858406447,2,yolo,0.877547,679.774902,401.549652,751.86377,601.22876,697.797119,431.501518,733.841553,521.357117,186,115,196,140,5.808594,Close,valid_depth,conf1,201,,fallback_conf_ge_1,,Close,true,2026-07-02T11:42:37-04:00
Garage4_001824,Garage4,1824,60.82345304195769,1,yolo,0.904687,560.984009,393.52121,649.492371,625.017822,583.1111,428.245702,627.365281,532.419177,155,114,168,142,5.542969,Close,valid_depth,conf2,301,245,conf_eq_2,,Close,true,2026-07-02T11:42:37-04:00
Garage4_001824,Garage4,1824,60.82345304195769,2,yolo,0.89557,667.459534,407.099945,753.299683,597.241455,688.919571,435.621172,731.839646,521.184851,183,116,196,139,6.054688,Far,valid_depth,conf1,88,,fallback_conf_ge_1,,Far,true,2026-07-02T11:42:37-04:00
Garage4_001842,Garage4,1842,61.423684834036976,1,yolo,0.876784,587.39679,399.190704,660.057983,610.34668,605.562088,430.8641,641.892685,525.88429,161,114,172,141,6.160156,Far,valid_depth,conf2,246,192,conf_eq_2,,Far,true,2026-07-02T11:42:37-04:00
Garage4_001842,Garage4,1842,61.423684834036976,2,yolo,0.840238,672.663574,406.926544,732.129272,578.300354,687.529999,432.632615,717.262848,509.75083,183,115,192,136,7.125,Far,valid_depth,conf1,131,,fallback_conf_ge_1,,Far,true,2026-07-02T11:42:37-04:00
Garage4_001842,Garage4,1842,61.423684834036976,3,added,,349.333332,402.333328,369.333332,484.333328,354.333332,414.633328,364.333332,451.533328,94,110,98,121,,,not_valid_depth,none,,,no_valid_depth_in_inner_box,>6,>6,true,2026-07-02T11:42:37-04:00
Garage4_001854,Garage4,1854,61.82383929216303,1,yolo,0.804543,598.002441,402.883667,660.552124,597.608887,613.639862,432.09245,644.914703,519.718799,163,115,172,139,6.5,Far,valid_depth,conf2,192,147,conf_eq_2,,Far,true,2026-07-02T11:42:37-04:00
Garage4_001854,Garage4,1854,61.82383929216303,2,yolo,0.827016,653.529968,405.650085,718.830688,566.717346,669.855148,429.810174,702.505508,502.290442,178,114,188,134,7.722656,Far,valid_depth,conf1,134,,fallback_conf_ge_1,,Far,true,2026-07-02T11:42:37-04:00
Garage4_001854,Garage4,1854,61.82383929216303,3,added,,329.333332,402.333328,355.333332,455.333328,335.833332,410.283328,348.833332,434.133328,89,109,94,116,,,not_valid_depth,none,,,no_valid_depth_in_inner_box,>6,>6,true,2026-07-02T11:42:37-04:00
Garage4_001866,Garage4,1866,62.223993834108114,1,yolo,0.637897,613.563721,409.823059,677.224365,590.808167,629.478882,436.970825,661.309204,518.414124,167,116,177,139,6.851562,Far,valid_depth,conf2,192,23,conf_eq_2,,Far,true,2026-07-02T11:42:37-04:00
Garage4_001866,Garage4,1866,62.223993834108114,2,yolo,0.591031,651.547852,405.91507,685.375854,556.877686,660.004852,428.559462,676.918854,496.49264,176,114,181,133,6.984375,Far,valid_depth,conf1,1,,fallback_conf_ge_1,,Far,true,2026-07-02T11:42:37-04:00
Garage4_001866,Garage4,1866,62.223993834108114,3,yolo,0.291387,305.723236,407.340454,327.14035,436.6474,311.077515,411.736496,321.786071,424.924622,82,109,86,114,,,not_valid_depth,none,,,no_valid_depth_in_inner_box,>6,>6,true,2026-07-02T11:42:37-04:00
Garage4_001878,Garage4,1878,62.62414825009182,1,yolo,0.737229,624.523926,408.531311,684.02478,581.606934,639.399139,434.492654,669.149566,512.376685,170,115,179,137,7.208984,Far,valid_depth,conf1,164,,fallback_conf_ge_1,,Far,true,2026-07-02T11:42:37-04:00
Garage4_001878,Garage4,1878,62.62414825009182,2,added,,281.333332,404.333328,303.333332,436.333328,286.833332,409.133328,297.833332,423.533328,76,109,80,113,,,not_valid_depth,none,,,no_valid_depth_in_inner_box,>6,>6,true,2026-07-02T11:42:37-04:00
Garage4_001914,Garage4,1914,63.82461187499575,1,yolo,0.838703,637.18103,406.887543,699.914185,561.325745,652.864319,430.053273,684.230896,499.550464,174,114,183,134,8.28125,Far,valid_depth,conf1,80,,fallback_conf_ge_1,,Far,true,2026-07-02T11:42:37-04:00
Garage4_001914,Garage4,1914,63.82461187499575,2,yolo,0.873231,541.414124,410.956787,604.745178,533.046753,557.246887,429.270282,588.912415,484.210767,148,114,158,130,9.492188,Far,valid_depth,conf1,16,,fallback_conf_ge_1,,Far,true,2026-07-02T11:42:37-04:00
Garage4_001980,Garage4,1980,66.02546179201454,1,yolo,0.900203,420.486053,401.188599,485.164581,554.092651,436.655685,424.124207,468.994949,492.93103,116,113,126,132,8.296875,Far,valid_depth,conf2,129,18,conf_eq_2,,Far,true,2026-07-02T11:42:37-04:00
Garage4_001980,Garage4,1980,66.02546179201454,2,yolo,0.721612,653.182373,409.463928,689.698425,530.360046,662.311386,427.598346,680.569412,482.001599,176,114,182,129,,,not_valid_depth,none,,,no_valid_depth_in_inner_box,>6,>6,true,2026-07-02T11:42:37-04:00
Garage4_001992,Garage4,1992,66.42561633395962,1,yolo,0.878182,415.329651,401.435852,477.513916,562.589172,430.875717,425.60885,461.96785,498.127844,114,113,124,133,7.714844,Far,valid_depth,conf2,153,32,conf_eq_2,,Far,true,2026-07-02T11:42:37-04:00
Garage4_001992,Garage4,1992,66.42561633395962,2,yolo,0.793303,643.536987,407.743378,685.259399,525.967651,653.96759,425.477019,674.828796,478.677942,174,113,180,128,,,not_valid_depth,none,,,no_valid_depth_in_inner_box,>6,>6,true,2026-07-02T11:42:37-04:00
Garage4_002010,Garage4,2010,67.02584820915945,1,yolo,0.897203,386.633148,399.827179,456.338837,579.827759,404.05957,426.827266,438.912415,507.827527,107,113,118,136,7.046875,Far,valid_depth,conf2,217,164,conf_eq_2,,Far,true,2026-07-02T11:42:37-04:00
Garage4_002010,Garage4,2010,67.02584820915945,2,yolo,0.729979,631.862366,401.049225,665.369934,518.727783,640.239258,418.701009,656.993042,471.65636,170,111,176,126,,,not_valid_depth,none,,,no_valid_depth_in_inner_box,>6,>6,true,2026-07-02T11:42:37-04:00
Garage4_002010,Garage4,2010,67.02584820915945,3,added,,316.333332,402.333328,345.333332,444.333328,323.583332,408.633328,338.083332,427.533328,86,108,91,115,,,not_valid_depth,none,,,no_valid_depth_in_inner_box,>6,>6,true,2026-07-02T11:42:37-04:00
Garage4_002028,Garage4,2028,67.62607995909639,1,yolo,0.887285,366.936829,395.822296,442.034271,604.190002,385.711189,427.077452,423.25991,520.84292,102,113,113,139,6.226562,Far,valid_depth,conf2,262,224,conf_eq_2,,Far,true,2026-07-02T11:42:37-04:00
Garage4_002028,Garage4,2028,67.62607995909639,2,yolo,0.709996,608.092224,404.301178,640.253479,512.390015,616.132538,420.514504,632.213165,469.15448,164,112,169,126,,,not_valid_depth,none,,,no_valid_depth_in_inner_box,>6,>6,true,2026-07-02T11:42:37-04:00
Garage4_002028,Garage4,2028,67.62607995909639,3,yolo,0.522562,349.101746,408.555176,379.321472,500.782928,356.656678,422.389339,371.766541,463.891827,95,112,100,124,,,not_valid_depth,none,,,no_valid_depth_in_inner_box,>6,>6,true,2026-07-02T11:42:37-04:00
Garage4_002064,Garage4,2064,68.82654379215091,1,yolo,0.83895,300.106873,393.624847,401.686829,666.729309,325.501862,434.590516,376.29184,557.487524,86,115,101,149,4.71875,Close,valid_depth,conf2,474,445,conf_eq_2,,Close,true,2026-07-02T11:42:37-04:00
Garage4_002064,Garage4,2064,68.82654379215091,2,edited,0.732371,412.812408,407.035126,442.161102,516.983521,420.149582,423.527385,434.823929,473.004163,112,112,116,127,,,not_valid_depth,none,,,no_valid_depth_in_inner_box,>6,>6,true,2026-07-02T11:42:37-04:00
Garage4_002064,Garage4,2064,68.82654379215091,3,edited,0.818704,553.789612,402.572205,580.115417,507.971191,560.371063,418.382053,573.533966,465.811597,149,111,153,125,11.3125,Far,valid_depth,conf1,1,,fallback_conf_ge_1,,Far,true,2026-07-02T11:42:37-04:00
Garage4_002076,Garage4,2076,69.226698334096,1,yolo,0.888148,270.118195,396.760071,383.911377,718.651611,298.56649,445.043802,355.463082,589.894995,79,118,95,158,4.148438,Close,valid_depth,conf2,581,491,conf_eq_2,,Close,true,2026-07-02T11:42:37-04:00
Garage4_002076,Garage4,2076,69.226698334096,2,yolo,0.70005,426.402771,406.776489,469.251587,522.606262,437.114975,424.150955,458.539383,476.274353,116,113,123,128,,,not_valid_depth,none,,,no_valid_depth_in_inner_box,>6,>6,true,2026-07-02T11:42:37-04:00
Garage4_002076,Garage4,2076,69.226698334096,3,yolo,0.784335,532.283997,405.953888,561.780334,507.66037,539.658081,421.20986,554.40625,466.977777,143,112,148,125,,,not_valid_depth,none,,,no_valid_depth_in_inner_box,>6,>6,true,2026-07-02T11:42:37-04:00
Garage4_002088,Garage4,2088,69.62685304204933,1,yolo,0.954097,222.416473,392.501404,381.685181,719.24231,262.23365,441.51254,341.868004,588.545948,69,117,92,157,3.552734,Close,valid_depth,conf2,760,667,conf_eq_2,,Close,true,2026-07-02T11:42:37-04:00
Garage4_002088,Garage4,2088,69.62685304204933,2,yolo,0.80485,451.482147,410.325348,489.630981,527.134521,461.019356,427.846724,480.093773,480.410852,122,114,129,129,,,not_valid_depth,none,,,no_valid_depth_in_inner_box,>6,>6,true,2026-07-02T11:42:37-04:00
Garage4_002088,Garage4,2088,69.62685304204933,3,yolo,0.795395,515.833862,406.558167,546.000854,509.621216,523.37561,422.017624,538.459106,468.395996,139,112,144,125,,,not_valid_depth,none,,,no_valid_depth_in_inner_box,>6,>6,true,2026-07-02T11:42:37-04:00
Garage4_002100,Garage4,2100,70.02700749994256,1,yolo,0.933485,217.391602,375.270172,383.982422,719.548462,259.039307,426.911916,342.334717,581.837146,69,113,92,156,2.951172,Very_Close,valid_depth,conf2,901,864,conf_eq_2,,Very_Close,true,2026-07-02T11:42:37-04:00
Garage4_002100,Garage4,2100,70.02700749994256,2,yolo,0.60329,473.048218,410.708954,513.634888,537.26123,483.194886,429.691795,503.488221,486.64032,128,114,135,130,,,not_valid_depth,none,,,no_valid_depth_in_inner_box,>6,>6,true,2026-07-02T11:42:37-04:00
Garage4_002100,Garage4,2100,70.02700749994256,3,yolo,0.367666,499.994934,406.466949,530.881531,512.125732,507.716583,422.315766,523.159882,469.862219,135,112,140,126,,,not_valid_depth,none,,,no_valid_depth_in_inner_box,>6,>6,true,2026-07-02T11:42:37-04:00
Garage4_002112,Garage4,2112,70.42716220906004,1,yolo,0.923157,124.828125,373.944458,366.287598,719.286133,185.192993,425.745709,305.92273,581.149463,49,113,82,155,2.341797,Very_Close,valid_depth,conf2,1259,1171,conf_eq_2,,Very_Close,true,2026-07-02T11:42:37-04:00
Garage4_002112,Garage4,2112,70.42716220906004,2,yolo,0.850772,489.428009,408.061981,553.075562,541.14502,505.339897,428.024437,537.163674,487.911804,134,114,144,131,,,not_valid_depth,none,,,no_valid_depth_in_inner_box,>6,>6,true,2026-07-02T11:42:37-04:00
Garage4_002112,Garage4,2112,70.42716220906004,3,edited,0.257674,484.283997,401.613434,511.327332,516.401489,491.044831,418.831642,504.566498,470.486267,130,111,135,126,,,not_valid_depth,none,,,no_valid_depth_in_inner_box,>6,>6,true,2026-07-02T11:42:37-04:00
Garage4_002124,Garage4,2124,70.82731687510386,1,yolo,0.933781,1.988159,371.98645,333.767822,719.570435,84.933075,424.124048,250.822906,580.536841,22,113,67,155,1.711914,Very_Close,valid_depth,conf2,1806,1605,conf_eq_2,,Very_Close,true,2026-07-02T11:42:37-04:00
Garage4_002124,Garage4,2124,70.82731687510386,2,yolo,0.848369,519.385376,408.879456,584.654907,546.642334,535.702759,429.543888,568.337524,491.537183,142,114,152,132,,,not_valid_depth,none,,,no_valid_depth_in_inner_box,>6,>6,true,2026-07-02T11:42:37-04:00
Garage4_002124,Garage4,2124,70.82731687510386,3,yolo,0.758917,472.365906,407.712799,504.87384,521.722229,480.492889,424.814213,496.746856,476.118457,128,113,133,127,,,not_valid_depth,none,,,no_valid_depth_in_inner_box,>6,>6,true,2026-07-02T11:42:37-04:00
Garage4_002136,Garage4,2136,71.22747141704895,1,edited,0.930557,0.626839,362.869751,118.918213,719.391724,30.199682,416.348047,89.345369,576.782935,8,111,24,154,1.077148,Very_Close,valid_depth,conf2,662,136,conf_eq_2,,Very_Close,true,2026-07-02T11:42:37-04:00
Garage4_002136,Garage4,2136,71.22747141704895,2,yolo,0.814778,555.498596,405.180084,600.483521,554.352051,566.744827,427.555879,589.23729,494.683264,151,114,158,132,8.570312,Far,valid_depth,conf1,35,,fallback_conf_ge_1,,Far,true,2026-07-02T11:42:37-04:00
Garage4_002136,Garage4,2136,71.22747141704895,3,yolo,0.71178,461.90799,406.326416,492.639679,523.390503,469.590912,423.886029,484.956757,476.564868,125,113,130,128,,,not_valid_depth,none,,,no_valid_depth_in_inner_box,>6,>6,true,2026-07-02T11:42:37-04:00
Garage4_002220,Garage4,2220,74.02855391707271,1,yolo,0.83213,372.849731,405.501831,434.5242,561.333374,388.268348,428.876562,419.105583,499.000757,103,114,112,134,8,Far,valid_depth,conf1,98,,fallback_conf_ge_1,,Far,true,2026-07-02T11:42:37-04:00
Garage4_002238,Garage4,2238,74.62878587516025,1,yolo,0.842251,342.557251,405.000641,399.614685,572.569519,356.82161,430.135973,385.350326,505.541968,95,114,103,135,7.199219,Far,valid_depth,conf1,4,,fallback_conf_ge_1,,Far,true,2026-07-02T11:42:37-04:00
Garage4_002250,Garage4,2250,75.02894049999304,1,yolo,0.8182,314.510651,401.699432,392.535828,585.984253,334.016945,429.342155,373.029534,512.270325,89,114,100,137,6.875,Far,valid_depth,conf1,135,,fallback_conf_ge_1,,Far,true,2026-07-02T11:42:37-04:00
Pave1_000246,Pave1,246,8.203155667055398,1,edited,0.932546,0.334007,289.675262,133.696777,719.269653,33.674699,354.114421,100.356084,547.431897,8,94,27,146,1.333984,Very_Close,valid_depth,conf1,326,,fallback_conf_ge_1,,Very_Close,true,2026-07-02T11:42:37-04:00
Pave1_000258,Pave1,258,8.603309708181769,1,yolo,0.942568,60.700752,306.646301,246.691498,719.572327,107.198439,368.585205,200.193812,554.401917,28,98,54,148,1.696289,Very_Close,valid_depth,conf2,1001,639,conf_eq_2,,Very_Close,true,2026-07-02T11:42:37-04:00
Pave1_000276,Pave1,276,9.20354100014083,1,yolo,0.923863,181.312088,320.936096,413.880005,719.616394,239.454067,380.738141,355.738026,560.144275,63,101,95,150,2.175781,Very_Close,valid_depth,conf2,1088,759,conf_eq_2,,Very_Close,true,2026-07-02T11:42:37-04:00
Pave1_000336,Pave1,336,11.20431216713041,1,yolo,0.931163,656.184204,321.765747,878.531494,719.258423,711.771027,381.389648,822.944671,560.261353,189,101,220,150,1.871094,Very_Close,valid_depth,conf2,1025,814,conf_eq_2,,Very_Close,true,2026-07-02T11:42:37-04:00
Pave1_000336,Pave1,336,11.20431216713041,2,yolo,0.904871,369.927124,345.722595,487.895264,701.753601,399.419159,399.127246,458.403229,559.341199,106,106,123,150,3.503906,Close,valid_depth,conf2,692,475,conf_eq_2,,Close,true,2026-07-02T11:42:37-04:00
Pave1_000354,Pave1,354,11.804543583188206,1,yolo,0.929841,622.874756,329.888519,804.226929,719.366638,668.212799,388.310237,758.888886,563.57539,178,103,203,151,2.388672,Very_Close,valid_depth,conf2,1042,774,conf_eq_2,,Very_Close,true,2026-07-02T11:42:37-04:00
Pave1_000354,Pave1,354,11.804543583188206,2,yolo,0.870658,415.915649,346.460205,520.230835,669.960327,441.994445,394.985223,494.152038,540.560278,117,105,132,145,3.892578,Close,valid_depth,conf2,521,86,conf_eq_2,,Close,true,2026-07-02T11:42:37-04:00
Pave1_000366,Pave1,366,12.204697833163664,1,yolo,0.927537,594.534424,329.366821,766.496338,719.424133,637.524902,387.875418,723.50586,563.401208,170,103,193,151,2.765625,Very_Close,valid_depth,conf2,961,874,conf_eq_2,,Very_Close,true,2026-07-02T11:42:37-04:00
Pave1_000366,Pave1,366,12.204697833163664,2,yolo,0.868113,412.173615,349.103149,505.209778,638.798828,435.432656,392.557501,481.950737,522.920556,116,104,129,140,4.103516,Close,valid_depth,conf1,304,,fallback_conf_ge_1,,Close,true,2026-07-02T11:42:37-04:00
Pave1_000378,Pave1,378,12.604852250078693,1,yolo,0.929875,572.82373,336.967163,719.008423,717.82782,609.369903,394.096262,682.46225,565.483557,162,105,182,151,3.056641,Close,valid_depth,conf2,815,720,conf_eq_2,,Close,true,2026-07-02T11:42:37-04:00
Pave1_000378,Pave1,378,12.604852250078693,2,yolo,0.874169,402.77002,349.212402,491.442688,625.373901,424.938187,390.636627,469.274521,514.909301,113,104,126,138,4.476562,Close,valid_depth,conf1,234,,fallback_conf_ge_1,,Close,true,2026-07-02T11:42:37-04:00
Pave1_000396,Pave1,396,13.205083667067811,1,yolo,0.90498,548.563293,340.741089,672.44165,698.878174,579.532882,394.461652,641.472061,555.62334,154,105,172,149,3.615234,Close,valid_depth,conf2,629,478,conf_eq_2,,Close,true,2026-07-02T11:42:37-04:00
Pave1_000396,Pave1,396,13.205083667067811,2,yolo,0.87437,369.545685,346.572388,455.829163,594.805969,391.116555,383.807425,434.258293,495.512537,104,102,116,133,4.910156,Close,valid_depth,conf2,254,125,conf_eq_2,,Close,true,2026-07-02T11:42:37-04:00
Pave1_000414,Pave1,414,13.805315167177469,1,yolo,0.911152,512.587891,342.143646,628.886047,649.092957,541.66243,388.186043,599.811508,526.313233,144,103,160,141,4.261719,Close,valid_depth,conf2,525,410,conf_eq_2,,Close,true,2026-07-02T11:42:37-04:00
Pave1_000414,Pave1,414,13.805315167177469,2,yolo,0.808194,322.390625,344.896149,391.377808,580.37384,339.637421,380.217803,374.131012,486.182764,90,101,100,130,5.238281,Close,valid_depth,conf2,245,124,conf_eq_2,,Close,true,2026-07-02T11:42:37-04:00
Pave1_000432,Pave1,432,14.405546750174835,1,yolo,0.847736,489.677032,344.883118,581.368408,605.116577,512.599876,383.918137,558.445564,501.023193,136,102,149,134,4.910156,Close,valid_depth,conf2,355,262,conf_eq_2,,Close,true,2026-07-02T11:42:37-04:00
Pave1_000432,Pave1,432,14.405546750174835,2,yolo,0.818177,259.801849,341.073181,321.268616,574.722046,275.168541,376.120511,305.901924,481.2625,73,100,82,129,5.195312,Close,valid_depth,conf1,91,,fallback_conf_ge_1,,Close,true,2026-07-02T11:42:37-04:00
Pave1_000444,Pave1,444,14.805701083038002,1,yolo,0.864284,193.953369,341.549072,304.545898,577.114258,221.601501,376.88385,276.897766,482.888184,59,100,74,129,5.244141,Close,valid_depth,conf1,196,,fallback_conf_ge_1,,Close,true,2026-07-02T11:42:37-04:00
Pave1_000444,Pave1,444,14.805701083038002,2,yolo,0.88979,478.127563,344.866638,558.180298,587.392151,498.140747,381.245465,538.167114,490.381946,132,101,144,131,5.425781,Close,valid_depth,conf2,330,253,conf_eq_2,,Close,true,2026-07-02T11:42:37-04:00
Pave1_000456,Pave1,456,15.205855542095378,1,yolo,0.912989,132.651169,340.381714,269.439606,594.987488,166.848278,378.57258,235.242497,493.145178,44,100,63,132,,,not_valid_depth,none,,,no_valid_depth_in_inner_box,3-6,3-6,true,2026-07-02T11:42:37-04:00
Pave1_000456,Pave1,456,15.205855542095378,2,yolo,0.904225,461.309052,349.460999,549.537476,575.688721,483.366158,383.395157,527.48037,485.197632,128,102,141,130,5.566406,Close,valid_depth,conf1,234,,fallback_conf_ge_1,,Close,true,2026-07-02T11:42:37-04:00
Pave1_000468,Pave1,468,15.606010042130947,1,yolo,0.863895,136.375549,339.876495,232.683563,602.67041,160.452552,379.295582,208.60656,497.552844,42,101,56,133,4.816406,Close,valid_depth,conf2,358,99,conf_eq_2,,Close,true,2026-07-02T11:42:37-04:00
Pave1_000468,Pave1,468,15.606010042130947,2,yolo,0.910028,469.391113,346.853149,543.482727,553.661377,487.914017,377.874383,524.959823,470.938086,130,100,140,126,6.199219,Far,valid_depth,conf2,207,139,conf_eq_2,,Far,true,2026-07-02T11:42:37-04:00
Pave1_000480,Pave1,480,16.006164458114654,1,yolo,0.864307,101.572746,336.481171,215.422699,632.324158,130.035234,380.857619,186.960211,513.986963,34,101,50,138,4.515625,Close,valid_depth,conf2,412,48,conf_eq_2,,Close,true,2026-07-02T11:42:37-04:00
Pave1_000480,Pave1,480,16.006164458114654,2,yolo,0.893133,470.689545,349.805908,536.758667,547.321899,487.206825,379.433307,520.241386,468.315503,129,101,139,125,6.582031,Far,valid_depth,conf1,157,,fallback_conf_ge_1,,Far,true,2026-07-02T11:42:37-04:00
Pave1_000492,Pave1,492,16.406318792141974,1,yolo,0.887322,95.241165,334.439728,221.051483,635.52063,126.693744,379.601863,189.598904,515.088269,33,101,51,138,4.234375,Close,valid_depth,conf2,462,1,conf_eq_2,,Close,true,2026-07-02T11:42:37-04:00
Pave1_000492,Pave1,492,16.406318792141974,2,yolo,0.890123,464.343109,349.894043,536.090698,531.55719,482.280006,377.143515,518.153801,458.891931,128,100,139,123,6.832031,Far,valid_depth,conf2,129,1,conf_eq_2,,Far,true,2026-07-02T11:42:37-04:00
Pave1_000516,Pave1,516,17.206627833191305,1,yolo,0.878218,152.516235,336.880829,263.788269,695.373169,180.334244,390.65468,235.97026,551.976233,48,104,63,148,5.636719,Close,valid_depth,conf2,363,12,conf_eq_2,,Close,true,2026-07-02T11:42:37-04:00
Pave1_000516,Pave1,516,17.206627833191305,2,yolo,0.848869,466.757324,355.36145,517.154175,511.872162,479.356537,378.838057,504.554962,449.267877,127,101,135,120,7.09375,Far,valid_depth,conf1,7,,fallback_conf_ge_1,,Far,true,2026-07-02T11:42:37-04:00
Pave1_000540,Pave1,540,18.006936667021364,1,yolo,0.908875,217.161255,335.838806,351.67218,719.558838,250.788986,393.396811,318.044449,566.070825,66,104,85,151,3.117188,Close,valid_depth,conf2,778,593,conf_eq_2,,Close,true,2026-07-02T11:42:37-04:00
Pave1_000540,Pave1,540,18.006936667021364,2,yolo,0.764931,427.470795,351.359467,467.562103,500.38092,437.493622,373.712685,457.539276,440.772339,116,99,123,118,8.085938,Far,valid_depth,conf1,15,,fallback_conf_ge_1,,Far,true,2026-07-02T11:42:37-04:00
Pave1_000552,Pave1,552,18.407090958207846,1,yolo,0.903575,277.244385,338.962646,434.554596,719.477661,316.571938,396.039898,395.227043,567.271655,84,105,106,152,2.929688,Very_Close,valid_depth,conf2,782,183,conf_eq_2,,Very_Close,true,2026-07-02T11:42:37-04:00
Pave1_000552,Pave1,552,18.407090958207846,3,edited,0.412386,395.206268,355.306274,440.784515,483.794678,406.60083,374.579535,429.389953,432.399316,108,99,115,116,,,not_valid_depth,none,,,no_valid_depth_in_inner_box,>6,>6,true,2026-07-02T11:42:37-04:00
Pave1_000564,Pave1,564,18.807245083153248,1,edited,0.901013,362.908386,332.892181,471.455322,719.45636,390.04512,390.876808,444.318588,564.830688,104,104,119,151,2.632812,Very_Close,valid_depth,conf1,489,,fallback_conf_ge_1,,Very_Close,true,2026-07-02T11:42:37-04:00
Pave1_000564,Pave1,564,18.807245083153248,2,added,,353.333332,352.333328,393.333332,423.333328,363.333332,362.983328,383.333332,394.933328,96,96,103,106,,,not_valid_depth,none,,,no_valid_depth_in_inner_box,>6,>6,true,2026-07-02T11:42:37-04:00
Pave1_000618,Pave1,618,20.60793941700831,1,yolo,0.91513,781.328796,328.108063,959.410217,719.247314,825.849151,386.778951,914.889862,562.791614,220,103,244,151,1.772461,Very_Close,valid_depth,conf2,786,87,conf_eq_2,,Very_Close,true,2026-07-02T11:42:37-04:00
Pave1_000618,Pave1,618,20.60793941700831,3,edited,0.771899,222.768585,345.913788,272.053955,528.379272,235.089927,373.283611,259.732612,455.393078,62,99,70,122,,,not_valid_depth,none,,,no_valid_depth_in_inner_box,>6,>6,true,2026-07-02T11:42:37-04:00
Pave1_000630,Pave1,630,21.008093792013824,1,edited,0.862167,884.290771,419.455658,960,712.523315,903.218078,463.415807,941.072693,595.296252,240,123,251,159,,,not_valid_depth,none,,,no_valid_depth_in_inner_box,<3,<3,true,2026-07-02T11:42:37-04:00
Pave1_000630,Pave1,630,21.008093792013824,2,edited,0.814294,203.758011,342.634125,263.275696,532.443359,218.637432,371.10551,248.396275,456.519665,58,98,67,122,,,not_valid_depth,none,,,no_valid_depth_in_inner_box,>6,>6,true,2026-07-02T11:42:37-04:00
Pave1_000654,Pave1,654,21.808402792084962,1,yolo,0.830512,152.477539,333.571289,245.002045,568.313416,175.608666,368.782608,221.870919,474.416565,46,98,60,127,5.667969,Close,valid_depth,conf2,232,7,conf_eq_2,,Close,true,2026-07-02T11:42:37-04:00
Pave1_000666,Pave1,666,22.208557333098724,1,yolo,0.88417,152.935257,330.79248,249.823151,581.012695,177.15723,368.325512,225.601178,480.924609,47,98,61,129,5.058594,Close,valid_depth,conf1,26,,fallback_conf_ge_1,,Close,true,2026-07-02T11:42:37-04:00
Pave1_000702,Pave1,702,23.409021000145003,1,yolo,0.936372,508.141479,322.895813,765.789795,719.239258,572.553558,382.34733,701.377716,560.70188,152,101,188,150,1.748047,Very_Close,valid_depth,conf2,1326,898,conf_eq_2,,Very_Close,true,2026-07-02T11:42:37-04:00
Pave1_000702,Pave1,702,23.409021000145003,2,yolo,0.87704,181.822266,338.817505,293.882202,650.557007,209.83725,385.57843,265.867218,525.861206,55,102,71,141,4.017578,Close,valid_depth,conf2,603,320,conf_eq_2,,Close,true,2026-07-02T11:42:37-04:00
Pave1_000732,Pave1,732,24.409407625207677,1,yolo,0.927245,186.577682,341.022827,338.427521,718.928162,224.540142,397.708627,300.465061,567.766028,59,106,81,152,3.001953,Close,valid_depth,conf2,969,850,conf_eq_2,,Close,true,2026-07-02T11:42:37-04:00
Pave1_000732,Pave1,732,24.409407625207677,2,yolo,0.929561,432.90271,335.855835,581.336426,719.443237,470.011139,393.393945,544.227997,566.008276,125,104,146,151,2.611328,Very_Close,valid_depth,conf2,848,700,conf_eq_2,,Very_Close,true,2026-07-02T11:42:37-04:00
Pave1_000744,Pave1,744,24.809562292182818,1,yolo,0.935231,217.82753,328.509277,389.904907,719.397278,260.846874,387.142477,346.885563,563.042078,69,103,93,151,2.550781,Very_Close,valid_depth,conf2,1084,889,conf_eq_2,,Very_Close,true,2026-07-02T11:42:37-04:00
Pave1_000744,Pave1,744,24.809562292182818,2,yolo,0.922124,423.701477,344.081146,556.28302,718.445068,456.846863,400.235734,523.137634,568.699499,121,106,140,152,2.994141,Very_Close,valid_depth,conf2,745,541,conf_eq_2,,Very_Close,true,2026-07-02T11:42:37-04:00
Pave1_000762,Pave1,762,25.409794375067577,1,yolo,0.934719,240.725784,314.776825,447.221436,719.450867,292.349697,375.477931,395.597523,557.58125,77,100,106,149,1.873047,Very_Close,valid_depth,conf2,1167,721,conf_eq_2,,Very_Close,true,2026-07-02T11:42:37-04:00
Pave1_000762,Pave1,762,25.409794375067577,2,yolo,0.825052,417.825165,348.484039,510.949951,697.114929,441.106362,400.778672,487.668754,557.662573,117,106,131,149,3.504883,Close,valid_depth,conf2,426,8,conf_eq_2,,Close,true,2026-07-02T11:42:37-04:00
Pave1_000786,Pave1,786,26.210103917168453,1,yolo,0.922844,442.070709,328.949066,741.386841,719.286438,516.899742,387.499672,666.557808,563.151489,137,103,178,151,1.223633,Very_Close,valid_depth,conf2,1505,691,conf_eq_2,,Very_Close,true,2026-07-02T11:42:37-04:00
Pave1_000786,Pave1,786,26.210103917168453,2,yolo,0.845322,404.45929,347.393372,490.522888,622.073853,425.975189,388.595444,469.006989,512.201661,113,103,126,137,4.390625,Close,valid_depth,conf2,387,178,conf_eq_2,,Close,true,2026-07-02T11:42:37-04:00
Pave1_000798,Pave1,798,26.610258750151843,1,yolo,0.883118,626.031738,329.298279,959.887756,718.940063,709.495743,387.744547,876.423751,563.083349,189,103,234,151,0.880859,Very_Close,valid_depth,conf2,877,7,conf_eq_2,,Very_Close,true,2026-07-02T11:42:37-04:00
Pave1_000798,Pave1,798,26.610258750151843,2,yolo,0.85626,389.462311,349.216614,473.479431,604.952881,410.466591,387.577054,452.475151,502.658374,109,103,121,135,4.792969,Close,valid_depth,conf2,143,1,conf_eq_2,,Close,true,2026-07-02T11:42:37-04:00
Pave1_000816,Pave1,816,27.210491000209004,1,yolo,0.894707,384.340668,348.945801,461.466705,579.526489,403.622177,383.532904,442.185196,487.294214,107,102,118,130,5.310547,Close,valid_depth,conf2,232,112,conf_eq_2,,Close,true,2026-07-02T11:42:37-04:00
Pave1_000828,Pave1,828,27.61064587510191,1,yolo,0.876168,384.307251,350.958466,445.442139,572.0495,399.590973,384.122121,430.158417,483.613086,106,102,115,129,5.628906,Close,valid_depth,conf2,210,50,conf_eq_2,,Close,true,2026-07-02T11:42:37-04:00
Pave1_000840,Pave1,840,28.010800749994814,1,yolo,0.898014,354.616882,349.392639,448.936157,560.534119,378.196701,381.063861,425.356338,476.077527,100,101,114,127,8.34375,Far,valid_depth,conf1,6,,fallback_conf_ge_1,,Far,true,2026-07-02T11:42:37-04:00
Pave1_000858,Pave1,858,28.61103312508203,1,yolo,0.908194,320.604736,348.337189,401.089172,541.717041,340.725845,377.344167,380.968063,464.3651,90,100,102,124,6.449219,Far,valid_depth,conf1,209,,fallback_conf_ge_1,,Far,true,2026-07-02T11:42:37-04:00
Pave1_000876,Pave1,876,29.211265583056957,1,yolo,0.888706,274.487823,350.25946,353.038147,537.364624,294.125404,378.325235,333.400566,462.522558,78,100,89,124,6.478516,Far,valid_depth,conf1,2,,fallback_conf_ge_1,,Far,true,2026-07-02T11:42:37-04:00
Pave1_000888,Pave1,888,29.611420625122264,1,yolo,0.833973,259.378479,343.649536,319.014282,539.17688,274.28743,372.978638,304.105331,460.965942,73,99,82,123,,,not_valid_depth,none,,,no_valid_depth_in_inner_box,>6,>6,true,2026-07-02T11:42:37-04:00
Pave1_000888,Pave1,888,29.611420625122264,2,yolo,0.325963,930.353271,586.770386,959.746338,719.499268,937.701538,606.679718,952.398071,666.407715,250,161,254,178,,,not_valid_depth,none,,,no_valid_depth_in_inner_box,<3,<3,true,2026-07-02T11:42:37-04:00
Pave1_000942,Pave1,942,31.412118333159015,1,yolo,0.926819,685.72998,352.521179,825.029175,636.739075,720.554779,395.153863,790.204376,523.051917,192,105,211,140,4.236328,Close,valid_depth,conf1,20,,fallback_conf_ge_1,,Close,true,2026-07-02T11:42:37-04:00
Pave1_000942,Pave1,942,31.412118333159015,2,yolo,0.883576,136.469543,339.139771,225.881531,578.917847,158.82254,375.106482,203.528534,483.006617,42,100,55,129,5.138672,Close,valid_depth,conf1,130,,fallback_conf_ge_1,,Close,true,2026-07-02T11:42:37-04:00
Pave1_000954,Pave1,954,31.81227337499149,1,yolo,0.887417,133.448135,341.028564,229.90155,608.801392,157.561489,381.194488,205.788196,501.692261,42,101,55,134,4.792969,Close,valid_depth,conf2,309,31,conf_eq_2,,Close,true,2026-07-02T11:42:37-04:00
Pave1_000954,Pave1,954,31.81227337499149,2,yolo,0.847697,672.431152,347.917358,765.677979,600.318115,695.742859,385.777472,742.366272,499.357812,185,102,198,134,5.035156,Close,valid_depth,conf2,311,195,conf_eq_2,,Close,true,2026-07-02T11:42:37-04:00
Pave1_000978,Pave1,978,32.61258379206993,1,yolo,0.904164,163.165665,342.299774,283.64035,641.799683,193.284336,387.22476,253.521679,521.999719,51,103,68,140,4.175781,Close,valid_depth,conf2,554,256,conf_eq_2,,Close,true,2026-07-02T11:42:37-04:00
Pave1_000978,Pave1,978,32.61258379206993,2,yolo,0.90791,627.672241,353.987579,722.233032,567.181274,651.312439,385.966633,698.592834,481.903796,173,102,187,129,6.1875,Far,valid_depth,conf2,239,31,conf_eq_2,,Far,true,2026-07-02T11:42:37-04:00
Pave1_000990,Pave1,990,33.01273887511343,1,yolo,0.898543,196.619202,339.495422,308.605133,667.887695,224.615685,388.754263,280.60865,536.530786,59,103,75,144,3.837891,Close,valid_depth,conf2,592,394,conf_eq_2,,Close,true,2026-07-02T11:42:37-04:00
Pave1_000990,Pave1,990,33.01273887511343,2,edited,0.877669,632.159058,355.285553,685.259399,547.136353,645.434143,384.063173,671.984314,470.396033,172,102,180,126,6.464844,Far,valid_depth,conf1,14,,fallback_conf_ge_1,,Far,true,2026-07-02T11:42:37-04:00
Pave1_001014,Pave1,1014,33.81304925004952,1,yolo,0.910592,271.458496,340.643433,422.718262,719.422607,309.273438,397.460309,384.903321,567.910937,82,105,103,152,3.296875,Close,valid_depth,conf2,862,599,conf_eq_2,,Close,true,2026-07-02T11:42:37-04:00
Pave1_001014,Pave1,1014,33.81304925004952,2,yolo,0.858733,570.911621,357.769958,632.282349,521.319092,586.254303,382.302328,616.939667,455.899438,156,101,165,122,,,not_valid_depth,none,,,no_valid_depth_in_inner_box,>6,>6,true,2026-07-02T11:42:37-04:00
Pave1_001044,Pave1,1044,34.81343733309768,1,yolo,0.896474,453.834045,334.813599,600.557007,719.513794,490.514786,392.518628,563.876267,565.633716,130,104,151,151,2.462891,Very_Close,valid_depth,conf2,887,695,conf_eq_2,,Very_Close,true,2026-07-02T11:42:37-04:00
Pave1_001086,Pave1,1086,36.21398083306849,1,yolo,0.888046,343.242249,348.56073,424.160645,500.391846,363.471848,371.335397,403.931046,439.6594,96,99,108,118,17.8125,Far,valid_depth,conf1,27,,fallback_conf_ge_1,,Far,true,2026-07-02T11:42:37-04:00
Pave1_001098,Pave1,1098,36.61413620808162,1,yolo,0.878319,299.398987,346.964172,370.076965,501.953979,317.068481,370.212643,352.40747,439.958056,84,98,94,118,7.853516,Far,valid_depth,conf1,30,,fallback_conf_ge_1,,Far,true,2026-07-02T11:42:37-04:00
Pave1_001110,Pave1,1110,37.014291583094746,1,yolo,0.785922,277.719299,346.167572,323.286499,502.894592,289.111099,369.676625,311.894699,440.203784,77,98,84,118,7.833984,Far,valid_depth,conf2,94,6,conf_eq_2,,Far,true,2026-07-02T11:42:37-04:00
Pave1_001122,Pave1,1122,37.414446875220165,1,yolo,0.84801,216.662781,345.740784,302.958008,507.078308,238.236588,369.941413,281.384201,442.543298,63,98,76,119,7.830078,Far,valid_depth,conf1,90,,fallback_conf_ge_1,,Far,true,2026-07-02T11:42:37-04:00
Pave1_001134,Pave1,1134,37.81460216711275,1,edited,0.841703,188.567474,338.400208,244.29071,520.414185,202.498283,365.702305,230.359901,447.608594,53,97,62,120,,,not_valid_depth,none,,,no_valid_depth_in_inner_box,>6,>6,true,2026-07-02T11:42:37-04:00
Pave1_001146,Pave1,1146,38.214757583104074,1,yolo,0.775344,160.670059,338.456421,229.458847,525.36261,177.867256,366.492349,212.26165,450.600134,47,97,57,121,6.84375,Far,valid_depth,conf2,145,39,conf_eq_2,,Far,true,2026-07-02T11:42:37-04:00
Pave1_001164,Pave1,1164,38.8149906671606,1,yolo,0.873593,131.776428,334.793365,214.7789,546.449524,152.527046,366.541789,194.028282,461.78706,40,97,52,124,5.878906,Close,valid_depth,conf1,129,,fallback_conf_ge_1,,Close,true,2026-07-02T11:42:37-04:00
Pave1_001176,Pave1,1176,39.21514600003138,1,yolo,0.836301,133.484131,336.976685,216.667755,569.879639,154.280037,371.912128,195.871849,476.718457,41,99,53,128,5.582031,Close,valid_depth,conf1,5,,fallback_conf_ge_1,,Close,true,2026-07-02T11:42:37-04:00
Pave1_001188,Pave1,1188,39.61530154221691,1,yolo,0.892192,142.928467,339.470154,239.738754,590.403015,167.131039,377.110083,215.536182,490.029871,44,100,58,131,5.21875,Close,valid_depth,conf1,272,,fallback_conf_ge_1,,Close,true,2026-07-02T11:42:37-04:00
Pave1_001236,Pave1,1236,41.21592325018719,1,yolo,0.880898,308.845459,340.911346,418.84845,666.213501,336.346207,389.706669,391.347702,536.092639,89,103,105,143,3.880859,Close,valid_depth,conf2,531,198,conf_eq_2,,Close,true,2026-07-02T11:42:37-04:00
Pave1_001236,Pave1,1236,41.21592325018719,2,yolo,0.901624,638.630005,350.138031,751.472656,667.129883,666.840668,397.686809,723.261993,540.333142,177,106,193,145,3.9375,Close,valid_depth,conf2,484,174,conf_eq_2,,Close,true,2026-07-02T11:42:37-04:00
Pave1_001254,Pave1,1254,41.816156667191535,1,yolo,0.872888,369.361206,346.345917,525.321289,698.111206,408.351227,399.11071,486.331268,557.40509,108,106,130,149,3.513672,Close,valid_depth,conf2,744,174,conf_eq_2,,Close,true,2026-07-02T11:42:37-04:00
Pave1_001254,Pave1,1254,41.816156667191535,2,yolo,0.837803,560.705933,350.803375,655.424683,633.704224,584.38562,393.238502,631.744995,520.543884,155,104,169,139,4.21875,Close,valid_depth,conf2,371,177,conf_eq_2,,Close,true,2026-07-02T11:42:37-04:00
Pave1_001272,Pave1,1272,42.41638983320445,1,edited,0.866009,541.344147,343.705688,618.954224,714.280884,560.746666,399.291967,599.551705,566.050806,149,106,160,151,3.072266,Close,valid_depth,conf2,481,394,conf_eq_2,,Close,true,2026-07-02T11:42:37-04:00
Pave1_001272,Pave1,1272,42.41638983320445,2,edited,0.518241,477.51889,345.518341,524.714355,614.318481,489.317756,385.838362,512.915489,506.798425,130,102,137,136,,,not_valid_depth,none,,,no_valid_depth_in_inner_box,3-6,3-6,true,2026-07-02T11:42:37-04:00
Pave1_001326,Pave1,1326,44.217089832993224,1,yolo,0.892344,241.997833,342.796448,351.076477,575.439453,269.267494,377.692899,323.806816,482.382251,71,100,87,129,5.355469,Close,valid_depth,conf1,220,,fallback_conf_ge_1,,Close,true,2026-07-02T11:42:37-04:00
Pave1_001326,Pave1,1326,44.217089832993224,2,yolo,0.540338,910.024109,449.472198,959.822571,718.650879,922.473725,489.849,947.372955,610.979407,245,130,253,163,,,not_valid_depth,none,,,no_valid_depth_in_inner_box,<3,<3,true,2026-07-02T11:42:37-04:00
Pave1_001344,Pave1,1344,44.817323125200346,1,yolo,0.847811,185.868759,341.613922,289.372314,559.522461,211.744648,374.300203,263.496425,472.359045,56,99,71,126,5.597656,Close,valid_depth,conf1,102,,fallback_conf_ge_1,,Close,true,2026-07-02T11:42:37-04:00
Pave1_001380,Pave1,1380,46.01778995804489,1,yolo,0.908863,523.491394,314.2966,883.044067,719.355713,613.379562,375.055467,793.155899,557.332068,163,100,212,149,1.368164,Very_Close,valid_depth,conf2,1633,1087,conf_eq_2,,Very_Close,true,2026-07-02T11:42:37-04:00
Pave1_001380,Pave1,1380,46.01778995804489,2,yolo,0.867864,62.844269,338.93219,174.763336,574.680481,90.824036,374.294434,146.783569,480.381165,24,99,40,129,,,not_valid_depth,none,,,no_valid_depth_in_inner_box,3-6,3-6,true,2026-07-02T11:42:37-04:00
Pave1_001428,Pave1,1428,47.61841233307496,1,yolo,0.938226,93.799255,323.347687,285.284302,719.432739,141.670517,382.760445,237.41304,560.998718,37,102,64,150,2.201172,Very_Close,valid_depth,conf2,1001,687,conf_eq_2,,Very_Close,true,2026-07-02T11:42:37-04:00
Pave1_001428,Pave1,1428,47.61841233307496,2,edited,0.862879,0.124752,328.634979,45.453201,637.524292,11.456864,374.968376,34.121089,513.968567,3,99,10,138,,,not_valid_depth,none,,,no_valid_depth_in_inner_box,3-6,3-6,true,2026-07-02T11:42:37-04:00
Pave1_001452,Pave1,1452,48.41872354201041,1,yolo,0.910026,56.237175,323.679474,212.668442,718.134399,95.344992,382.847713,173.560625,560.352429,25,102,47,150,2.900391,Very_Close,valid_depth,conf2,962,846,conf_eq_2,,Very_Close,true,2026-07-02T11:42:37-04:00
Pave1_001464,Pave1,1464,48.81887925020419,1,yolo,0.868469,66.914474,332.742706,211.597198,699.685364,103.085155,387.784105,175.426517,552.908301,27,103,47,148,3.34668,Close,valid_depth,conf2,776,666,conf_eq_2,,Close,true,2026-07-02T11:42:37-04:00
Pave1_001482,Pave1,1482,49.41911262506619,1,yolo,0.864421,49.148483,331.669128,173.419495,647.023804,80.216236,378.972329,142.351742,520.881934,21,101,38,139,3.894531,Close,valid_depth,conf2,521,351,conf_eq_2,,Close,true,2026-07-02T11:42:37-04:00
Pave1_001500,Pave1,1500,50.03601916716434,1,yolo,0.787727,56.505341,336.30365,166.837341,616.311523,84.088341,378.304831,139.254341,504.308374,22,100,38,135,4.390625,Close,valid_depth,conf2,445,25,conf_eq_2,,Close,true,2026-07-02T11:42:37-04:00
Pave1_001536,Pave1,1536,51.23648608312942,1,yolo,0.929838,107.939987,317.346436,267.739929,719.604614,147.889972,377.685163,227.789944,558.701343,39,100,61,149,1.807617,Very_Close,valid_depth,conf2,926,792,conf_eq_2,,Very_Close,true,2026-07-02T11:42:37-04:00
Pave1_001554,Pave1,1554,51.83671941701323,1,edited,0.919223,342.55423,321.155396,467.921265,719.407593,373.895989,380.893226,436.579506,560.106714,99,101,117,150,1.861328,Very_Close,valid_depth,conf2,803,723,conf_eq_2,,Very_Close,true,2026-07-02T11:42:37-04:00
Pave1_001554,Pave1,1554,51.83671941701323,2,edited,0.871562,237.484741,343.495392,311.539581,549.086792,255.998451,374.334102,293.025871,466.850232,68,99,79,125,,,not_valid_depth,none,,,no_valid_depth_in_inner_box,3-6,3-6,true,2026-07-02T11:42:37-04:00
Pave1_001566,Pave1,1566,52.23687529214658,1,yolo,0.930072,393.371338,332.532532,648.327759,719.735229,457.110443,390.612937,584.588654,564.85415,121,104,156,151,2.047852,Very_Close,valid_depth,conf2,1220,624,conf_eq_2,,Very_Close,true,2026-07-02T11:42:37-04:00
Pave1_001566,Pave1,1566,52.23687529214658,2,yolo,0.896594,272.245514,349.49707,366.592438,541.922729,295.832245,378.360919,343.005707,464.952465,78,100,92,124,6.234375,Far,valid_depth,conf2,176,1,conf_eq_2,,Far,true,2026-07-02T11:42:37-04:00
Pave1_001596,Pave1,1596,53.23726449999958,1,yolo,0.933687,552.142212,337.176849,743.869324,719.559265,600.07399,394.534211,695.937546,566.606299,160,105,186,152,2.65625,Very_Close,valid_depth,conf2,1074,871,conf_eq_2,,Very_Close,true,2026-07-02T11:42:37-04:00
Pave1_001596,Pave1,1596,53.23726449999958,2,yolo,0.899252,369.668457,353.95816,450.693726,547.185974,389.924774,382.942332,430.437409,469.894848,103,102,115,126,6.125,Far,valid_depth,conf1,187,,fallback_conf_ge_1,,Far,true,2026-07-02T11:42:37-04:00
Pave1_001614,Pave1,1614,53.83749800012447,1,yolo,0.905881,594.610596,342.300171,729.576965,719.448364,628.352188,398.8724,695.835373,568.589087,167,106,186,152,3.201172,Close,valid_depth,conf2,724,612,conf_eq_2,,Close,true,2026-07-02T11:42:37-04:00
Pave1_001614,Pave1,1614,53.83749800012447,2,yolo,0.871186,438.414917,353.78653,509.944977,567.039734,456.297432,385.774511,492.062462,481.738452,121,102,132,129,5.693359,Close,valid_depth,conf2,230,20,conf_eq_2,,Close,true,2026-07-02T11:42:37-04:00
Pave1_001626,Pave1,1626,54.23765370808542,1,yolo,0.897787,580.232544,346.535522,704.244263,688.464844,611.235474,397.82492,673.241333,551.693115,162,106,180,148,3.560547,Close,valid_depth,conf2,644,509,conf_eq_2,,Close,true,2026-07-02T11:42:37-04:00
Pave1_001626,Pave1,1626,54.23765370808542,2,yolo,0.89512,452.170654,356.123352,539.074341,590.219849,473.896576,391.237827,517.348419,496.58125,126,104,138,133,5.378906,Close,valid_depth,conf2,306,72,conf_eq_2,,Close,true,2026-07-02T11:42:37-04:00
Pave1_001644,Pave1,1644,54.83788733300753,1,yolo,0.871683,577.670166,347.801819,689.89502,648.949158,605.72638,392.97392,661.838807,528.490222,161,104,177,141,4.125,Close,valid_depth,conf2,442,278,conf_eq_2,,Close,true,2026-07-02T11:42:37-04:00
Pave1_001644,Pave1,1644,54.83788733300753,2,yolo,0.893948,457.490021,355.737366,563.317627,627.696472,483.946923,396.531232,536.860726,518.91283,129,105,144,139,4.730469,Close,valid_depth,conf1,404,,fallback_conf_ge_1,,Close,true,2026-07-02T11:42:37-04:00
Pave1_001674,Pave1,1674,55.83827662514523,1,yolo,0.887704,493.553284,346.765869,612.257629,677.628418,523.22937,396.395251,582.581543,545.283398,139,105,156,146,3.753906,Close,valid_depth,conf2,574,164,conf_eq_2,,Close,true,2026-07-02T11:42:37-04:00
Pave1_001686,Pave1,1686,56.238432333106175,1,yolo,0.865303,503.585205,349.552887,649.725342,719.741272,540.120239,405.081145,613.190308,571.665918,144,108,164,153,3.367188,Close,valid_depth,conf2,743,493,conf_eq_2,,Close,true,2026-07-02T11:42:37-04:00
Pave1_001686,Pave1,1686,56.238432333106175,2,yolo,0.301728,496.50708,354.779419,559.283264,570.690796,512.201126,387.166126,543.589218,484.326245,136,103,145,130,3.495117,Close,valid_depth,conf1,4,,fallback_conf_ge_1,,Close,true,2026-07-02T11:42:37-04:00
Pave1_001698,Pave1,1698,56.638588125118986,1,yolo,0.897886,543.044495,343.470428,700.104309,719.449829,582.309448,399.867338,660.839356,569.058069,155,106,177,152,2.980469,Very_Close,valid_depth,conf2,905,594,conf_eq_2,,Very_Close,true,2026-07-02T11:42:37-04:00
Pave1_001698,Pave1,1698,56.638588125118986,2,yolo,0.867808,463.524811,349.36496,540.124634,565.356445,482.674767,381.763683,520.974678,478.959851,128,101,139,128,5.796875,Close,valid_depth,conf1,107,,fallback_conf_ge_1,,Close,true,2026-07-02T11:42:37-04:00
Pave1_001710,Pave1,1710,57.03874395810999,1,yolo,0.926059,588.286621,337.177612,768.74353,719.890015,633.400848,394.584472,723.629303,566.805054,168,105,193,152,2.585938,Very_Close,valid_depth,conf2,1090,848,conf_eq_2,,Very_Close,true,2026-07-02T11:42:37-04:00
Pave1_001710,Pave1,1710,57.03874395810999,2,yolo,0.856984,430.611053,349.805664,500.239655,559.03009,448.018204,381.189328,482.832505,475.34032,119,101,129,127,5.986328,Close,valid_depth,conf2,117,2,conf_eq_2,,Close,true,2026-07-02T11:42:37-04:00
Pave1_001722,Pave1,1722,57.438899625092745,1,yolo,0.932631,603.954163,338.967041,831.370422,720,660.808228,396.121985,774.516357,567.586816,176,105,207,152,2.244141,Very_Close,valid_depth,conf2,1206,940,conf_eq_2,,Very_Close,true,2026-07-02T11:42:37-04:00
Pave1_001722,Pave1,1722,57.438899625092745,2,edited,0.833229,411.850616,352.916718,459.770172,548.970154,423.830505,382.324733,447.790283,470.54878,113,101,120,126,,,not_valid_depth,none,,,no_valid_depth_in_inner_box,>6,>6,true,2026-07-02T11:42:37-04:00
Pave1_001734,Pave1,1734,57.839055417105556,1,yolo,0.924152,548.017334,325.676056,845.942017,718.940002,622.498505,384.665648,771.460846,561.634424,165,102,206,150,1.882812,Very_Close,valid_depth,conf2,1557,1257,conf_eq_2,,Very_Close,true,2026-07-02T11:42:37-04:00
Pave1_001734,Pave1,1734,57.839055417105556,2,edited,0.885982,377.437805,357.449646,428.332581,550.685791,390.161499,386.435068,415.608887,473.391333,104,103,111,127,6.294922,Far,valid_depth,conf1,6,,fallback_conf_ge_1,,Far,true,2026-07-02T11:42:37-04:00
Pave1_001746,Pave1,1746,58.239211208187044,1,yolo,0.925608,467.197449,329.326263,778.205566,719.6427,544.949478,387.873729,700.453537,563.516125,145,103,187,151,1.585938,Very_Close,valid_depth,conf2,1398,898,conf_eq_2,,Very_Close,true,2026-07-02T11:42:37-04:00
Pave1_001746,Pave1,1746,58.239211208187044,2,edited,0.886255,326.165955,358.77774,397.364441,548.469482,343.965576,387.231501,379.564819,472.592785,91,103,102,127,6.417969,Far,valid_depth,conf2,149,5,conf_eq_2,,Far,true,2026-07-02T11:42:37-04:00
Pave1_001776,Pave1,1776,59.239600625121966,1,edited,0.858277,108.377075,304.585724,298.704102,720,155.958832,366.897865,251.122345,553.83429,41,97,67,148,1.376953,Very_Close,valid_depth,conf2,1156,749,conf_eq_2,,Very_Close,true,2026-07-02T11:42:37-04:00
Pave1_001830,Pave1,1830,61.0403016670607,1,yolo,0.893514,93.633659,336.900574,201.885864,596.52655,120.69671,375.84447,174.822813,492.67616,32,100,47,132,4.597656,Close,valid_depth,conf1,2,,fallback_conf_ge_1,,Close,true,2026-07-02T11:42:37-04:00
Pave1_001842,Pave1,1842,61.44045750005171,1,yolo,0.841962,102.259003,341.129456,209.322968,621.376221,129.024994,383.166471,182.556977,509.277515,34,102,49,136,4.511719,Close,valid_depth,conf2,414,13,conf_eq_2,,Close,true,2026-07-02T11:42:37-04:00
Pave1_001854,Pave1,1854,61.84061333304271,1,yolo,0.874864,103.08046,337.861267,218.61351,656.634888,131.963722,385.67731,189.730247,529.12544,35,102,51,142,4.183594,Close,valid_depth,conf1,468,,fallback_conf_ge_1,,Close,true,2026-07-02T11:42:37-04:00
Pave1_001866,Pave1,1866,62.24076920817606,1,yolo,0.879313,110.999908,331.618164,234.584885,659.26001,141.896152,380.764441,203.688641,528.203272,37,101,55,141,3.837891,Close,valid_depth,conf2,644,15,conf_eq_2,,Close,true,2026-07-02T11:42:37-04:00
Pave1_001878,Pave1,1878,62.640924958046526,1,yolo,0.912042,135.682281,337.605743,266.007263,684.048157,168.263527,389.572105,233.426018,545.471191,44,103,63,146,3.509766,Close,valid_depth,conf2,734,338,conf_eq_2,,Close,true,2026-07-02T11:42:37-04:00
Pave1_001896,Pave1,1896,63.24115858320147,1,yolo,0.90605,207.973022,334.259766,339.356506,719.664062,240.818893,392.07041,306.510635,565.502344,64,104,82,151,3.130859,Close,valid_depth,conf2,715,503,conf_eq_2,,Close,true,2026-07-02T11:42:37-04:00
Pave1_001908,Pave1,1908,63.64131445810199,1,yolo,0.893015,243.065369,340.071289,373.411926,719.138245,275.652008,396.931332,340.825287,567.511463,73,105,91,152,2.826172,Very_Close,valid_depth,conf2,780,229,conf_eq_2,,Very_Close,true,2026-07-02T11:42:37-04:00
Pave1_001920,Pave1,1920,64.04147020820528,1,yolo,0.931202,301.74527,337.028198,509.946167,719.993286,353.795494,394.472961,457.895943,566.807251,94,105,123,152,2.605469,Very_Close,valid_depth,conf2,1092,774,conf_eq_2,,Very_Close,true,2026-07-02T11:42:37-04:00
Pave1_001950,Pave1,1950,65.04185987520032,1,yolo,0.900608,526.507446,334.743439,678.398193,719.571899,564.480133,392.467708,640.425506,565.640515,150,104,171,151,1.879883,Very_Close,valid_depth,conf2,882,701,conf_eq_2,,Very_Close,true,2026-07-02T11:42:37-04:00
Pave1_001950,Pave1,1950,65.04185987520032,2,yolo,0.77359,29.956432,345.706726,106.756699,527.296631,49.156499,372.945212,87.556632,454.660669,13,99,24,122,,,not_valid_depth,none,,,no_valid_depth_in_inner_box,3-6,3-6,true,2026-07-02T11:42:37-04:00
Pave1_002004,Pave1,2004,66.84256100002676,1,yolo,0.925305,637.937378,338.130371,822.294189,719.40155,684.026581,395.321048,776.204986,566.893078,182,105,207,152,2.154297,Very_Close,valid_depth,conf2,953,846,conf_eq_2,,Very_Close,true,2026-07-02T11:42:37-04:00
Pave1_002004,Pave1,2004,66.84256100002676,2,yolo,0.75255,210.567993,349.512329,263.705994,502.385834,223.852493,372.443355,250.421494,441.236432,59,99,67,118,,,not_valid_depth,none,,,no_valid_depth_in_inner_box,>6,>6,true,2026-07-02T11:42:37-04:00
Pave1_002022,Pave1,2022,67.44279479212128,1,yolo,0.890808,628.455688,339.999603,778.359192,720,665.931564,396.999663,740.883316,567.999841,177,105,198,152,2.505859,Very_Close,valid_depth,conf2,793,593,conf_eq_2,,Very_Close,true,2026-07-02T11:42:37-04:00
Pave1_002022,Pave1,2022,67.44279479212128,2,yolo,0.714148,248.548325,351.824829,313.426514,501.360107,264.767872,374.255121,297.206967,441.545996,70,99,80,118,7.890625,Far,valid_depth,conf1,39,,fallback_conf_ge_1,,Far,true,2026-07-02T11:42:37-04:00
Pave1_002040,Pave1,2040,68.04302845802158,1,yolo,0.926572,579.26886,342.341064,736.293701,719.505737,618.52507,398.915765,697.037491,568.639868,164,106,186,152,2.914062,Very_Close,valid_depth,conf2,904,795,conf_eq_2,,Very_Close,true,2026-07-02T11:42:37-04:00
Pave1_002040,Pave1,2040,68.04302845802158,2,edited,0.848162,311.161102,355.503998,360.302917,499.864746,323.446556,377.15811,348.017463,442.120447,86,100,93,118,7.277344,Far,valid_depth,conf1,1,,fallback_conf_ge_1,,Far,true,2026-07-02T11:42:37-04:00
Pave1_002076,Pave1,2076,69.24349600006826,1,yolo,0.898286,540.422729,347.264343,662.56958,680.884399,570.959442,397.307351,632.032867,547.436377,152,105,169,146,3.730469,Close,valid_depth,conf2,592,326,conf_eq_2,,Close,true,2026-07-02T11:42:37-04:00
Pave1_002076,Pave1,2076,69.24349600006826,2,edited,0.867697,394.615479,350.73172,431.386963,499.313599,403.80835,373.019002,422.194092,439.880847,107,99,113,118,7.755859,Far,valid_depth,conf1,2,,fallback_conf_ge_1,,Far,true,2026-07-02T11:42:37-04:00
Pave1_002088,Pave1,2088,69.64365187520161,1,yolo,0.863543,541.772217,349.009888,630.618042,649.46106,563.983673,394.077564,608.406586,529.280591,150,105,163,142,4.042969,Close,valid_depth,conf2,407,261,conf_eq_2,,Close,true,2026-07-02T11:42:37-04:00
Pave1_002088,Pave1,2088,69.64365187520161,2,yolo,0.828923,394.28894,358.195618,452.048096,498.787476,408.728729,379.284397,437.608307,442.550733,108,101,117,119,8.148438,Far,valid_depth,conf1,26,,fallback_conf_ge_1,,Far,true,2026-07-02T11:42:37-04:00
Pave1_002106,Pave1,2106,70.24388562515378,1,yolo,0.88254,514.072876,350.262726,615.790771,622.038696,539.50235,391.029121,590.361297,513.328308,143,104,158,137,4.488281,Close,valid_depth,conf2,413,288,conf_eq_2,,Close,true,2026-07-02T11:42:37-04:00
Pave1_002106,Pave1,2106,70.24388562515378,2,yolo,0.81084,397.804199,363.177856,442.670532,497.753479,409.020782,383.364199,431.453949,443.92323,109,102,116,119,8.84375,Far,valid_depth,conf1,35,,fallback_conf_ge_1,,Far,true,2026-07-02T11:42:37-04:00
Pave1_002118,Pave1,2118,70.64404154219665,1,yolo,0.890283,505.780273,352.039368,597.878052,614.956726,528.804718,391.476972,574.853607,509.789783,141,104,154,136,4.824219,Close,valid_depth,conf2,307,93,conf_eq_2,,Close,true,2026-07-02T11:42:37-04:00
Pave1_002118,Pave1,2118,70.64404154219665,2,edited,0.74015,404.325562,352.83371,437.255554,488.476685,412.55806,373.180156,429.023056,434.219495,110,99,115,116,,,not_valid_depth,none,,,no_valid_depth_in_inner_box,>6,>6,true,2026-07-02T11:42:37-04:00
Pave1_002148,Pave1,2148,71.64443104201928,1,yolo,0.900686,486.069641,348.966431,569.099792,573.717896,506.827179,382.679151,548.342254,483.81731,135,102,147,130,5.658203,Close,valid_depth,conf2,210,4,conf_eq_2,,Close,true,2026-07-02T11:42:37-04:00
Pave1_002148,Pave1,2148,71.64443104201928,2,yolo,0.755244,367.406281,354.662292,417.62384,487.638702,379.960671,374.608753,405.06945,434.448138,101,99,109,116,,,not_valid_depth,none,,,no_valid_depth_in_inner_box,>6,>6,true,2026-07-02T11:42:37-04:00
Pave1_002160,Pave1,2160,72.04458691715263,1,yolo,0.846993,482.167236,349.258057,542.71936,555.642944,497.305267,380.21579,527.581329,473.088989,132,101,141,127,5.972656,Close,valid_depth,conf2,174,9,conf_eq_2,,Close,true,2026-07-02T11:42:37-04:00
Pave1_002160,Pave1,2160,72.04458691715263,2,edited,0.873882,354.496735,349.261932,398.792542,489.199585,365.570687,370.25258,387.71859,433.224524,97,98,104,116,,,not_valid_depth,none,,,no_valid_depth_in_inner_box,>6,>6,true,2026-07-02T11:42:37-04:00
Pave1_002172,Pave1,2172,72.44474275014363,1,yolo,0.871794,464.474243,353.255768,522.218201,548.749878,478.910233,382.579884,507.782212,470.552234,127,102,136,126,6.101562,Far,valid_depth,conf1,1,,fallback_conf_ge_1,,Far,true,2026-07-02T11:42:37-04:00
Pave1_002172,Pave1,2172,72.44474275014363,2,yolo,0.871156,331.853333,350.471252,387.408203,494.701416,345.742051,372.105777,373.519486,437.00935,92,99,100,117,8.484375,Far,valid_depth,conf1,66,,fallback_conf_ge_1,,Far,true,2026-07-02T11:42:37-04:00
Pave1_002190,Pave1,2190,73.04497658321634,1,yolo,0.824136,438.25647,351.840027,494.311279,538.989136,452.270172,379.912393,480.297577,464.129492,120,101,129,124,6.734375,Far,valid_depth,conf2,170,5,conf_eq_2,,Far,true,2026-07-02T11:42:37-04:00
Pave1_002190,Pave1,2190,73.04497658321634,2,edited,0.85648,310.075806,349.517426,359.862183,501.761658,322.5224,372.354061,347.415589,440.863965,86,99,93,118,,,not_valid_depth,none,,,no_valid_depth_in_inner_box,>6,>6,true,2026-07-02T11:42:37-04:00
Pave1_002202,Pave1,2202,73.4451323330868,1,edited,0.819804,433.157959,351.282776,473.576385,530.262573,443.262565,378.129746,463.471779,458.670654,118,100,124,123,,,not_valid_depth,none,,,no_valid_depth_in_inner_box,>6,>6,true,2026-07-02T11:42:37-04:00
Pave1_002202,Pave1,2202,73.4451323330868,2,yolo,0.812838,301.301697,353.694885,349.863098,506.409363,313.442047,376.602057,337.722748,445.323572,83,100,91,119,,,not_valid_depth,none,,,no_valid_depth_in_inner_box,>6,>6,true,2026-07-02T11:42:37-04:00
Pave1_002214,Pave1,2214,73.84528820822015,1,edited,0.841508,268.527405,350.311584,335.322601,508.270477,285.226204,374.005418,318.623802,445.08692,76,99,85,119,7.140625,Far,valid_depth,conf1,19,,fallback_conf_ge_1,,Far,true,2026-07-02T11:42:37-04:00
Pave1_002214,Pave1,2214,73.84528820822015,2,yolo,0.838927,392.858459,351.041687,447.02655,527.852905,406.400482,377.56337,433.484527,457.128418,108,100,116,122,6.949219,Far,valid_depth,conf1,99,,fallback_conf_ge_1,,Far,true,2026-07-02T11:42:37-04:00
Pave1_002232,Pave1,2232,74.44552200008184,1,yolo,0.895607,337.900177,349.471527,421.585999,526.439209,358.821632,376.016679,400.664544,455.652136,95,100,107,122,6.958984,Far,valid_depth,conf1,106,,fallback_conf_ge_1,,Far,true,2026-07-02T11:42:37-04:00
Pave1_002232,Pave1,2232,74.44552200008184,2,yolo,0.820287,253.444611,352.805481,312.405029,511.049866,268.184716,376.542139,297.664924,447.752112,71,100,80,120,7.234375,Far,valid_depth,conf1,33,,fallback_conf_ge_1,,Far,true,2026-07-02T11:42:37-04:00
Pave1_002244,Pave1,2244,74.84567783307284,1,yolo,0.892226,345.763306,352.474243,411.911316,538.167358,362.300309,380.32821,395.374313,463.890112,96,101,106,124,,,not_valid_depth,none,,,no_valid_depth_in_inner_box,>6,>6,true,2026-07-02T11:42:37-04:00
Pave1_002244,Pave1,2244,74.84567783307284,2,yolo,0.828755,258.047913,359.592621,312.350525,510.7099,271.623566,382.260213,298.774872,450.262988,72,101,80,121,7.363281,Far,valid_depth,conf1,49,,fallback_conf_ge_1,,Far,true,2026-07-02T11:42:37-04:00
Pave1_002262,Pave1,2262,75.44591162516735,1,yolo,0.894565,332.460327,351.561768,403.074371,550.886475,350.113838,381.460474,385.42086,471.156592,93,101,103,126,6.507812,Far,valid_depth,conf2,160,11,conf_eq_2,,Far,true,2026-07-02T11:42:37-04:00
Pave1_002262,Pave1,2262,75.44591162516735,2,yolo,0.816737,262.348572,349.84552,322.613098,510.743408,277.414703,373.980203,307.546966,446.384253,73,99,83,120,7.509766,Far,valid_depth,conf2,102,10,conf_eq_2,,Far,true,2026-07-02T11:42:37-04:00
Pave1_002274,Pave1,2274,75.84606750006787,1,yolo,0.899364,321.890503,347.863342,401.886353,553.786072,341.889466,378.751752,381.88739,471.41698,91,101,102,126,6.164062,Far,valid_depth,conf2,197,136,conf_eq_2,,Far,true,2026-07-02T11:42:37-04:00
Pave1_002274,Pave1,2274,75.84606750006787,2,yolo,0.803676,260.909851,347.532867,323.176453,510.527893,276.476501,371.982121,307.609803,445.329883,73,99,83,119,7.496094,Far,valid_depth,conf2,52,2,conf_eq_2,,Far,true,2026-07-02T11:42:37-04:00
Pave1_002286,Pave1,2286,76.24622333305888,1,yolo,0.896011,329.957336,348.421417,404.20578,570.936279,348.519447,381.798646,385.643669,481.930334,92,101,103,129,5.742188,Close,valid_depth,conf2,225,140,conf_eq_2,,Close,true,2026-07-02T11:42:37-04:00
Pave1_002286,Pave1,2286,76.24622333305888,2,yolo,0.805001,261.728271,357.031555,320.480957,511.174011,276.416443,380.152923,305.792785,449.517029,73,101,82,120,7.46875,Far,valid_depth,conf2,61,9,conf_eq_2,,Far,true,2026-07-02T11:42:37-04:00
Pave1_002298,Pave1,2298,76.64637912507169,1,yolo,0.92085,324.386444,349.772919,412.143311,588.819214,346.325661,385.629863,390.204094,493.200696,92,102,105,132,5.417969,Close,valid_depth,conf2,267,127,conf_eq_2,,Close,true,2026-07-02T11:42:37-04:00
Pave1_002298,Pave1,2298,76.64637912507169,2,yolo,0.794426,262.687256,360.760223,319.866455,510.738464,276.982056,383.256959,305.571655,450.747168,73,102,82,121,7.328125,Far,valid_depth,conf2,77,9,conf_eq_2,,Far,true,2026-07-02T11:42:37-04:00
Pave1_002310,Pave1,2310,77.04653500020504,1,yolo,0.899693,321.12561,347.434082,408.871399,593.863831,343.062057,384.398544,386.934952,495.291931,91,102,104,133,5.054688,Close,valid_depth,conf2,309,134,conf_eq_2,,Close,true,2026-07-02T11:42:37-04:00
Pave1_002310,Pave1,2310,77.04653500020504,2,yolo,0.823525,239.173553,350.928162,315.907471,512.959106,258.357033,375.232804,296.723992,448.146728,68,100,80,120,6.9375,Far,valid_depth,conf1,45,,fallback_conf_ge_1,,Far,true,2026-07-02T11:42:37-04:00
Pave1_002322,Pave1,2322,77.44669083319604,1,yolo,0.880238,322.844604,348.159912,418.14267,621.801208,346.669121,389.206106,394.318153,512.34469,92,103,106,137,4.746094,Close,valid_depth,conf2,390,142,conf_eq_2,,Close,true,2026-07-02T11:42:37-04:00
Pave1_002322,Pave1,2322,77.44669083319604,2,yolo,0.81593,232.438782,346.601593,303.118439,518.237,250.108696,372.346904,285.448525,449.582837,66,99,77,120,6.480469,Far,valid_depth,conf1,23,,fallback_conf_ge_1,,Far,true,2026-07-02T11:42:37-04:00
Pave1_002334,Pave1,2334,77.84684675000608,1,yolo,0.890598,322.128418,345.139191,426.064636,644.509827,348.112473,390.044786,400.080581,524.761573,92,104,107,140,4.34375,Close,valid_depth,conf2,440,182,conf_eq_2,,Close,true,2026-07-02T11:42:37-04:00
Pave1_002334,Pave1,2334,77.84684675000608,2,yolo,0.79598,220.630463,344.697083,273.910858,527.514648,233.950562,372.119718,260.590759,454.387622,62,99,70,122,6.820312,Far,valid_depth,conf1,48,,fallback_conf_ge_1,,Far,true,2026-07-02T11:42:37-04:00
Pave1_002346,Pave1,2346,78.24700254201889,1,yolo,0.889642,314.282654,343.596527,424.133667,660.348999,341.745407,391.109398,396.670914,533.64801,91,104,106,143,3.988281,Close,valid_depth,conf2,511,306,conf_eq_2,,Close,true,2026-07-02T11:42:37-04:00
Pave1_002346,Pave1,2346,78.24700254201889,2,yolo,0.856763,194.969177,343.729065,263.991974,535.570862,212.224876,372.505335,246.736275,458.834143,56,99,66,123,6.417969,Far,valid_depth,conf1,31,,fallback_conf_ge_1,,Far,true,2026-07-02T11:42:37-04:00
Pave1_002424,Pave1,2424,80.84801529208198,1,yolo,0.925071,487.376678,324.209564,689.27356,719.508789,537.850898,383.504448,638.799339,561.389099,143,102,171,150,1.697266,Very_Close,valid_depth,conf2,1220,905,conf_eq_2,,Very_Close,true,2026-07-02T11:42:37-04:00
Pave1_002424,Pave1,2424,80.84801529208198,2,yolo,0.797133,100.703911,336.775085,204.397751,635.875122,126.627371,381.640091,178.474291,516.235107,33,101,48,138,4.265625,Close,valid_depth,conf2,447,135,conf_eq_2,,Close,true,2026-07-02T11:42:37-04:00
Pave1_002436,Pave1,2436,81.24817104218528,1,yolo,0.924589,559.296997,320.304932,837.382507,719.439453,628.818375,380.17511,767.86113,559.785645,167,101,205,150,1.454102,Very_Close,valid_depth,conf2,1586,1120,conf_eq_2,,Very_Close,true,2026-07-02T11:42:37-04:00
Pave1_002436,Pave1,2436,81.24817104218528,2,yolo,0.906751,100.091171,324.686371,239.127869,643.429077,134.850346,372.497777,204.368695,515.931995,35,99,55,138,3.980469,Close,valid_depth,conf2,514,128,conf_eq_2,,Close,true,2026-07-02T11:42:37-04:00
Pave1_002454,Pave1,2454,81.84840483311564,1,yolo,0.925377,601.286804,305.497681,957.751831,719.299927,690.403061,367.568018,868.635574,553.779029,184,98,232,148,1.152344,Very_Close,valid_depth,conf2,1743,1101,conf_eq_2,,Very_Close,true,2026-07-02T11:42:37-04:00
Pave1_002454,Pave1,2454,81.84840483311564,2,yolo,0.912337,145.161194,322.628357,278.392517,707.18042,178.469025,380.311166,245.084686,553.359595,47,101,66,148,3.404297,Close,valid_depth,conf2,853,592,conf_eq_2,,Close,true,2026-07-02T11:42:37-04:00
Pave1_002472,Pave1,2472,82.4486385001801,1,yolo,0.943193,675.386963,288.683167,959.473999,719.369019,746.408722,353.286045,888.45224,547.094678,199,94,237,146,0.945312,Very_Close,valid_depth,conf2,1377,325,conf_eq_2,,Very_Close,true,2026-07-02T11:42:37-04:00
Pave1_002472,Pave1,2472,82.4486385001801,2,yolo,0.935091,185.762772,320.070953,348.952698,718.459534,226.560254,379.82924,308.155216,559.104102,60,101,83,150,2.957031,Very_Close,valid_depth,conf2,955,827,conf_eq_2,,Very_Close,true,2026-07-02T11:42:37-04:00
Pave1_002490,Pave1,2490,83.0488721251022,1,yolo,0.915743,612.133423,308.954132,875.910095,719.359009,678.077591,370.514864,809.965927,555.197058,180,98,216,149,1.112305,Very_Close,valid_depth,conf2,1372,811,conf_eq_2,,Very_Close,true,2026-07-02T11:42:37-04:00
Pave1_002490,Pave1,2490,83.0488721251022,2,yolo,0.92044,178.624283,315.161682,366.89209,719.746094,225.691235,375.849344,319.825138,557.912329,60,100,86,149,2.255859,Very_Close,valid_depth,conf2,1187,1043,conf_eq_2,,Very_Close,true,2026-07-02T11:42:37-04:00
Pave1_002502,Pave1,2502,83.4490278752055,1,yolo,0.95201,16.283089,314.662354,342.633057,719.33252,97.870581,375.362879,261.045565,557.464454,26,100,70,149,1.708008,Very_Close,valid_depth,conf2,1650,1133,conf_eq_2,,Very_Close,true,2026-07-02T11:42:37-04:00
Pave1_002502,Pave1,2502,83.4490278752055,2,yolo,0.921228,543.386902,317.01532,811.215454,719.489258,610.34404,377.386411,744.258316,558.499683,162,100,199,149,1.342773,Very_Close,valid_depth,conf2,1412,959,conf_eq_2,,Very_Close,true,2026-07-02T11:42:37-04:00
Pave1_002514,Pave1,2514,83.8491837081965,1,yolo,0.8855,0.556046,252.963379,248.625763,718.379028,62.573475,322.775726,186.608334,532.212768,16,86,50,142,1.175781,Very_Close,valid_depth,conf2,895,448,conf_eq_2,,Very_Close,true,2026-07-02T11:42:37-04:00
Pave1_002514,Pave1,2514,83.8491837081965,2,yolo,0.943198,462.96579,320.423706,738.906128,719.116089,531.950875,380.227563,669.921043,559.639136,141,101,179,150,1.648926,Very_Close,valid_depth,conf2,1397,880,conf_eq_2,,Very_Close,true,2026-07-02T11:42:37-04:00
Pave1_002526,Pave1,2526,84.24933945806697,1,yolo,0.929341,461.886383,330.216125,661.687683,719.379028,511.836708,388.59056,611.737358,563.713867,136,103,164,151,1.954102,Very_Close,valid_depth,conf2,1055,731,conf_eq_2,,Very_Close,true,2026-07-02T11:42:37-04:00
Pave1_002538,Pave1,2538,84.64949520817026,1,yolo,0.938542,462.879913,334.510498,608.187012,719.196594,499.206688,392.213412,571.860237,565.322156,133,104,153,151,2.212891,Very_Close,valid_depth,conf2,744,334,conf_eq_2,,Very_Close,true,2026-07-02T11:42:37-04:00
Pave1_002550,Pave1,2550,85.04965095804073,1,yolo,0.875881,443.582428,334.926056,579.548462,719.217407,477.573937,392.569759,545.556953,565.500867,127,104,146,151,2.503906,Very_Close,valid_depth,conf2,820,611,conf_eq_2,,Very_Close,true,2026-07-02T11:42:37-04:00
Pave1_002562,Pave1,2562,85.44980679219589,1,yolo,0.886739,468.23941,333.394348,591.808716,719.676147,499.131736,391.336618,560.91639,565.163427,133,104,150,151,2.736328,Very_Close,valid_depth,conf2,690,302,conf_eq_2,,Very_Close,true,2026-07-02T11:42:37-04:00
Pave1_002580,Pave1,2580,86.05004037520848,1,yolo,0.941091,512.985352,336.825439,653.279175,718.78833,548.058808,394.119873,618.205719,566.003174,146,105,165,151,2.730469,Very_Close,valid_depth,conf2,760,157,conf_eq_2,,Very_Close,true,2026-07-02T11:42:37-04:00
Pave1_002592,Pave1,2592,86.45019608316943,1,yolo,0.907502,550.46521,339.757263,727.651978,719.482849,594.761902,396.716101,683.355286,567.592615,158,105,183,152,2.513672,Very_Close,valid_depth,conf2,1048,838,conf_eq_2,,Very_Close,true,2026-07-02T11:42:37-04:00
Pave1_002610,Pave1,2610,87.05042962520383,1,yolo,0.925824,559.837891,335.975555,767.466309,719.42627,611.744995,393.493162,715.559205,566.045984,163,104,191,151,2.138672,Very_Close,valid_depth,conf2,1129,861,conf_eq_2,,Very_Close,true,2026-07-02T11:42:37-04:00
Pave1_002622,Pave1,2622,87.45058545819484,1,yolo,0.923109,626.943237,338.4021,789.837158,719.497437,667.666717,395.566401,749.113678,567.059302,178,105,200,152,1.902344,Very_Close,valid_depth,conf2,886,720,conf_eq_2,,Very_Close,true,2026-07-02T11:42:37-04:00
Pave1_002634,Pave1,2634,87.85074116708711,1,yolo,0.943946,649.893677,329.288361,959.216125,719.43219,727.224289,387.809935,881.885513,563.374658,193,103,236,151,1.68457,Very_Close,valid_depth,conf2,1294,822,conf_eq_2,,Very_Close,true,2026-07-02T11:42:37-04:00
Pave1_002646,Pave1,2646,88.2508969581686,1,yolo,0.91543,761.910767,336.366821,959.246948,719.303345,811.244812,393.8073,909.912903,566.128735,216,105,243,151,1.438477,Very_Close,valid_depth,conf2,464,14,conf_eq_2,,Very_Close,true,2026-07-02T11:42:37-04:00
Pave2_000000,Pave2,0,0.0,1,yolo,0.936785,153.671631,290.258484,447.944031,719.203613,227.239731,354.600253,374.375931,547.625561,60,94,100,147,1.276367,Very_Close,valid_depth,conf2,1551,1321,conf_eq_2,,Very_Close,true,2026-07-02T11:42:37-04:00
Pave2_000012,Pave2,12,0.4001583750359714,1,yolo,0.941193,256.629364,312.159485,542.342041,719.566528,328.057533,373.270541,470.913872,556.603711,87,99,126,149,1.613281,Very_Close,valid_depth,conf2,1599,1095,conf_eq_2,,Very_Close,true,2026-07-02T11:42:37-04:00
Pave2_000024,Pave2,24,0.8003164161927998,1,yolo,0.926611,407.726257,320.71344,568.836548,719.490234,448.00383,380.529959,528.558975,559.979516,119,101,141,150,1.875977,Very_Close,valid_depth,conf2,991,643,conf_eq_2,,Very_Close,true,2026-07-02T11:42:37-04:00
Pave2_000024,Pave2,24,0.8003164161927998,2,yolo,0.46904,257.052551,363.218262,272.841736,400.194122,260.999847,368.764641,268.89444,385.403778,69,98,72,103,18.46875,Far,valid_depth,conf1,6,,fallback_conf_ge_1,,Far,true,2026-07-02T11:42:37-04:00
Pave2_000036,Pave2,36,1.2004744161386043,1,yolo,0.936245,479.29541,323.332916,705.798706,719.438965,535.921234,382.748823,649.172882,560.996545,142,102,174,150,2.161133,Very_Close,valid_depth,conf2,1122,724,conf_eq_2,,Very_Close,true,2026-07-02T11:42:37-04:00
Pave2_000036,Pave2,36,1.2004744161386043,2,yolo,0.281306,254.925964,365.796143,270.927277,400.802246,258.926292,371.047058,266.926949,386.799805,69,98,72,104,18.46875,Far,valid_depth,conf1,9,,fallback_conf_ge_1,,Far,true,2026-07-02T11:42:37-04:00
Pave2_000048,Pave2,48,1.6006322500761598,1,yolo,0.930002,544.461365,336.970947,718.818054,719.844666,588.050537,394.402005,675.228882,566.695178,156,105,181,152,2.523438,Very_Close,valid_depth,conf2,1047,754,conf_eq_2,,Very_Close,true,2026-07-02T11:42:37-04:00
Pave2_000048,Pave2,48,1.6006322500761598,2,yolo,0.397299,249.292923,361.860474,265.194519,399.174988,253.268322,367.457651,261.21912,384.249182,67,97,70,103,18.5625,Far,valid_depth,conf1,7,,fallback_conf_ge_1,,Far,true,2026-07-02T11:42:37-04:00
Pave2_000066,Pave2,66,2.2008689581416547,1,yolo,0.924525,639.18042,338.112671,799.874023,719.265198,679.353821,395.28555,759.700622,566.804187,181,105,203,152,2.916016,Very_Close,valid_depth,conf2,915,681,conf_eq_2,,Very_Close,true,2026-07-02T11:42:37-04:00
Pave2_000066,Pave2,66,2.2008689581416547,2,yolo,0.553984,244.073685,361.046875,260.126892,398.296814,248.086987,366.634366,256.11359,383.396838,66,97,69,103,18.578125,Far,valid_depth,conf1,6,,fallback_conf_ge_1,,Far,true,2026-07-02T11:42:37-04:00
Pave2_000084,Pave2,84,2.80110558308661,1,yolo,0.906338,670.589172,346.286255,799.481506,701.361572,702.812255,399.547553,767.258422,559.331445,187,106,205,150,3.453125,Close,valid_depth,conf2,724,453,conf_eq_2,,Close,true,2026-07-02T11:42:37-04:00
Pave2_000084,Pave2,84,2.80110558308661,2,yolo,0.671116,234.325195,361.281311,256.046021,398.094849,239.755402,366.803342,250.615814,383.369434,63,97,67,103,18.140625,Far,valid_depth,conf1,6,,fallback_conf_ge_1,,Far,true,2026-07-02T11:42:37-04:00
Pave2_000096,Pave2,96,3.201263208175078,1,yolo,0.8965,672.357605,347.515259,802.064026,671.34021,704.78421,396.089002,769.637421,541.81023,187,105,206,145,3.728516,Close,valid_depth,conf2,507,88,conf_eq_2,,Close,true,2026-07-02T11:42:37-04:00
Pave2_000096,Pave2,96,3.201263208175078,2,yolo,0.529915,232.417023,362.15271,252.911072,397.455688,237.540535,367.448157,247.78756,383.334497,63,97,67,103,18.492188,Far,valid_depth,conf1,12,,fallback_conf_ge_1,,Far,true,2026-07-02T11:42:37-04:00
Pave2_000120,Pave2,120,4.001578791067004,1,yolo,0.87599,677.775696,347.527069,811.139282,638.913391,711.116593,391.235017,777.798385,522.358862,189,104,208,140,4.371094,Close,valid_depth,conf2,507,228,conf_eq_2,,Close,true,2026-07-02T11:42:37-04:00
Pave2_000120,Pave2,120,4.001578791067004,2,added,,221.333332,363.333328,245.333332,394.333328,227.333332,367.983328,239.333332,381.933328,60,98,64,102,18.382812,Far,valid_depth,conf1,16,,fallback_conf_ge_1,,Far,true,2026-07-02T11:42:37-04:00
Pave2_000132,Pave2,132,4.401736541185528,1,yolo,0.868879,684.957092,348.917023,777.776123,611.163574,708.16185,388.254006,754.571365,506.264954,188,103,202,136,4.722656,Close,valid_depth,conf2,397,159,conf_eq_2,,Close,true,2026-07-02T11:42:37-04:00
Pave2_000144,Pave2,144,4.801894125062972,1,yolo,0.898785,666.374512,351.331573,753.220215,601.567017,688.085938,388.86689,731.508789,501.472839,183,103,196,134,5.035156,Close,valid_depth,conf2,326,163,conf_eq_2,,Close,true,2026-07-02T11:42:37-04:00
Pave2_000156,Pave2,156,5.202051791129634,1,yolo,0.918312,646.645935,352.815491,744.199219,585.061523,671.034256,387.652396,719.810898,492.16311,178,103,192,132,5.431641,Close,valid_depth,conf2,273,132,conf_eq_2,,Close,true,2026-07-02T11:42:37-04:00
Pave2_000168,Pave2,168,5.602209541015327,1,yolo,0.890394,635.749023,351.488617,711.728271,563.522095,654.743835,383.293639,692.733459,478.708704,174,102,185,128,5.839844,Close,valid_depth,conf2,207,140,conf_eq_2,,Close,true,2026-07-02T11:42:37-04:00
Pave2_000180,Pave2,180,6.0023672501556575,1,yolo,0.867883,630.506226,353.658783,689.905212,552.186951,645.355973,383.438008,675.055465,472.775684,172,102,181,127,6.261719,Far,valid_depth,conf2,199,136,conf_eq_2,,Far,true,2026-07-02T11:42:37-04:00
Pave2_000192,Pave2,192,6.402524958131835,1,yolo,0.900446,600.475647,354.336578,689.14917,548.239197,622.644028,383.421971,666.980789,470.678149,166,102,178,126,17.28125,Far,valid_depth,conf1,7,,fallback_conf_ge_1,,Far,true,2026-07-02T11:42:37-04:00
Pave2_000210,Pave2,210,7.002761458046734,1,yolo,0.878902,573.181885,356.849792,645.82489,530.892395,591.342636,382.956182,627.664139,461.275354,157,102,168,124,7.226562,Far,valid_depth,conf1,33,,fallback_conf_ge_1,,Far,true,2026-07-02T11:42:37-04:00
Pave2_000222,Pave2,222,7.402919125044718,1,yolo,0.841112,539.821655,353.093384,604.358459,523.856384,555.955856,378.707834,588.224258,455.551184,148,100,157,122,,,not_valid_depth,none,,,no_valid_depth_in_inner_box,>6,>6,true,2026-07-02T11:42:37-04:00
Pave2_000234,Pave2,234,7.803076833020896,1,yolo,0.794693,521.617493,351.822784,563.144653,513.423828,531.999283,376.062941,552.762863,448.78341,141,100,148,120,,,not_valid_depth,none,,,no_valid_depth_in_inner_box,>6,>6,true,2026-07-02T11:42:37-04:00
Pave2_000246,Pave2,246,8.20323450001888,1,yolo,0.801065,479.157806,355.614624,540.468506,517.106445,494.485481,379.838397,525.140831,452.509717,131,101,141,121,16.710938,Far,valid_depth,conf1,10,,fallback_conf_ge_1,,Far,true,2026-07-02T11:42:37-04:00
Pave2_000258,Pave2,258,8.603392166085541,1,yolo,0.898134,428.969971,352.394867,508.366699,511.733826,448.819153,376.295711,488.517517,447.998242,119,100,131,120,16.84375,Far,valid_depth,conf1,31,,fallback_conf_ge_1,,Far,true,2026-07-02T11:42:37-04:00
Pave2_000270,Pave2,270,9.003549916204065,1,yolo,0.889815,387.088806,348.867615,468.534668,510.948608,407.450271,373.179764,448.173203,446.116211,108,99,120,119,19.101562,Far,valid_depth,conf1,2,,fallback_conf_ge_1,,Far,true,2026-07-02T11:42:37-04:00
Pave2_000282,Pave2,282,9.40370750008151,1,yolo,0.883397,382.652283,350.231567,435.201691,515.381714,395.789635,375.004089,422.064339,449.321655,105,100,113,120,7.404297,Far,valid_depth,conf2,110,8,conf_eq_2,,Far,true,2026-07-02T11:42:37-04:00
Pave2_000300,Pave2,300,10.003944040974602,1,yolo,0.889188,323.348206,349.830536,398.598389,524.669678,342.160752,376.056407,379.785843,454.734021,91,100,102,122,7.208984,Far,valid_depth,conf1,80,,fallback_conf_ge_1,,Far,true,2026-07-02T11:42:37-04:00
Pave2_000312,Pave2,312,10.404101625084877,1,yolo,0.8843,316.13324,355.761292,387.500732,540.651733,333.975113,383.494858,369.658859,466.695557,89,102,99,125,6.570312,Far,valid_depth,conf1,36,,fallback_conf_ge_1,,Far,true,2026-07-02T11:42:37-04:00
Pave2_000324,Pave2,324,10.804259416181594,1,yolo,0.89939,289.075073,356.349792,366.857422,551.479248,308.52066,385.61921,347.411835,473.427466,82,102,93,127,,,not_valid_depth,none,,,no_valid_depth_in_inner_box,>6,>6,true,2026-07-02T11:42:37-04:00
Pave2_000342,Pave2,342,11.40449595800601,1,yolo,0.892183,268.582855,347.503326,355.269104,573.708801,290.254417,381.434147,333.597542,483.226611,77,101,89,129,5.582031,Close,valid_depth,conf2,253,43,conf_eq_2,,Close,true,2026-07-02T11:42:37-04:00
Pave2_000360,Pave2,360,12.00473245815374,1,yolo,0.85068,256.272247,348.453064,345.05014,603.364258,278.46672,386.689743,322.855667,501.39978,74,103,87,134,5.0625,Close,valid_depth,conf2,346,17,conf_eq_2,,Close,true,2026-07-02T11:42:37-04:00
Pave2_000384,Pave2,384,12.805047790985554,1,yolo,0.871055,265.068298,343.986938,368.234436,636.314819,290.859833,387.83612,342.442902,519.383667,77,103,92,139,4.316406,Close,valid_depth,conf2,466,269,conf_eq_2,,Close,true,2026-07-02T11:42:37-04:00
Pave2_000396,Pave2,396,13.205205416074023,1,yolo,0.900857,265.616547,344.37561,391.586884,686.00293,297.109131,395.619708,360.0943,549.352002,79,105,97,147,3.898438,Close,valid_depth,conf2,587,278,conf_eq_2,,Close,true,2026-07-02T11:42:37-04:00
Pave2_000408,Pave2,408,13.60536304116249,1,yolo,0.89241,303.374634,338.23822,414.045227,700.17218,331.042282,392.528314,386.377579,555.398596,88,104,104,149,3.457031,Close,valid_depth,conf2,669,415,conf_eq_2,,Close,true,2026-07-02T11:42:37-04:00
Pave2_000420,Pave2,420,14.00552075006999,1,yolo,0.915536,350.888824,336.741486,487.506042,719.774963,385.043128,394.196508,453.351738,566.561572,102,105,121,152,3.140625,Close,valid_depth,conf2,825,656,conf_eq_2,,Close,true,2026-07-02T11:42:37-04:00
Pave2_000432,Pave2,432,14.405678375158459,1,yolo,0.891295,404.713135,342.699097,567.205688,719.963257,445.336273,399.288721,526.58255,569.057593,118,106,141,152,2.785156,Very_Close,valid_depth,conf2,889,532,conf_eq_2,,Very_Close,true,2026-07-02T11:42:37-04:00
Pave2_000456,Pave2,456,15.205993583193049,1,yolo,0.932943,630.282837,337.545685,807.18988,719.419373,674.509598,394.826738,762.963119,566.669898,179,105,204,152,2.201172,Very_Close,valid_depth,conf2,941,799,conf_eq_2,,Very_Close,true,2026-07-02T11:42:37-04:00
Pave2_000468,Pave2,468,15.606151333078742,1,yolo,0.926491,781.358459,332.168152,959.338806,719.602112,825.853546,390.283246,914.843719,564.628528,220,104,244,151,1.867188,Very_Close,valid_depth,conf2,913,486,conf_eq_2,,Very_Close,true,2026-07-02T11:42:37-04:00
Pave2_000618,Pave2,618,20.608121666125953,1,yolo,0.890179,624.644653,336.774048,764.84021,719.651245,659.693542,394.205628,729.791321,566.500366,175,105,195,152,2.820312,Very_Close,valid_depth,conf2,706,93,conf_eq_2,,Very_Close,true,2026-07-02T11:42:37-04:00
Pave2_000630,Pave2,630,21.008279333123937,1,yolo,0.927142,558.644287,341.350281,687.567505,719.373535,590.875091,398.053769,655.336701,568.164233,157,106,175,152,3.230469,Close,valid_depth,conf2,667,467,conf_eq_2,,Close,true,2026-07-02T11:42:37-04:00
Pave2_000660,Pave2,660,22.008673208067194,1,yolo,0.892377,435.870605,346.124115,531.173645,642.782593,459.696365,390.622887,507.347885,524.119202,122,104,136,140,4.035156,Close,valid_depth,conf2,390,78,conf_eq_2,,Close,true,2026-07-02T11:42:37-04:00
Pave2_000672,Pave2,672,22.408830791013315,1,yolo,0.87926,381.760559,348.619873,492.004822,635.023621,409.321625,391.580435,464.443756,520.462122,109,104,124,139,4.40625,Close,valid_depth,conf2,312,86,conf_eq_2,,Close,true,2026-07-02T11:42:37-04:00
Pave2_000684,Pave2,684,22.808988416101784,1,yolo,0.892193,358.140869,345.890747,449.680206,608.062439,381.025703,385.216501,426.795372,503.193762,101,102,114,135,4.792969,Close,valid_depth,conf2,316,144,conf_eq_2,,Close,true,2026-07-02T11:42:37-04:00
Pave2_000696,Pave2,696,23.209145958069712,1,yolo,0.906479,325.703705,344.4599,421.560791,589.891785,349.667977,381.274683,397.596519,491.719031,93,101,107,132,5.09375,Close,valid_depth,conf2,279,163,conf_eq_2,,Close,true,2026-07-02T11:42:37-04:00
Pave2_000708,Pave2,708,23.60930358315818,1,yolo,0.900848,320.711365,345.973022,397.987732,567.798584,340.030457,379.246856,378.66864,479.068359,90,101,101,128,5.550781,Close,valid_depth,conf2,238,176,conf_eq_2,,Close,true,2026-07-02T11:42:37-04:00
Pave2_000732,Pave2,732,24.409618749981746,1,yolo,0.876038,305.802002,351.049713,377.70874,548.383484,323.778686,380.649779,359.732056,469.449976,86,101,96,126,,,not_valid_depth,none,,,no_valid_depth_in_inner_box,>6,>6,true,2026-07-02T11:42:37-04:00
Pave2_000750,Pave2,750,25.009855166077614,1,yolo,0.873857,317.961731,354.802612,394.025574,538.037231,336.977692,382.287805,375.009613,464.743383,89,101,101,124,6.492188,Far,valid_depth,conf2,173,42,conf_eq_2,,Far,true,2026-07-02T11:42:37-04:00
Pave2_000768,Pave2,768,25.610091583104804,1,yolo,0.901738,361.346619,353.454407,454.018372,538.176575,384.514557,381.162732,430.850434,464.287708,102,101,115,124,6.621094,Far,valid_depth,conf1,74,,fallback_conf_ge_1,,Far,true,2026-07-02T11:42:37-04:00
Pave2_000786,Pave2,786,26.210327916080132,1,yolo,0.89162,420.928162,353.098633,514.349487,546.992737,444.283493,382.182749,490.994156,469.435095,118,101,131,126,6.388672,Far,valid_depth,conf2,137,2,conf_eq_2,,Far,true,2026-07-02T11:42:37-04:00
Pave2_000822,Pave2,822,27.41080066608265,1,yolo,0.873621,537.091797,351.704285,622.875488,588.085938,558.53772,387.161533,601.429565,493.533277,148,103,161,132,5.232422,Close,valid_depth,conf2,214,6,conf_eq_2,,Close,true,2026-07-02T11:42:37-04:00
Pave2_000840,Pave2,840,28.0110369999893,1,yolo,0.885461,603.397095,351.518402,699.218811,622.447449,627.352524,392.157759,675.263382,514.07583,167,104,181,138,4.699219,Close,valid_depth,conf2,326,176,conf_eq_2,,Close,true,2026-07-02T11:42:37-04:00
Pave2_000870,Pave2,870,29.011431041173637,1,yolo,0.89785,631.934143,348.768188,733.852478,684.295044,657.413727,399.097216,708.372894,550.084302,175,106,189,147,3.828125,Close,valid_depth,conf2,520,384,conf_eq_2,,Close,true,2026-07-02T11:42:37-04:00
Pave2_000888,Pave2,888,29.611667458200827,1,yolo,0.923798,560.641846,346.593811,703.069702,718.462524,596.24881,402.374118,667.462738,569.715039,158,107,178,152,3.412109,Close,valid_depth,conf2,755,87,conf_eq_2,,Close,true,2026-07-02T11:42:37-04:00
Pave2_000906,Pave2,906,30.2119036661461,1,yolo,0.900949,464.10376,344.59433,623.111328,718.367554,503.855652,400.660314,583.359436,568.858264,134,106,156,152,3.46875,Close,valid_depth,conf2,729,331,conf_eq_2,,Close,true,2026-07-02T11:42:37-04:00
Pave2_000918,Pave2,918,30.6120613750536,1,yolo,0.896226,439.399658,346.925995,555.437073,683.395752,468.409012,397.396459,526.427719,548.807849,124,105,141,147,3.689453,Close,valid_depth,conf2,516,191,conf_eq_2,,Close,true,2026-07-02T11:42:37-04:00
Pave2_000930,Pave2,930,31.012218833202496,1,yolo,0.910944,400.016602,345.711731,528.71521,651.809692,432.191254,391.626425,496.540558,529.370508,115,104,133,142,3.984375,Close,valid_depth,conf2,456,114,conf_eq_2,,Close,true,2026-07-02T11:42:37-04:00
Pave2_000948,Pave2,948,31.612455249996856,1,yolo,0.876965,421.403992,346.506714,515.370056,612.711609,444.895508,386.437448,491.87854,506.229651,118,103,132,135,4.570312,Close,valid_depth,conf2,371,276,conf_eq_2,,Close,true,2026-07-02T11:42:37-04:00
Pave2_000960,Pave2,960,32.01261279103346,1,yolo,0.901765,416.53894,349.56308,512.778259,600.701477,440.59877,387.23384,488.718429,500.246118,117,103,131,134,4.90625,Close,valid_depth,conf2,310,128,conf_eq_2,,Close,true,2026-07-02T11:42:37-04:00
Pave2_000972,Pave2,972,32.41277033300139,1,yolo,0.891589,434.391266,350.396484,508.437103,583.688965,452.902725,385.390356,489.925644,490.371973,120,102,131,131,5.296875,Close,valid_depth,conf2,275,211,conf_eq_2,,Close,true,2026-07-02T11:42:37-04:00
Pave2_000984,Pave2,984,32.81292787520215,1,yolo,0.901147,432.419586,349.059509,512.228149,564.272705,452.371727,381.341488,492.276008,478.187427,120,101,132,128,5.703125,Close,valid_depth,conf2,212,29,conf_eq_2,,Close,true,2026-07-02T11:42:37-04:00
Pave2_000996,Pave2,996,33.21308545814827,1,yolo,0.878174,437.378082,350.760986,507.908478,550.089233,455.010681,380.660223,490.275879,470.357934,121,101,131,126,6.078125,Far,valid_depth,conf2,201,46,conf_eq_2,,Far,true,2026-07-02T11:42:37-04:00
Pave2_001014,Pave2,1014,33.81332166609354,1,yolo,0.891548,437.837097,349.731506,505.497864,536.896118,454.752289,377.806198,488.582672,462.030273,121,100,131,124,6.638672,Far,valid_depth,conf2,151,34,conf_eq_2,,Far,true,2026-07-02T11:42:37-04:00
Pave2_001038,Pave2,1038,34.61363683314994,1,yolo,0.855667,407.01535,350.038239,465.799438,525.889038,421.711372,376.415859,451.103416,455.548718,112,100,121,122,7.007812,Far,valid_depth,conf1,1,,fallback_conf_ge_1,,Far,true,2026-07-02T11:42:37-04:00
Pave2_001050,Pave2,1050,35.013794291066006,1,yolo,0.891963,383.447693,348.267059,448.050934,525.078857,399.598503,374.788829,431.900124,454.354138,106,99,116,122,6.871094,Far,valid_depth,conf2,131,7,conf_eq_2,,Far,true,2026-07-02T11:42:37-04:00
Pave2_001068,Pave2,1068,35.61403050017543,1,yolo,0.870916,380.012238,352.479553,438.080566,536.636414,394.52932,380.103082,423.563484,462.97367,105,101,113,124,6.585938,Far,valid_depth,conf2,137,20,conf_eq_2,,Far,true,2026-07-02T11:42:37-04:00
Pave2_001080,Pave2,1080,36.01418804097921,1,yolo,0.91248,357.351654,351.96582,434.864044,548.013306,376.729752,381.372943,415.485946,469.594312,100,101,111,126,6.267578,Far,valid_depth,conf1,44,,fallback_conf_ge_1,,Far,true,2026-07-02T11:42:37-04:00
Pave2_001110,Pave2,1110,37.014581833034754,1,yolo,0.925553,356.89325,347.09317,447.538422,573.694702,379.554543,381.0834,424.877129,483.054089,101,101,114,129,5.488281,Close,valid_depth,conf2,248,5,conf_eq_2,,Close,true,2026-07-02T11:42:37-04:00
Pave2_001122,Pave2,1122,37.414739333093166,1,yolo,0.884203,361.25174,346.696991,447.401001,602.971252,382.789055,385.13813,425.863686,500.461548,102,102,114,134,5.101562,Close,valid_depth,conf2,321,158,conf_eq_2,,Close,true,2026-07-02T11:42:37-04:00
Pave2_001134,Pave2,1134,37.814896875061095,1,yolo,0.875086,363.277313,346.207306,454.559692,627.519287,386.097908,388.404103,431.739097,514.994495,102,103,116,138,4.644531,Close,valid_depth,conf2,397,221,conf_eq_2,,Close,true,2026-07-02T11:42:37-04:00
Pave2_001152,Pave2,1152,38.41513308300637,1,yolo,0.876277,367.390381,347.569122,473.524384,684.496216,393.923882,398.108186,446.990883,549.725378,105,106,120,147,3.945312,Close,valid_depth,conf2,533,245,conf_eq_2,,Close,true,2026-07-02T11:42:37-04:00
Pave2_001170,Pave2,1170,39.015369249973446,1,yolo,0.876323,393.005402,344.812378,503.592224,720,420.652107,401.090521,475.945518,569.924951,112,106,127,152,3.28125,Close,valid_depth,conf2,631,259,conf_eq_2,,Close,true,2026-07-02T11:42:37-04:00
Pave2_001182,Pave2,1182,39.41552670812234,1,yolo,0.917022,427.510315,342.063599,588.176758,719.431396,467.676926,398.668769,548.010147,568.484277,124,106,147,152,2.958984,Very_Close,valid_depth,conf2,908,531,conf_eq_2,,Very_Close,true,2026-07-02T11:42:37-04:00
Pave2_001194,Pave2,1194,39.81568425009027,1,yolo,0.909504,495.402924,332.22699,623.764038,718.919739,527.493203,390.230902,591.673759,564.242639,140,104,158,151,2.529297,Very_Close,valid_depth,conf2,782,704,conf_eq_2,,Very_Close,true,2026-07-02T11:42:37-04:00
Pave2_001212,Pave2,1212,40.41592041612603,1,yolo,0.911702,645.324219,331.499542,812.875488,719.415405,687.212036,389.686921,770.987671,564.24906,183,103,206,151,2.099609,Very_Close,valid_depth,conf2,907,628,conf_eq_2,,Very_Close,true,2026-07-02T11:42:37-04:00
Pave2_001422,Pave2,1422,47.418675541179255,1,yolo,0.93737,795.09906,333.018341,959.391541,719.616943,836.17218,391.008131,918.318421,564.977502,222,104,245,151,2.40332,Very_Close,valid_depth,conf1,30,,fallback_conf_ge_1,,Very_Close,true,2026-07-02T11:42:37-04:00
Pave2_001434,Pave2,1434,47.81883295811713,1,yolo,0.934802,749.889038,331.389679,950.432556,719.480896,800.024918,389.603362,900.296676,564.244409,213,103,241,151,2.050781,Very_Close,valid_depth,conf2,1046,559,conf_eq_2,,Very_Close,true,2026-07-02T11:42:37-04:00
Pave2_001452,Pave2,1452,48.41906908317469,1,yolo,0.950634,549.025818,323.857178,785.413208,719.527466,608.122666,383.207721,726.31636,561.259351,162,102,194,150,1.938477,Very_Close,valid_depth,conf2,1064,722,conf_eq_2,,Very_Close,true,2026-07-02T11:42:37-04:00
Pave2_001470,Pave2,1470,49.01930516608991,1,yolo,0.931575,433.106873,315.107605,624.501892,719.256714,480.955628,375.729971,576.653137,557.59707,128,100,154,149,1.685547,Very_Close,valid_depth,conf2,1048,870,conf_eq_2,,Very_Close,true,2026-07-02T11:42:37-04:00
Pave2_001482,Pave2,1482,49.419462541118264,1,yolo,0.909362,312.135223,309.761078,487.918671,719.474731,356.081085,371.218126,443.972809,555.58927,94,98,119,149,1.537109,Very_Close,valid_depth,conf2,1063,728,conf_eq_2,,Very_Close,true,2026-07-02T11:42:37-04:00
Pave2_001494,Pave2,1494,49.81961991614662,1,yolo,0.918921,135.42337,302.290375,354.112366,719.369995,190.095619,364.852318,299.440117,552.538147,50,97,80,148,1.400391,Very_Close,valid_depth,conf2,1216,447,conf_eq_2,,Very_Close,true,2026-07-02T11:42:37-04:00
Pave2_001506,Pave2,1506,50.219777333084494,1,yolo,0.925938,0.343414,287.088348,232.866486,719.347778,58.474182,351.927262,174.735718,546.444006,15,93,47,146,1.284668,Very_Close,valid_depth,conf2,991,932,conf_eq_2,,Very_Close,true,2026-07-02T11:42:37-04:00
Pave2_001518,Pave2,1518,50.61993470811285,1,yolo,0.943196,0.248085,298.294067,228.339249,719.319092,57.270876,361.447821,171.316458,550.909082,15,96,46,147,1.484375,Very_Close,valid_depth,conf2,1190,926,conf_eq_2,,Very_Close,true,2026-07-02T11:42:37-04:00
Pave2_001530,Pave2,1530,51.02009204099886,1,yolo,0.923342,0.258408,307.352173,270.553833,719.058411,67.832264,369.108109,202.979977,554.375916,18,98,55,148,1.727539,Very_Close,valid_depth,conf2,1197,981,conf_eq_2,,Very_Close,true,2026-07-02T11:42:37-04:00
Pave2_001542,Pave2,1542,51.42024925001897,1,yolo,0.923062,131.783096,319.581848,327.093018,719.456421,180.610576,379.563034,278.265537,559.506592,48,101,75,150,2.091797,Very_Close,valid_depth,conf2,1084,923,conf_eq_2,,Very_Close,true,2026-07-02T11:42:37-04:00
Pave2_001554,Pave2,1554,51.820406625047326,1,yolo,0.903297,240.955582,332.309601,400.248108,719.411499,280.778713,390.374886,360.424977,564.57074,74,104,97,151,2.443359,Very_Close,valid_depth,conf2,916,750,conf_eq_2,,Very_Close,true,2026-07-02T11:42:37-04:00
Pave2_001572,Pave2,1572,52.42064275010489,1,yolo,0.931847,380.126587,341.575928,525.727539,719.207336,416.526825,398.220639,489.327301,568.154773,111,106,131,152,2.912109,Very_Close,valid_depth,conf2,845,485,conf_eq_2,,Very_Close,true,2026-07-02T11:42:37-04:00
Pave2_001590,Pave2,1590,53.020878666080534,1,yolo,0.914642,490.029144,342.289124,624.515015,703.655823,523.650612,396.494129,590.893547,559.109143,139,105,158,150,3.347656,Close,valid_depth,conf2,787,521,conf_eq_2,,Close,true,2026-07-02T11:42:37-04:00
Pave2_001608,Pave2,1608,53.62111462512985,1,yolo,0.890092,560.865356,346.671112,655.804932,664.470459,584.60025,394.341014,632.070038,537.35072,155,105,169,144,3.833984,Close,valid_depth,conf2,500,343,conf_eq_2,,Close,true,2026-07-02T11:42:37-04:00
Pave2_001620,Pave2,1620,54.02127195801586,1,yolo,0.913504,587.584595,349.841095,698.362183,647.138855,615.278992,394.435759,670.667786,528.219751,164,105,179,141,4.164062,Close,valid_depth,conf2,480,169,conf_eq_2,,Close,true,2026-07-02T11:42:37-04:00
Pave2_001638,Pave2,1638,54.62150800018571,1,yolo,0.901382,621.092285,349.645538,724.197144,619.021912,646.8685,390.051994,698.420929,511.271362,172,104,187,137,4.648438,Close,valid_depth,conf2,412,291,conf_eq_2,,Close,true,2026-07-02T11:42:37-04:00
Pave2_001650,Pave2,1650,55.02166529116221,1,yolo,0.884341,642.82605,350.11795,728.709351,606.260193,664.296875,388.539286,707.238526,503.803296,177,103,189,135,4.949219,Close,valid_depth,conf2,354,290,conf_eq_2,,Close,true,2026-07-02T11:42:37-04:00
Pave2_001662,Pave2,1662,55.421822500182316,1,yolo,0.915986,642.123779,349.751251,731.418091,587.624634,664.447357,385.432258,709.094513,492.475281,177,102,190,132,5.265625,Close,valid_depth,conf2,316,218,conf_eq_2,,Close,true,2026-07-02T11:42:37-04:00
Pave2_001674,Pave2,1674,55.821979833068326,1,yolo,0.924976,637.432373,353.643005,715.001465,569.591187,656.824646,386.035232,695.609192,483.211914,175,102,186,129,5.625,Close,valid_depth,conf2,245,150,conf_eq_2,,Close,true,2026-07-02T11:42:37-04:00
Pave2_001686,Pave2,1686,56.22213712497614,1,yolo,0.921427,631.354248,353.273621,711.43103,563.920349,651.373444,384.87063,691.411834,479.661658,173,102,185,128,6.011719,Far,valid_depth,conf2,216,2,conf_eq_2,,Far,true,2026-07-02T11:42:37-04:00
Pave2_001698,Pave2,1698,56.622294374974445,1,yolo,0.878871,620.168579,352.797485,684.748779,549.792603,636.313629,382.346753,668.603729,470.994556,169,101,179,126,6.164062,Far,valid_depth,conf2,124,3,conf_eq_2,,Far,true,2026-07-02T11:42:37-04:00
Pave2_001710,Pave2,1710,57.02245166618377,1,yolo,0.889385,597.288391,354.496704,664.363037,541.637634,614.057053,382.567844,647.594375,466.781262,163,102,173,125,6.660156,Far,valid_depth,conf2,151,56,conf_eq_2,,Far,true,2026-07-02T11:42:37-04:00
Pave2_001722,Pave2,1722,57.422609040979296,1,edited,0.870438,581.890442,352.529297,637.922302,536.966431,595.898407,380.194867,623.914337,463.191577,158,101,167,124,,,not_valid_depth,none,,,no_valid_depth_in_inner_box,>6,>6,true,2026-07-02T11:42:37-04:00
Pave2_001740,Pave2,1740,58.02284479117952,1,edited,0.931004,550.195984,348.607941,612.22345,543.556519,565.70285,377.850228,596.716583,465.577088,150,100,160,125,6.679688,Far,valid_depth,conf1,3,,fallback_conf_ge_1,,Far,true,2026-07-02T11:42:37-04:00
Pave2_001752,Pave2,1752,58.42300216597505,1,yolo,0.903056,534.177734,355.631958,609.281616,546.193481,552.953704,384.216186,590.505646,469.968872,147,102,158,126,6.492188,Far,valid_depth,conf2,183,43,conf_eq_2,,Far,true,2026-07-02T11:42:37-04:00
Pave2_001764,Pave2,1764,58.82315933308564,1,yolo,0.905337,519.362732,353.494202,594.163879,560.338013,538.063019,384.520774,575.463592,477.600489,143,102,154,128,5.941406,Close,valid_depth,conf2,193,32,conf_eq_2,,Close,true,2026-07-02T11:42:37-04:00
Pave2_001806,Pave2,1806,60.223709791200235,1,yolo,0.894287,488.519989,353.33606,585.953369,614.953735,512.878334,392.578711,561.595024,510.306665,136,104,150,137,4.789062,Close,valid_depth,conf1,312,,fallback_conf_ge_1,,Close,true,2026-07-02T11:42:37-04:00
