recording,loc,frame_id,time_sec,person_rank,person_count,bbox,bbox_x1,bbox_y1,bbox_x2,bbox_y2,bbox_area,yolo_conf,dist_conf2,dist_conf1,gt_distance_m,band,has_conf2,conf2_pixel_count,conf1_pixel_count,conf2_vs_conf1_abs_diff_m,divergence_flag,sharpness,vest,hard_hat,occlusion,orientation,lateral
Garage1,Garage,0,0.0,1,1,"477.03,402.49,577.70,719.47",477.025390625,402.4860534667969,577.6998901367188,719.470703125,31912.27095723711,0.8987530469894409,2.96875,2.97265625,2.96875,<3,True,742,818,0.00390625,False,529.7536103732328,,,,,
Garage1,Garage,36,0.6002368750050664,1,1,"357.85,404.49,487.25,719.61",357.853759765625,404.4872131347656,487.2486877441406,719.6124267578125,40775.6043209685,0.8997597098350525,3.45703125,3.4755859375,3.45703125,3-5,True,632,852,0.0185546875,False,931.5880024901495,,,,,
Garage1,Garage,60,1.0003945000935346,1,1,"336.19,401.16,441.54,718.25",336.1938171386719,401.1550598144531,441.5364074707031,718.25048828125,33403.6538171377,0.8854735493659973,3.806640625,3.814453125,3.806640625,3-5,True,590,802,0.0078125,False,1315.660793030763,,,,,
Garage1,Garage,108,1.8007089160382748,1,1,"269.34,405.61,374.01,678.37",269.3353271484375,405.609130859375,374.01416015625,678.3721313476562,28552.512578822672,0.8689025640487671,4.578125,4.5859375,4.578125,3-5,True,458,640,0.0078125,False,1420.6043572820222,,,,,
Garage1,Garage,132,2.2008658749982715,1,1,"233.62,404.87,314.44,658.94",233.61538696289062,404.87384033203125,314.4449157714844,658.9449462890625,20536.447778385133,0.7950270771980286,4.83984375,4.78125,4.83984375,3-5,True,47,450,0.05859375,False,1797.7512133277803,,,,,
Garage1,Garage,588,9.803841958055273,1,1,"693.88,412.39,791.35,588.98",693.881591796875,412.39080810546875,791.3541259765625,588.9835815429688,17212.94514477253,0.8521971702575684,6.72265625,6.76171875,6.72265625,>5,True,25,262,0.0390625,False,899.7538977974241,,,,,
Garage1,Garage,612,10.20399820804596,1,1,"635.03,407.59,718.34,585.70",635.0262451171875,407.5875549316406,718.3357543945312,585.6993408203125,14838.405478896573,0.8270724415779114,7.04296875,7.06640625,7.04296875,>5,True,116,271,0.0234375,False,1425.3987201621494,,,,,
Garage1,Garage,672,11.204388833139092,1,1,"537.15,410.57,587.63,578.72",537.1483154296875,410.5655822753906,587.6302490234375,578.718994140625,8488.709371343255,0.8410266041755676,7.2578125,7.2734375,7.2578125,>5,True,83,193,0.015625,False,1726.1456866281378,,,,,
Garage1,Garage,720,12.004701416008174,1,1,"475.24,409.73,523.10,567.07",475.2381591796875,409.72576904296875,523.0988159179688,567.0714111328125,7530.66576532647,0.8137252330780029,,9.6015625,9.6015625,>5,False,0,7,,False,1642.2629029302477,,,,,
Garage1,Garage,804,13.405248166061938,1,1,"428.28,405.55,463.69,546.51",428.28070068359375,405.5474853515625,463.68536376953125,546.5101318359375,4990.735006481409,0.8152837157249451,,8.66796875,8.66796875,>5,False,0,22,,False,3721.2660838148786,,,,,
Garage1,Garage,840,14.005482291104272,1,1,"400.58,409.39,451.61,553.06",400.5834045410156,409.3891296386719,451.6127014160156,553.0621337890625,7331.53238171339,0.8060327768325806,,8.546875,8.546875,>5,False,0,140,,False,3306.968303020495,,,,,
Garage1,Garage,888,14.805794625077397,1,1,"378.61,407.31,432.90,575.31",378.6145935058594,407.3132629394531,432.89501953125,575.3076171875,9118.805118444376,0.8771430850028992,8.07421875,7.40625,8.07421875,>5,True,8,189,0.66796875,True,3097.115012467154,,,,,
Garage1,Garage,984,16.40641887509264,1,1,"339.91,411.46,416.59,633.98",339.91033935546875,411.45611572265625,416.5858154296875,633.978515625,17062.010949689895,0.8514887094497681,5.58203125,5.58984375,5.58203125,>5,True,239,388,0.0078125,False,2512.5692523860657,,,,,
Garage1,Garage,1008,16.806574875023216,1,1,"323.30,408.93,403.48,645.79",323.29547119140625,408.9339294433594,403.47918701171875,645.7916259765625,18992.130228672177,0.9012460708618164,5.1953125,5.203125,5.1953125,>5,True,326,472,0.0078125,False,2572.9945830883526,,,,,
Garage1,Garage,1032,17.206730875186622,1,1,"302.93,407.52,390.85,671.14",302.93218994140625,407.51678466796875,390.8486328125,671.142578125,23177.04200981185,0.8548537492752075,4.72265625,4.73828125,4.72265625,3-5,True,254,545,0.015625,False,2413.819506904444,,,,,
Garage1,Garage,1056,17.60688691609539,1,1,"225.97,412.06,371.82,686.65",225.97164916992188,412.05926513671875,371.81854248046875,686.654296875,40048.83229753934,0.9050442576408386,4.484375,4.5,4.484375,3-5,True,449,777,0.015625,False,1454.3364375929987,,,,,
Garage1,Garage,1356,22.608834458049387,1,1,"292.61,409.27,386.19,692.40",292.606201171875,409.2673645019531,386.193359375,692.39697265625,26497.29543032497,0.8449285626411438,4.265625,4.28515625,4.265625,3-5,True,389,571,0.01953125,False,1502.672761741531,,,,,
Garage1,Garage,1380,23.00899004121311,1,1,"341.33,406.69,489.06,692.11",341.32958984375,406.69061279296875,489.0621337890625,692.1102905273438,42165.77508375049,0.892087459564209,4.265625,4.296875,4.265625,3-5,True,473,816,0.03125,False,1003.347141462247,,,,,
Garage1,Garage,1428,23.809300958178937,1,1,"521.32,405.13,591.15,688.78",521.32421875,405.1333923339844,591.1502685546875,688.783935546875,19806.196957509965,0.8266228437423706,4.3203125,4.328125,4.3203125,3-5,True,404,480,0.0078125,False,1101.2340136485855,,,,,
Garage1,Garage,1704,28.41108625009656,1,2,"665.90,407.36,761.34,705.43",665.89501953125,407.3579406738281,761.3421630859375,705.4315185546875,28450.27157785371,0.8733850121498108,4.234375,4.23828125,4.234375,3-5,True,450,670,0.00390625,False,2060.421937901317,,,,,
Garage1,Garage,1704,28.41108625009656,2,2,"234.24,420.80,340.25,628.79",234.24375915527344,420.8015441894531,340.25128173828125,628.791015625,22048.448590231594,0.8738968968391418,6.46875,5.50390625,6.46875,>5,True,112,457,0.96484375,True,1473.9724033113614,,,,,
Garage1,Garage,1728,28.81124141602777,1,2,"634.70,403.56,741.82,707.29",634.7005615234375,403.56451416015625,741.822998046875,707.2886962890625,32535.67442073673,0.9055755734443665,4.890625,4.13671875,4.890625,3-5,True,30,695,0.75390625,True,2182.146736196592,,,,,
Garage1,Garage,1728,28.81124141602777,2,2,"321.09,414.21,387.75,608.45",321.08746337890625,414.20782470703125,387.7467956542969,608.4515991210938,12948.160301093012,0.74559485912323,5.91015625,5.900390625,5.91015625,>5,True,109,256,0.009765625,False,1969.1537197816735,,,,,
Garage1,Garage,1752,29.21139641618356,1,2,"590.73,408.97,713.07,703.39",590.7252197265625,408.96588134765625,713.065673828125,703.3914184570312,36020.15390905738,0.8739671111106873,4.171875,4.18359375,4.171875,3-5,True,657,797,0.01171875,False,1405.964959632496,,,,,
Garage1,Garage,1752,29.21139641618356,2,2,"382.62,417.36,442.15,591.46",382.61883544921875,417.35894775390625,442.1509094238281,591.4598999023438,10364.590762350708,0.7095022201538086,6.38671875,6.4140625,6.38671875,>5,True,52,227,0.02734375,False,2167.4880340834425,,,,,
Garage1,Garage,1776,29.611551333218813,1,2,"585.85,406.48,654.39,693.46",585.8491821289062,406.483154296875,654.386474609375,693.4572143554688,19668.425088543445,0.8044403195381165,4.17578125,4.1796875,4.17578125,3-5,True,411,492,0.00390625,False,2149.698193027211,,,,,
Garage1,Garage,1776,29.611551333218813,2,2,"416.89,409.89,495.44,581.80",416.8946228027344,409.88946533203125,495.4426574707031,581.7962036132812,13502.936438173056,0.8117256164550781,7.0390625,7.046875,7.0390625,>5,True,120,245,0.0078125,False,1736.4353420595407,,,,,
Garage1,Garage,1800,30.011706290999427,1,2,"574.82,409.17,652.03,698.81",574.8203125,409.1684875488281,652.031005859375,698.8089599609375,22363.34169987589,0.8362821936607361,4.25,4.2734375,4.25,3-5,True,336,553,0.0234375,False,2214.1628218594346,,,,,
Garage1,Garage,1800,30.011706290999427,2,2,"465.46,424.38,531.99,574.46",465.462158203125,424.37994384765625,531.9907836914062,574.4583129882812,9984.507614448667,0.8562430739402771,7.232421875,7.17578125,7.232421875,>5,True,16,195,0.056640625,False,1844.8244398890206,,,,,
Garage1,Garage,1824,30.411861166125163,1,2,"578.66,407.98,647.99,697.53",578.6551513671875,407.9786376953125,647.9892578125,697.5343627929688,20076.087465770543,0.8468683362007141,4.25390625,4.2578125,4.25390625,3-5,True,470,536,0.00390625,False,2019.616992282441,,,,,
Garage1,Garage,1824,30.411861166125163,2,2,"505.85,419.42,568.51,563.19",505.8467102050781,419.4238586425781,568.511962890625,563.1851806640625,9008.839570884593,0.8420112133026123,9.11328125,7.7265625,9.11328125,>5,True,8,154,1.38671875,True,1981.983334746117,,,,,
Garage1,Garage,1848,30.812016083160415,1,2,"570.95,405.52,657.55,698.18",570.9527587890625,405.51617431640625,657.5506591796875,698.1771240234375,25343.823770955205,0.8629082441329956,4.28125,4.2890625,4.28125,3-5,True,433,600,0.0078125,False,1918.8852508352213,,,,,
Garage1,Garage,1848,30.812016083160415,2,2,"539.96,413.96,586.13,556.32",539.9590454101562,413.9583435058594,586.1265258789062,556.3240966796875,6572.668129071593,0.64091956615448,,9.1640625,9.1640625,>5,False,0,7,,False,2806.589011109905,,,,,
Garage1,Garage,1872,31.212171000195667,1,1,"565.58,405.88,655.37,677.09",565.5764770507812,405.8798828125,655.365478515625,677.0922241210938,24351.885311041027,0.897250235080719,4.4765625,4.4765625,4.4765625,3-5,True,391,605,0.0,False,2002.6241199741823,,,,,
Garage1,Garage,1896,31.612325875088573,1,1,"577.56,405.24,666.73,668.19",577.5562744140625,405.2350158691406,666.72705078125,668.1890869140625,23447.818663988262,0.8630111217498779,4.6953125,4.703125,4.6953125,3-5,True,375,547,0.0078125,False,1641.191722002219,,,,,
Garage1,Garage,1932,32.21255829115398,1,1,"624.01,408.13,705.48,650.34",624.0130615234375,408.1343078613281,705.477294921875,650.337646484375,19730.909307468683,0.7923562526702881,5.0546875,5.05859375,5.0546875,>5,True,332,472,0.00390625,False,1768.7945628500245,,,,,
Garage1,Garage,2064,34.41341016604565,1,2,"709.52,415.40,747.40,504.55",709.5245361328125,415.4024963378906,747.4000854492188,504.5466613769531,3376.3842192068696,0.6820501089096069,,11.48046875,11.48046875,>5,False,0,18,,False,2066.718228666975,,,,,
Garage1,Garage,2064,34.41341016604565,2,2,"901.06,411.06,942.05,449.04",901.0556030273438,411.0628967285156,942.0463256835938,449.0393371582031,1556.68173712492,0.42416760325431824,,,,,False,0,0,,False,2097.158321667479,,,,,
Garage1,Garage,2304,38.41495654103346,1,1,"612.59,409.12,661.73,565.48",612.5903930664062,409.1170349121094,661.7320556640625,565.4786376953125,7683.869127200916,0.7756804823875427,8.40625,7.62109375,8.40625,>5,True,1,129,0.78515625,True,2039.9862979268933,,,,,
Garage1,Garage,2340,39.01518820808269,1,1,"550.54,410.35,590.71,566.15",550.5353393554688,410.3509521484375,590.7141723632812,566.1478881835938,6259.739076085389,0.8054837584495544,7.75390625,7.83203125,7.75390625,>5,True,45,143,0.078125,False,2302.4344194875594,,,,,
Garage1,Garage,2376,39.61541979108006,1,1,"493.40,410.91,533.81,564.04",493.4007568359375,410.90570068359375,533.8068237304688,564.040283203125,6187.5661851502955,0.8423591256141663,7.810546875,7.818359375,7.810546875,>5,True,38,132,0.0078125,False,2541.2069968757755,,,,,
Garage1,Garage,2472,41.21603700006381,1,2,"374.67,405.08,438.48,589.19",374.6728820800781,405.0784606933594,438.475341796875,589.186279296875,11746.531679998152,0.8800843954086304,6.705078125,6.71875,6.705078125,>5,True,32,260,0.013671875,False,2819.070611209322,,,,,
Garage1,Garage,2472,41.21603700006381,2,2,"568.12,404.66,581.47,445.96",568.123291015625,404.6561279296875,581.4683837890625,445.9558410644531,551.1485032998025,0.25621747970581055,,18.34375,18.34375,>5,False,0,9,,False,3188.8536952195846,,,,,
Garage1,Garage,2532,42.216422458179295,1,2,"379.02,411.14,433.65,595.25",379.0192565917969,411.1425476074219,433.6524353027344,595.2490234375,10058.321995865554,0.8046076893806458,6.34375,6.373046875,6.34375,>5,True,49,214,0.029296875,False,2022.5044668280523,,,,,
Garage1,Garage,2532,42.216422458179295,2,2,"564.21,405.97,578.21,447.04",564.2132568359375,405.96832275390625,578.2109375,447.03521728515625,574.8412755131721,0.5814042687416077,,,,,False,0,0,,False,3906.9012775674532,,,,,
Garage1,Garage,2568,42.816653666086495,1,1,"423.08,406.20,481.59,584.83",423.076904296875,406.198974609375,481.5933837890625,584.834716796875,10453.134744286537,0.8660253286361694,6.9296875,6.953125,6.9296875,>5,True,44,226,0.0234375,False,1446.1542047879423,,,,,
Garage1,Garage,2616,43.616961958119646,1,2,"442.63,410.96,493.46,565.12",442.6291809082031,410.96142578125,493.4647521972656,565.1232299804688,7836.903387419879,0.8249759674072266,8.80859375,7.8359375,8.80859375,>5,True,2,114,0.97265625,True,1626.076586428439,,,,,
Garage1,Garage,2616,43.616961958119646,2,2,"555.04,409.13,570.85,449.77",555.0433959960938,409.1250915527344,570.8475952148438,449.7745056152344,642.4314379692078,0.43759578466415405,,18.296875,18.296875,>5,False,0,24,,False,3336.4097983900956,,,,,
Garage1,Garage,2652,44.21719304122962,1,2,"439.23,409.60,485.83,549.01",439.2272644042969,409.60162353515625,485.83026123046875,549.0064697265625,6496.683604611084,0.8537525534629822,,8.578125,8.578125,>5,False,0,21,,False,1627.554109969256,,,,,
Garage1,Garage,2652,44.21719304122962,2,2,"551.75,408.82,566.94,451.23",551.751220703125,408.8160095214844,566.9420776367188,451.2318420410156,644.3328435234725,0.3487405478954315,,18.5078125,18.5078125,>5,False,0,24,,False,2404.102716619318,,,,,
Garage1,Garage,2676,44.61734712519683,1,2,"437.34,409.28,480.15,541.16",437.33734130859375,409.276611328125,480.1452941894531,541.162841796875,5645.77953954041,0.8307268023490906,9.0,9.0625,9.0,>5,True,14,120,0.0625,False,1977.9170994288836,,,,,
Garage1,Garage,2676,44.61734712519683,2,2,"548.77,406.61,564.64,451.83",548.7705078125,406.61004638671875,564.6373291015625,451.83251953125,717.5368996337056,0.3624523878097534,,18.390625,18.390625,>5,False,0,27,,False,1462.9326992889894,,,,,
Garage1,Garage,2700,45.01750108320266,1,2,"441.03,405.94,483.39,530.82",441.02581787109375,405.93695068359375,483.39422607421875,530.8165283203125,5290.94892154634,0.8268386721611023,,9.578125,9.578125,>5,False,0,63,,False,1913.3853259529878,,,,,
Garage1,Garage,2700,45.01750108320266,2,2,"545.46,407.26,561.57,451.20",545.45654296875,407.25531005859375,561.567626953125,451.2034606933594,708.0523458346725,0.5251104831695557,,18.4765625,18.4765625,>5,False,0,26,,False,1903.1582143619976,,,,,
Garage1,Garage,2784,46.418040291173384,1,2,"488.42,411.82,529.47,518.67",488.4174499511719,411.8198547363281,529.474609375,518.6683349609375,4386.895086775534,0.7403966784477234,,17.578125,17.578125,>5,False,0,11,,False,2116.2374636068416,,,,,
Garage1,Garage,2784,46.418040291173384,2,2,"529.70,408.20,548.48,459.89",529.6961059570312,408.20123291015625,548.4779052734375,459.886962890625,970.751008015126,0.39080432057380676,,18.328125,18.328125,>5,False,0,3,,False,1963.7783986686393,,,,,
Garage1,Garage,2856,47.618502125144005,1,2,"563.28,409.50,600.87,523.92",563.2791137695312,409.50421142578125,600.8682861328125,523.9176635742188,4300.706973485649,0.8119503259658813,,11.3984375,11.3984375,>5,False,0,2,,False,3111.7677638255423,,,,,
Garage1,Garage,2856,47.618502125144005,2,2,"516.87,406.93,536.92,461.46",516.8688354492188,406.92828369140625,536.9219970703125,461.46075439453125,1093.5484486073256,0.6426441073417664,,,,,False,0,0,,False,1601.093352306909,,,,,
Garage1,Garage,2892,48.21873320802115,1,2,"575.84,409.32,621.46,534.66",575.83984375,409.3160705566406,621.4560546875,534.6626586914062,5717.836404651403,0.8052302002906799,,10.75,10.75,>5,False,0,4,,False,3086.8573364124245,,,,,
Garage1,Garage,2892,48.21873320802115,2,2,"511.77,405.98,532.60,462.74",511.77447509765625,405.9753112792969,532.5999755859375,462.73846435546875,1182.1210721042007,0.7876777648925781,,,,,False,0,0,,False,1467.8632825935279,,,,,
Garage1,Garage,2916,48.61888716602698,1,2,"580.31,411.12,625.30,541.06",580.3056640625,411.1183776855469,625.299072265625,541.064453125,5846.71681664139,0.8269230723381042,,9.046875,9.046875,>5,False,0,33,,False,3480.4007373348086,,,,,
Garage1,Garage,2916,48.61888716602698,2,2,"509.05,406.03,529.85,465.38",509.04522705078125,406.0345458984375,529.847412109375,465.37554931640625,1234.4225346632302,0.7568691372871399,,,,,False,0,0,,False,1915.2623047367092,,,,,
Garage1,Garage,2988,49.81934912502766,1,2,"557.68,408.19,609.90,567.48",557.6766357421875,408.1944580078125,609.9041748046875,567.4775390625,8318.963337779045,0.8568481206893921,7.830078125,7.8359375,7.830078125,>5,True,54,199,0.005859375,False,3240.9073190943172,,,,,
Garage1,Garage,2988,49.81934912502766,2,2,"504.04,406.02,526.79,468.47",504.04248046875,406.01641845703125,526.7852783203125,468.47021484375,1420.374066285789,0.7099043726921082,,,,,False,0,0,,False,2304.806699939655,,,,,
Garage1,Garage,3012,50.21950316615403,1,2,"540.39,411.57,596.05,578.07",540.3890991210938,411.5672607421875,596.0498657226562,578.0700073242188,9267.67051602155,0.8603209853172302,7.328125,7.3515625,7.328125,>5,True,90,235,0.0234375,False,2905.866854625686,,,,,
Garage1,Garage,3012,50.21950316615403,2,2,"505.20,406.03,526.53,471.63",505.1961364746094,406.03436279296875,526.5255126953125,471.6280517578125,1399.0724696349353,0.7206757664680481,,,,,False,0,0,,False,2734.615008082326,,,,,
Garage1,Garage,3048,50.819734333083034,1,2,"510.85,408.01,569.94,594.56",510.8521728515625,408.0128173828125,569.9401245117188,594.5575561523438,11022.546506870538,0.8475678563117981,6.6171875,6.62109375,6.6171875,>5,True,142,268,0.00390625,False,2370.5763337289213,,,,,
Garage1,Garage,3048,50.819734333083034,2,2,"504.81,405.85,525.75,446.08",504.810791015625,405.8486022949219,525.7465209960938,446.080810546875,842.2906484808773,0.3530096709728241,,,,,False,0,0,,False,2666.7813419444915,,,,,
Garage1,Garage,3072,51.219888291088864,1,1,"473.82,410.74,546.01,608.72",473.8219299316406,410.7380676269531,546.00634765625,608.7197265625,14291.190770414658,0.8908342719078064,6.265625,6.27734375,6.265625,>5,True,189,323,0.01171875,False,1641.1784763433438,,,,,
Garage1,Garage,3108,51.82011937513016,1,2,"427.80,407.97,493.41,632.07",427.79736328125,407.97027587890625,493.4107360839844,632.0650024414062,14703.610837072134,0.8708744049072266,5.53125,5.54296875,5.53125,>5,True,283,366,0.01171875,False,1720.832576986468,,,,,
Garage1,Garage,3108,51.82011937513016,2,2,"507.11,407.22,533.12,480.87",507.11279296875,407.2160339355469,533.1205444335938,480.8659973144531,1915.4699429534376,0.8042846322059631,,,,,False,0,0,,False,4261.7148790432075,,,,,
Garage1,Garage,3132,52.22027345816605,1,2,"349.90,412.05,467.39,644.28",349.9018859863281,412.04864501953125,467.388427734375,644.280029296875,27284.062224106863,0.9020313024520874,5.2265625,5.24609375,5.2265625,>5,True,324,536,0.01953125,False,1329.4547423762158,,,,,
Garage1,Garage,3132,52.22027345816605,2,2,"510.11,407.83,537.41,483.67",510.1085205078125,407.8325500488281,537.4102783203125,483.6711730957031,2070.527719259262,0.7853363752365112,,,,,False,0,0,,False,3490.290300873259,,,,,
Garage1,Garage,3156,52.620427458081394,1,2,"312.94,410.73,392.46,652.75",312.93695068359375,410.72918701171875,392.461669921875,652.747314453125,19246.423635352403,0.7877689599990845,4.8515625,4.859375,4.8515625,3-5,True,268,404,0.0078125,False,1711.2516003457938,,,,,
Garage1,Garage,3156,52.620427458081394,2,2,"509.24,407.07,537.42,487.59",509.24432373046875,407.0739440917969,537.4202270507812,487.5912780761719,2268.648617953062,0.8189215064048767,,,,,False,0,0,,False,3206.0189905362663,,,,,
Garage2,Garage,0,0.0,1,1,"0.28,392.89,154.97,719.29",0.28347015380859375,392.893798828125,154.9668731689453,719.2904663085938,50488.14725867892,0.90962153673172,2.091796875,2.080078125,2.091796875,<3,True,168,1223,0.01171875,False,1014.6693590960612,,,,,
Garage2,Garage,24,0.4001566250808537,1,1,"119.54,392.07,260.36,719.51",119.54157257080078,392.0650634765625,260.358642578125,719.5123291015625,46110.164527222514,0.8818378448486328,2.375,2.376953125,2.375,<3,True,1098,1132,0.001953125,False,557.1588212708549,,,,,
Garage2,Garage,60,1.0003912500105798,1,1,"286.66,387.78,400.09,719.26",286.66400146484375,387.77984619140625,400.09246826171875,719.2640380859375,37599.74365399778,0.8819544315338135,2.947265625,2.951171875,2.947265625,<3,True,803,905,0.00390625,False,1094.9069642022341,,,,,
Garage2,Garage,84,1.4005475419107825,1,1,"355.70,397.75,481.20,719.59",355.6993408203125,397.74810791015625,481.1970520019531,719.586181640625,40389.94162428193,0.8855903148651123,3.275390625,3.298828125,3.275390625,3-5,True,606,838,0.0234375,False,869.6533488056097,,,,,
Garage2,Garage,120,2.0007817500736564,1,1,"479.91,400.45,610.77,706.29",479.90899658203125,400.4469909667969,610.7697143554688,706.2877197265625,40022.53728985414,0.8842340111732483,3.931640625,3.9609375,3.931640625,3-5,True,633,915,0.029296875,False,888.3021343623047,,,,,
Garage2,Garage,144,2.4009379579219967,1,1,"537.89,403.66,662.24,696.65",537.8931884765625,403.6641540527344,662.23876953125,696.6531372070312,36431.88535294309,0.8843225836753845,4.2890625,4.31640625,4.2890625,3-5,True,561,850,0.02734375,False,950.3104015512139,,,,,
Garage2,Garage,168,2.8010939999949187,1,1,"579.96,398.19,718.82,672.31",579.9625244140625,398.1903991699219,718.8248901367188,672.3085327148438,38064.69251152687,0.9248294234275818,4.62890625,4.66796875,4.62890625,3-5,True,367,732,0.0390625,False,1193.5730315695732,,,,,
Garage2,Garage,216,3.6014061248861253,1,1,"696.33,406.10,779.69,636.14",696.328125,406.09771728515625,779.691650390625,636.1417236328125,19177.27936412394,0.8971468210220337,5.25,5.28125,5.25,>5,True,205,399,0.03125,False,1073.5018998966564,,,,,
Garage2,Garage,444,7.402886291965842,1,1,"735.41,414.13,822.97,563.78",735.4099731445312,414.12847900390625,822.9669799804688,563.7750244140625,13102.603599451482,0.8212814331054688,,17.484375,17.484375,>5,False,0,7,,False,1228.3755949494948,,,,,
Garage2,Garage,468,7.803041874896735,1,1,"701.31,408.66,756.23,556.77",701.3123779296875,408.66082763671875,756.232421875,556.76806640625,8134.0560618415475,0.8141403794288635,,8.3046875,8.3046875,>5,False,0,89,,False,2143.958346011257,,,,,
Garage2,Garage,492,8.203197374939919,1,1,"666.48,411.76,707.76,552.89",666.48486328125,411.7606201171875,707.7562866210938,552.8919067382812,5824.689076635987,0.722063422203064,,8.4453125,8.4453125,>5,False,0,86,,False,2062.347252079434,,,,,
Garage2,Garage,516,8.603353000013158,1,1,"608.34,412.38,684.48,554.38",608.335693359375,412.37982177734375,684.4786376953125,554.3760375976562,10812.009957119823,0.8472281694412231,,8.9609375,8.9609375,>5,False,0,33,,False,1458.6798841633595,,,,,
Garage2,Garage,552,9.203586291987449,1,1,"553.12,408.04,612.14,550.54",553.1163330078125,408.0352478027344,612.1416015625,550.544921875,8411.671783756465,0.760676920413971,9.109375,8.65625,9.109375,>5,True,3,135,0.453125,False,1780.5361388359115,,,,,
Garage2,Garage,648,10.804207999957725,1,1,"395.52,408.38,455.83,544.31",395.51641845703125,408.3791198730469,455.8333740234375,544.3060302734375,8198.697414899245,0.79732346534729,,13.0859375,13.0859375,>5,False,0,5,,False,1657.4188125109638,,,,,
Garage2,Garage,672,11.204363292083144,1,1,"353.89,406.12,417.86,543.22",353.8921203613281,406.1172180175781,417.85528564453125,543.222412109375,8769.682190879248,0.8707215189933777,,9.8515625,9.8515625,>5,False,0,18,,False,2698.1903884246885,,,,,
Garage2,Garage,912,15.205915041966364,1,1,"416.60,405.86,487.17,556.97",416.6020202636719,405.86041259765625,487.1706848144531,556.9718627929688,10663.733238615096,0.888767421245575,8.6953125,8.9921875,8.6953125,>5,True,5,43,0.296875,False,1876.1519055058475,,,,,
Garage2,Garage,960,16.006224875105545,1,1,"488.33,404.37,539.25,571.65",488.3330383300781,404.3697509765625,539.250244140625,571.6539916992188,8517.646113736555,0.8319619297981262,7.5390625,7.55078125,7.5390625,>5,True,77,207,0.01171875,False,2226.797835602899,,,,,
Garage2,Garage,996,16.606457124929875,1,1,"537.10,403.46,608.83,588.77",537.09716796875,403.46063232421875,608.825927734375,588.7734375,13292.257683947682,0.8701013326644897,6.8671875,6.88671875,6.8671875,>5,True,135,252,0.01953125,False,2006.8621500378176,,,,,
Garage2,Garage,1056,17.606844166992232,1,1,"644.80,402.05,710.36,618.27",644.8043212890625,402.05096435546875,710.3626708984375,618.272705078125,14175.140471443534,0.8756043314933777,5.6328125,5.65625,5.6328125,>5,True,243,354,0.0234375,False,1760.12466062887,,,,,
Garage2,Garage,1080,18.006998874945566,1,1,"688.21,405.10,799.97,648.94",688.2108764648438,405.09869384765625,799.9674682617188,648.9424438476562,27251.14643096924,0.8871135711669922,5.22265625,5.2265625,5.22265625,>5,True,25,479,0.00390625,False,918.4477897569435,,,,,
Garage2,Garage,1308,21.808466957882047,1,2,"735.08,405.92,866.28,677.11",735.079345703125,405.9244079589844,866.2769165039062,677.113525390625,35579.35343463905,0.8768243193626404,5.330078125,5.88671875,5.330078125,>5,True,54,212,0.556640625,True,1421.620377484992,,,,,
Garage2,Garage,1308,21.808466957882047,2,2,"771.59,408.20,866.67,669.92",771.589111328125,408.20367431640625,866.6680908203125,669.9216918945312,24883.882026046515,0.33745285868644714,5.7578125,5.09375,5.7578125,>5,True,1,31,0.6640625,True,1921.8010911959989,,,,,
Garage2,Garage,1332,22.208621375029907,1,1,"723.40,398.42,824.45,697.41",723.40283203125,398.4169006347656,824.4462890625,697.4085693359375,30211.151829108596,0.8669294714927673,4.14453125,4.1640625,4.14453125,3-5,True,371,665,0.01953125,False,1638.9512805288566,,,,,
Garage2,Garage,1356,22.608775625005364,1,1,"660.83,395.55,782.58,719.70",660.8345947265625,395.5522155761719,782.575927734375,719.7003173828125,39462.222005892545,0.891627311706543,3.7734375,3.810546875,3.7734375,3-5,True,371,920,0.037109375,False,1536.0019549641916,,,,,
Garage2,Garage,1380,23.008930082898587,1,1,"581.46,396.23,761.63,719.59",581.4627685546875,396.2300720214844,761.6268310546875,719.5925903320312,58258.30495905876,0.9331954717636108,3.31640625,3.337890625,3.31640625,3-5,True,827,1147,0.021484375,False,1083.481075983124,,,,,
Garage2,Garage,1404,23.40908437501639,1,1,"540.29,394.63,671.12,719.54",540.2894897460938,394.6308288574219,671.124755859375,719.5401611328125,42509.59895093925,0.906173825263977,2.98046875,2.978515625,2.98046875,<3,True,783,1052,0.001953125,False,890.2261019793533,,,,,
Garage2,Garage,1428,23.80923862499185,1,1,"378.67,384.09,604.04,719.41",378.669677734375,384.0940246582031,604.0444946289062,719.4139404296875,75572.66461808793,0.9390770196914673,2.62890625,2.64453125,2.62890625,<3,True,919,1285,0.015625,False,641.9449291673933,,,,,
Garage2,Garage,1452,24.209392958087847,1,1,"277.44,380.72,411.20,718.71",277.4417724609375,380.715087890625,411.203125,718.7103881835938,45210.70851903409,0.8798856735229492,2.376953125,2.3828125,2.376953125,<3,True,274,916,0.005859375,False,1062.2742256371284,,,,,
Garage2,Garage,1476,24.60954724997282,1,1,"31.37,385.63,246.64,719.64",31.37482452392578,385.631103515625,246.63954162597656,719.6412353515625,71900.59653888177,0.8884151577949524,2.9140625,2.130859375,2.9140625,<3,True,937,1480,0.783203125,True,641.9009607830801,,,,,
Garage2,Garage,1704,28.411010999931023,1,1,"337.28,404.83,415.38,639.50",337.277099609375,404.8279724121094,415.38385009765625,639.5007934570312,18329.53147973679,0.8439168930053711,5.15625,5.16015625,5.15625,>5,True,379,431,0.00390625,False,1303.1525333509844,,,,,
Garage2,Garage,1728,28.81116491695866,1,1,"453.93,399.64,531.24,614.76",453.9324645996094,399.6396484375,531.2393188476562,614.7578735351562,16630.11327372305,0.884777307510376,6.02734375,6.05078125,6.02734375,>5,True,168,341,0.0234375,False,766.7212047350929,,,,,
Garage2,Garage,1764,29.411395832896233,1,1,"593.38,412.90,654.61,576.27",593.3820190429688,412.896728515625,654.6055297851562,576.2683715820312,10002.185544244945,0.8107496500015259,7.171875,7.1796875,7.171875,>5,True,82,166,0.0078125,False,1287.7489284004553,,,,,
Garage2,Garage,1824,30.411780582973734,1,1,"741.13,413.34,795.93,540.67",741.1265258789062,413.3357849121094,795.9298095703125,540.6697998046875,6978.322141723707,0.7612518668174744,,10.29296875,10.29296875,>5,False,0,2,,False,1190.7490346558627,,,,,
Garage2,Garage,2256,37.61454858304933,1,1,"623.60,412.81,683.13,541.79",623.59814453125,412.80596923828125,683.1303100585938,541.787109375,7678.526584524661,0.7738640904426575,,15.625,15.625,>5,False,0,11,,False,1605.6235431558289,,,,,
Garage2,Garage,2916,48.61877245805226,1,1,"458.78,409.34,515.29,532.33",458.775146484375,409.3395080566406,515.2894287109375,532.325927734375,6950.48923170194,0.8149808645248413,,12.4609375,12.4609375,>5,False,0,14,,False,2170.414249035048,,,,,
Garage2,Garage,3000,50.01930983294733,1,1,"545.00,405.11,595.02,562.99",545.00244140625,405.10894775390625,595.0189819335938,562.9898681640625,7896.657454188913,0.8558268547058105,7.828125,7.83203125,7.828125,>5,True,52,198,0.00390625,False,2912.9771688147503,,,,,
Garage2,Garage,3060,51.019693417008966,1,1,"618.81,407.65,682.80,597.78",618.8109741210938,407.6492614746094,682.7953491210938,597.7799072265625,12165.390536785126,0.8544387817382812,7.3046875,6.48046875,7.3046875,>5,True,9,229,0.82421875,True,2428.767733483378,,,,,
Garage2,Garage,3408,56.82191716693342,1,1,"804.50,405.35,894.92,541.87",804.500244140625,405.3538818359375,894.9239501953125,541.8659057617188,12343.92312439531,0.7704542279243469,,16.6484375,16.6484375,>5,False,0,4,,False,2317.0048886709105,,,,,
Garage2,Garage,3504,58.42253000009805,1,1,"534.02,404.39,656.53,657.73",534.0185546875,404.392822265625,656.5255126953125,657.728515625,31035.385148257017,0.9010696411132812,4.90234375,4.94140625,4.90234375,3-5,True,365,587,0.0390625,False,1010.4329686196221,,,,,
Garage2,Garage,3576,59.62298945803195,1,1,"340.69,398.42,415.11,640.18",340.69384765625,398.4222106933594,415.11407470703125,640.18408203125,17991.973357187584,0.8492405414581299,4.8984375,4.91015625,4.8984375,3-5,True,286,391,0.01171875,False,1709.0886210447597,,,,,
Garage2,Garage,3600,60.0231426670216,1,1,"258.43,402.64,381.42,648.27",258.4340515136719,402.63702392578125,381.41552734375,648.2722778320312,30208.586041286588,0.8642690777778625,5.04296875,5.0703125,5.04296875,>5,True,312,530,0.02734375,False,1857.9232696444678,,,,,
Garage2,Garage,3756,62.62413829192519,1,2,"213.42,402.23,279.79,702.84",213.4208221435547,402.23052978515625,279.79290771484375,702.84228515625,19952.22915122565,0.672082781791687,,4.7734375,4.7734375,3-5,False,0,214,,False,1923.787872012485,,,,,
Garage2,Garage,3756,62.62413829192519,2,2,"216.14,400.44,282.52,570.70",216.14227294921875,400.4435119628906,282.515625,570.697021484375,11300.29612535052,0.28774112462997437,,4.029296875,4.029296875,3-5,False,0,36,,False,2517.7438164548753,,,,,
Garage2,Garage,3780,63.02429141709581,1,1,"235.58,397.65,359.09,704.61",235.58482360839844,397.65447998046875,359.0877685546875,704.6134033203125,37910.33101001289,0.8920010328292847,4.05078125,4.07421875,4.05078125,3-5,True,451,762,0.0234375,False,1629.6974446793724,,,,,
Garage2,Garage,3804,63.42444458301179,1,1,"291.34,396.25,406.34,716.31",291.335205078125,396.2510986328125,406.33953857421875,716.310302734375,36808.19544699043,0.8738831281661987,3.8359375,3.85546875,3.8359375,3-5,True,597,859,0.01953125,False,1648.9710180265624,,,,,
Garage2,Garage,3840,64.0246743329335,1,1,"370.38,390.36,493.98,719.56",370.381103515625,390.35723876953125,493.98095703125,719.5645751953125,40689.97855849564,0.9143031239509583,3.38671875,3.396484375,3.38671875,3-5,True,671,940,0.009765625,False,1320.28526918449,,,,,
Garage2,Garage,3864,64.4248274168931,1,1,"417.22,390.27,579.24,719.47",417.22137451171875,390.27337646484375,579.24462890625,719.4746704101562,53338.26499591023,0.9335553050041199,3.02734375,3.033203125,3.02734375,3-5,True,1068,1214,0.005859375,False,1026.4104617351823,,,,,
Garage2,Garage,3900,65.02505712490529,1,1,"476.02,383.51,663.29,719.37",476.0167236328125,383.50689697265625,663.2949829101562,719.37255859375,62900.3364594318,0.9388440251350403,2.375,2.375,2.375,<3,True,1387,1459,0.0,False,1487.2104621276578,,,,,
Garage2,Garage,3924,65.42521029198542,1,1,"528.47,383.47,746.83,719.35",528.4710693359375,383.4712829589844,746.8345947265625,719.3511962890625,73343.92198265344,0.9324249625205994,1.9169921875,1.9248046875,1.9169921875,<3,True,1119,1597,0.0078125,False,835.6863854931526,,,,,
Garage2,Garage,3948,65.82536333310418,1,1,"569.93,385.18,913.69,719.40",569.9302368164062,385.1792907714844,913.69189453125,719.399169921875,114891.97969799303,0.9257251024246216,1.4755859375,1.4912109375,1.4755859375,<3,True,1269,2205,0.015625,False,866.9026219586078,,,,,
Garage2,Garage,3972,66.22551645804197,1,1,"690.32,356.88,959.34,719.03",690.3185424804688,356.8840026855469,959.33642578125,719.0302734375,97423.82320296206,0.9297531843185425,1.1171875,1.1123046875,1.1171875,<3,True,387,1292,0.0048828125,False,496.82305314867074,,,,,
Garage3,Garage,36,0.6002341671846807,1,1,"0.26,359.38,75.31,719.06",0.2629280090332031,359.3790283203125,75.31295776367188,719.059326171875,26994.017055917066,0.8636334538459778,,2.970703125,2.970703125,<3,False,0,124,,False,807.7029271436112,,,,,
Garage3,Garage,60,1.0003901252057403,1,4,"4.18,367.25,148.61,719.39",4.175708770751953,367.2513427734375,148.60787963867188,719.394775390625,50860.84042978147,0.7920361757278442,,1.8701171875,1.8701171875,<3,False,0,453,,False,872.8963480197449,,,,,
Garage3,Garage,60,1.0003901252057403,2,4,"834.37,384.85,959.49,719.90",834.36767578125,384.84759521484375,959.48876953125,719.8958129882812,41921.59946680069,0.8027509450912476,,,,,False,0,0,,False,1296.7854710814368,,,,,
Garage3,Garage,60,1.0003901252057403,3,4,"918.35,388.52,959.72,709.23",918.3505859375,388.51873779296875,959.7171630859375,709.225830078125,13266.554675064981,0.2544068396091461,,,,,False,0,0,,False,880.2414807811296,,,,,
Garage3,Garage,60,1.0003901252057403,4,4,"914.49,498.45,959.71,719.31",914.4948120117188,498.4492492675781,959.7149047851562,719.3106689453125,9987.373887900263,0.6224992275238037,,,,,False,0,0,,False,961.6454129274883,,,,,
Garage3,Garage,96,1.6006238751579076,1,2,"127.13,378.74,293.08,719.26",127.13351440429688,378.7408752441406,293.08209228515625,719.2578735351562,56508.311610653065,0.8966205716133118,2.193359375,2.1953125,2.193359375,<3,True,1195,1383,0.001953125,False,697.5318810239725,,,,,
Garage3,Garage,96,1.6006238751579076,2,2,"756.49,389.36,918.45,719.49",756.4901123046875,389.3638000488281,918.4503173828125,719.4933471679688,53467.849153764546,0.9091624021530151,2.349609375,2.3515625,2.349609375,<3,True,1070,1215,0.001953125,False,782.6409251035741,,,,,
Garage3,Garage,132,2.2008575000800192,1,2,"214.43,383.26,408.68,718.87",214.4257049560547,383.26287841796875,408.6783142089844,718.8654174804688,65191.668884798884,0.937455952167511,2.59375,2.595703125,2.59375,<3,True,1353,1433,0.001953125,False,1374.83295403933,,,,,
Garage3,Garage,132,2.2008575000800192,2,2,"660.31,393.27,813.98,719.58",660.3129272460938,393.267822265625,813.9841918945312,719.583740234375,50145.3797891736,0.917106568813324,3.0625,3.064453125,3.0625,3-5,True,770,1165,0.001953125,False,1085.5506355064874,,,,,
Garage3,Garage,156,2.6010130420327187,1,2,"306.44,384.45,430.03,719.28",306.4420166015625,384.445556640625,430.0250244140625,719.2823486328125,41380.137880682945,0.9099153876304626,2.853515625,2.857421875,2.853515625,<3,True,929,1024,0.00390625,False,1117.419094249433,,,,,
Garage3,Garage,156,2.6010130420327187,2,2,"647.35,399.64,764.53,719.44",647.3545532226562,399.6385803222656,764.5269775390625,719.4410400390625,37472.02950736694,0.9123848080635071,3.599609375,3.634765625,3.599609375,3-5,True,309,917,0.03515625,False,1273.836679239456,,,,,
Garage3,Garage,180,3.001168749993667,1,2,"363.96,384.63,490.43,719.46",363.9603576660156,384.625244140625,490.4337158203125,719.4577026367188,42347.38544506021,0.8991492986679077,3.138671875,3.1484375,3.138671875,3-5,True,820,1014,0.009765625,False,959.0121808598101,,,,,
Garage3,Garage,180,3.001168749993667,2,2,"624.23,396.08,745.14,709.95",624.2272338867188,396.08203125,745.1444091796875,709.9513549804688,37952.192036602646,0.899092435836792,4.14453125,4.203125,4.14453125,3-5,True,432,863,0.05859375,False,1487.69845714727,,,,,
Garage3,Garage,204,3.4013241671491414,1,2,"402.87,389.20,543.23,719.54",402.8711242675781,389.1976318359375,543.228271484375,719.5372314453125,46365.52381391078,0.9087360501289368,3.443359375,3.4453125,3.443359375,3-5,True,861,1056,0.001953125,False,887.638597581304,,,,,
Garage3,Garage,204,3.4013241671491414,2,2,"613.55,395.23,728.22,670.90",613.5501708984375,395.2283935546875,728.2218017578125,670.8958740234375,31611.239560246468,0.897819995880127,4.60546875,4.625,4.60546875,3-5,True,342,692,0.01953125,False,1722.18516336749,,,,,
Garage3,Garage,240,4.001557417213917,1,2,"471.51,393.98,590.86,719.72",471.5058288574219,393.98089599609375,590.8609619140625,719.722412109375,38878.92199777253,0.9097589254379272,3.927734375,3.94140625,3.927734375,3-5,True,758,901,0.013671875,False,733.6637602105656,,,,,
Garage3,Garage,240,4.001557417213917,2,2,"659.26,405.85,762.88,639.92",659.2567138671875,405.851806640625,762.884521484375,639.9230346679688,24256.288186736405,0.8872049450874329,5.7734375,5.34765625,5.7734375,>5,True,3,319,0.42578125,False,1050.3135100741051,,,,,
Garage3,Garage,264,4.401712750084698,1,2,"499.49,394.84,633.18,705.25",499.4891357421875,394.838623046875,633.1808471679688,705.2529907226562,41499.828065726906,0.9251390099525452,4.14453125,4.1484375,4.14453125,3-5,True,695,858,0.00390625,False,1321.7381939264337,,,,,
Garage3,Garage,264,4.401712750084698,2,2,"716.83,403.82,815.89,629.29",716.83056640625,403.8163146972656,815.89208984375,629.2930908203125,22336.07294252515,0.8941302299499512,5.544921875,5.56640625,5.544921875,>5,True,78,343,0.021484375,False,913.8258046439869,,,,,
Garage3,Garage,288,4.8018680000677705,1,2,"528.80,394.79,621.62,676.74",528.7978515625,394.7911376953125,621.6224365234375,676.7426147460938,26172.028836362064,0.871548056602478,4.55859375,4.58203125,4.55859375,3-5,True,359,591,0.0234375,False,1763.2783282290732,,,,,
Garage3,Garage,288,4.8018680000677705,2,2,"794.58,405.89,852.28,623.18",794.580322265625,405.89208984375,852.2772216796875,623.1831665039062,12537.021393634379,0.7980555891990662,,7.033203125,7.033203125,>5,False,0,2,,False,1639.02434432132,,,,,
Garage3,Garage,312,5.202023416990414,1,1,"548.84,396.85,638.52,658.55",548.837890625,396.84576416015625,638.5220947265625,658.5463256835938,23470.406573161483,0.8996630907058716,4.9375,4.94140625,4.9375,3-5,True,398,515,0.00390625,False,1691.2391043109808,,,,,
Garage3,Garage,348,5.802256125025451,1,1,"533.88,398.57,618.26,630.62",533.8758544921875,398.5685119628906,618.2605590820312,630.620361328125,19581.626758212224,0.9156431555747986,5.62109375,5.6328125,5.62109375,>5,True,297,488,0.01171875,False,1840.3274759790913,,,,,
Garage3,Garage,384,6.4024887080304325,1,1,"530.20,400.27,603.29,603.54",530.202880859375,400.2733154296875,603.2923583984375,603.5430908203125,14856.881682783365,0.8836967349052429,6.27734375,6.28125,6.27734375,>5,True,180,330,0.00390625,False,2155.1623256056137,,,,,
Garage3,Garage,408,6.802643625065684,1,1,"519.59,402.22,589.18,595.72",519.593994140625,402.21807861328125,589.18408203125,595.716064453125,13465.541841253638,0.912829577922821,6.6484375,6.671875,6.6484375,>5,True,161,294,0.0234375,False,1820.2825905321079,,,,,
Garage3,Garage,432,7.202798625221476,1,1,"522.72,403.14,587.91,584.42",522.72119140625,403.1366271972656,587.9054565429688,584.417236328125,11816.643289731815,0.8644738793373108,7.06640625,7.08203125,7.06640625,>5,True,48,272,0.015625,False,1872.3742379831294,,,,,
Garage3,Garage,492,8.203185667051002,1,1,"510.63,404.28,566.21,556.29",510.6283264160156,404.2811279296875,566.214599609375,556.2864990234375,8449.41208447516,0.8474704027175903,,8.140625,8.140625,>5,False,0,113,,False,1633.9093447142343,,,,,
Garage3,Garage,540,9.0034950831905,1,1,"502.36,405.27,550.98,539.21",502.3565368652344,405.2657775878906,550.9791259765625,539.2132568359375,6512.873245975934,0.7875865697860718,,9.23828125,9.23828125,>5,False,0,102,,False,2180.7261629099444,,,,,
Garage3,Garage,852,14.205503458157182,1,1,"599.31,406.20,656.82,563.10",599.30908203125,406.20263671875,656.81787109375,563.0950927734375,9022.695160746574,0.862937331199646,9.328125,8.15625,9.328125,>5,True,4,194,1.171875,True,2812.727286186282,,,,,
Garage3,Garage,876,14.60565770813264,1,1,"586.92,406.57,645.85,570.00",586.9165649414062,406.5680236816406,645.84814453125,569.9990234375,9631.246969560161,0.824819803237915,8.5078125,7.6328125,8.5078125,>5,True,15,213,0.875,True,3059.088799563339,,,,,
Garage3,Garage,912,15.205889042001218,1,1,"551.92,404.60,617.47,578.85",551.922607421875,404.5975341796875,617.4727783203125,578.845458984375,11421.981249645352,0.8689653277397156,7.283203125,7.2109375,7.283203125,>5,True,38,278,0.072265625,False,2497.81558330795,,,,,
Garage3,Garage,948,15.806120333028957,1,1,"526.82,401.52,583.28,591.69",526.8189697265625,401.5152282714844,583.279541015625,591.687255859375,10737.22132081166,0.8668947815895081,6.7421875,6.7421875,6.7421875,>5,True,111,252,0.0,False,2378.0109470761595,,,,,
Garage3,Garage,1224,20.407890833215788,1,1,"536.62,402.85,612.60,635.39",536.6160278320312,402.84564208984375,612.5965576171875,635.3931274414062,17669.08113721758,0.8929458856582642,5.4453125,5.45703125,5.4453125,>5,True,261,420,0.01171875,False,2279.7970728873993,,,,,
Garage3,Garage,1248,20.808044500183314,1,1,"561.27,405.60,674.51,669.87",561.271240234375,405.6012268066406,674.5068969726562,669.8688354492188,29924.516219297424,0.89121013879776,5.0078125,5.01171875,5.0078125,>5,True,268,630,0.00390625,False,1742.9760296746563,,,,,
Garage3,Garage,1272,21.208198208129033,1,1,"593.11,403.32,707.99,696.39",593.1088256835938,403.31634521484375,707.9869995117188,696.3878173828125,33667.51552377641,0.8622447848320007,4.453125,4.46484375,4.453125,3-5,True,538,799,0.01171875,False,1470.614348355342,,,,,
Garage3,Garage,1296,21.60835179220885,1,1,"627.84,394.65,759.41,719.36",627.8404541015625,394.6453857421875,759.408447265625,719.3552856445312,42721.42989065498,0.882693886756897,3.751953125,3.80859375,3.751953125,3-5,True,514,967,0.056640625,False,1554.6758821831163,,,,,
Garage3,Garage,1320,22.008505375124514,1,1,"664.32,394.60,816.49,719.56",664.3243408203125,394.6026306152344,816.4927978515625,719.5599365234375,49448.25184108317,0.9254034161567688,3.294921875,3.302734375,3.294921875,3-5,True,874,1157,0.0078125,False,1250.7417574614847,,,,,
Garage3,Garage,1356,22.608735542045906,1,1,"757.54,387.51,959.32,719.25",757.5391845703125,387.5091247558594,959.3192138671875,719.247314453125,66938.14163600653,0.9369507431983948,2.529296875,2.53125,2.529296875,<3,True,1139,1508,0.001953125,False,1029.4392454690287,,,,,
Garage3,Garage,1524,25.409808333031833,1,1,"0.40,368.33,230.08,719.39",0.396881103515625,368.3299560546875,230.08404541015625,719.3854370117188,80632.93793532439,0.9304386973381042,3.037109375,2.9296875,3.037109375,3-5,True,378,884,0.107421875,False,591.2141246287179,,,,,
Garage3,Garage,1548,25.809961333172396,1,1,"126.51,377.33,264.13,719.47",126.50852966308594,377.3304443359375,264.1302490234375,719.4727783203125,47086.21626889333,0.8940938711166382,2.2890625,2.30078125,2.2890625,<3,True,792,1175,0.01171875,False,848.8102413463535,,,,,
Garage3,Garage,1572,26.210114333080128,1,1,"231.19,384.11,371.97,719.36",231.18521118164062,384.1079406738281,371.9695129394531,719.3621826171875,47198.53436334059,0.8964777588844299,2.64453125,2.646484375,2.64453125,<3,True,1001,1073,0.001953125,False,925.5635140654173,,,,,
Garage3,Garage,1596,26.61026725010015,1,1,"261.20,384.71,452.39,719.07",261.2007751464844,384.71173095703125,452.39117431640625,719.067626953125,63925.63722031005,0.9336712956428528,3.001953125,3.01953125,3.001953125,3-5,True,872,1299,0.017578125,False,1194.8605220493844,,,,,
Garage3,Garage,1620,27.01042008306831,1,1,"336.81,386.72,449.71,719.70",336.8074951171875,386.7191162109375,449.71087646484375,719.6993408203125,37594.5932803005,0.8903834819793701,3.4375,3.4453125,3.4375,3-5,True,597,800,0.0078125,False,1118.6689539709043,,,,,
Garage3,Garage,1668,27.810725750168785,1,2,"808.66,390.32,959.60,719.27",808.6627807617188,390.3194274902344,959.5958862304688,719.2706298828125,49649.62652479112,0.9317190647125244,2.494140625,2.49609375,2.494140625,<3,True,911,1142,0.001953125,False,940.3728843140548,,,,,
Garage3,Garage,1668,27.810725750168785,2,2,"386.35,397.63,504.18,701.65",386.3460388183594,397.6271667480469,504.1780700683594,701.6470947265625,35823.2856541872,0.906954288482666,4.2421875,4.25,4.2421875,3-5,True,675,810,0.0078125,False,1023.4864163847243,,,,,
Garage3,Garage,1692,28.210878500016406,1,2,"723.46,389.26,896.32,719.42",723.4609985351562,389.2599792480469,896.3214111328125,719.4228515625,57072.090332703665,0.900721549987793,2.921875,2.9453125,2.921875,<3,True,163,994,0.0234375,False,1175.058907814598,,,,,
Garage3,Garage,1692,28.210878500016406,2,2,"424.42,397.74,509.63,671.03",424.4219055175781,397.74078369140625,509.6302185058594,671.0302734375,23286.536378692836,0.8682833909988403,4.75,4.765625,4.75,3-5,True,319,552,0.015625,False,1153.2259106490442,,,,,
Garage3,Garage,1716,28.61103120818734,1,2,"704.87,392.79,835.74,719.67",704.8651123046875,392.79425048828125,835.7408447265625,719.6707153320312,42780.196747899055,0.924858570098877,3.494140625,3.501953125,3.494140625,3-5,True,486,933,0.0078125,False,1274.4285821600215,,,,,
Garage3,Garage,1716,28.61103120818734,2,2,"438.14,396.64,523.57,642.46",438.14434814453125,396.63629150390625,523.5689086914062,642.4572143554688,20999.14430782199,0.9141848087310791,5.25,5.2578125,5.25,>5,True,259,441,0.0078125,False,1221.6385187421613,,,,,
Garage3,Garage,1752,29.211260000010952,1,2,"669.53,397.87,783.77,686.29",669.5318603515625,397.86712646484375,783.7716064453125,686.289306640625,32949.276631087065,0.8927783370018005,4.24609375,4.26953125,4.24609375,3-5,True,353,708,0.0234375,False,1456.6589806841707,,,,,
Garage3,Garage,1752,29.211260000010952,2,2,"454.21,398.74,527.46,614.03",454.2059326171875,398.7421875,527.455810546875,614.027099609375,15769.593532115221,0.8939071297645569,5.890625,5.89453125,5.890625,>5,True,186,328,0.00390625,False,1291.1169058184753,,,,,
Garage3,Garage,1788,29.811488792067394,1,2,"654.95,400.95,746.23,655.49",654.949462890625,400.9496154785156,746.2278442382812,655.4873046875,23233.788262968883,0.8875524401664734,5.0390625,5.0625,5.0390625,>5,True,246,486,0.0234375,False,1638.848007168628,,,,,
Garage3,Garage,1788,29.811488792067394,2,2,"464.55,395.53,535.50,597.55",464.54876708984375,395.52777099609375,535.5007934570312,597.5473022460938,14333.69510793686,0.8701290488243103,6.51171875,6.5625,6.51171875,>5,True,1,278,0.05078125,False,1442.077037508699,,,,,
Garage3,Garage,1812,30.211641375208274,1,2,"638.24,400.62,723.29,623.35",638.2437744140625,400.62396240234375,723.2874755859375,623.3455810546875,18941.070781186223,0.8952240943908691,5.59765625,5.625,5.59765625,>5,True,299,474,0.02734375,False,1793.545613003612,,,,,
Garage3,Garage,1812,30.211641375208274,2,2,"473.32,397.06,536.17,581.10",473.31866455078125,397.0610046386719,536.1670532226562,581.099609375,11566.529761098325,0.8521326780319214,6.984375,7.02734375,6.984375,>5,True,54,254,0.04296875,False,1819.7981907128835,,,,,
Garage3,Garage,1848,30.811870083212852,1,2,"627.05,404.11,701.15,602.26",627.0486450195312,404.11419677734375,701.1532592773438,602.2628784179688,14683.73161867261,0.8861462473869324,6.36328125,6.38671875,6.36328125,>5,True,146,260,0.0234375,False,2150.4007099439127,,,,,
Garage3,Garage,1848,30.811870083212852,2,2,"481.28,403.23,541.61,567.24",481.279541015625,403.22607421875,541.6146240234375,567.2421875,9895.925809442997,0.8528332710266113,7.74609375,7.7734375,7.74609375,>5,True,50,199,0.02734375,False,1655.615027645688,,,,,
Garage3,Garage,1908,31.812251042108983,1,2,"626.18,407.15,689.87,567.31",626.1771240234375,407.15283203125,689.8695068359375,567.3057250976562,10200.519373714924,0.8369514346122742,7.64453125,7.6640625,7.64453125,>5,True,21,176,0.01953125,False,2192.2219803305597,,,,,
Garage3,Garage,1908,31.812251042108983,2,2,"494.25,404.35,544.26,545.65",494.24945068359375,404.3486022949219,544.2601318359375,545.6522216796875,7066.690254723653,0.803044855594635,8.953125,8.97265625,8.953125,>5,True,5,132,0.01953125,False,1799.8675193288161,,,,,
Garage3,Garage,1932,32.212403333047405,1,2,"629.00,411.42,698.05,559.19",629.0045166015625,411.4194030761719,698.054931640625,559.1871337890625,10203.42313510552,0.8128281831741333,8.0703125,8.1015625,8.0703125,>5,True,20,171,0.03125,False,1823.640292871529,,,,,
Garage3,Garage,1932,32.212403333047405,2,2,"490.29,405.35,539.88,539.00",490.2939147949219,405.345703125,539.8756103515625,538.9951171875,6626.564559370279,0.8589866161346436,,9.5625,9.5625,>5,False,0,103,,False,1980.2836832033859,,,,,
Garage3,Garage,1956,32.61255570803769,1,2,"655.71,412.68,703.61,553.67",655.705322265625,412.6776123046875,703.6093139648438,553.6658935546875,6753.9014546871185,0.8146088123321533,,8.703125,8.703125,>5,False,0,80,,False,1879.5530010845675,,,,,
Garage3,Garage,1956,32.61255570803769,2,2,"495.18,405.62,534.62,537.04",495.180908203125,405.6204528808594,534.6229248046875,537.04345703125,5183.588311526924,0.7997955679893494,,9.828125,9.828125,>5,False,0,62,,False,2011.1746338119733,,,,,
Garage3,Garage,1980,33.01270787511021,1,2,"667.52,410.56,723.73,547.07",667.5225830078125,410.5609130859375,723.7274169921875,547.0691528320312,7672.42295242846,0.7372779250144958,,9.328125,9.328125,>5,False,0,36,,False,1641.7992395540377,,,,,
Garage3,Garage,1980,33.01270787511021,2,2,"482.67,404.81,524.12,530.78",482.6668395996094,404.8135986328125,524.115966796875,530.7804565429688,5221.216316157952,0.7868889570236206,,,,,False,0,0,,False,1640.6299853054004,,,,,
Garage3,Garage,2148,35.81377287511714,1,1,"444.60,400.07,477.10,500.69",444.60107421875,400.0674133300781,477.104248046875,500.6867980957031,3270.449353516102,0.7487755417823792,,13.87109375,13.87109375,>5,False,0,4,,False,1951.4379848267808,,,,,
Garage3,Garage,2580,43.0165065000765,1,2,"416.16,404.80,460.00,538.13",416.1645812988281,404.8041687011719,459.9996643066406,538.1321411132812,5844.442737948149,0.8220366835594177,,10.3828125,10.3828125,>5,False,0,3,,False,3013.248284868891,,,,,
Garage3,Garage,2580,43.0165065000765,2,2,"752.32,408.82,784.32,510.95",752.3171997070312,408.82049560546875,784.3150634765625,510.95379638671875,3268.047444730997,0.6225408315658569,,,,,False,0,0,,False,3044.1253991859053,,,,,
Garage3,Garage,2604,43.4166581670288,1,2,"410.71,406.84,462.43,546.59",410.7149963378906,406.8409423828125,462.4339599609375,546.5879516601562,7227.570489244536,0.8432344198226929,,9.87109375,9.87109375,>5,False,0,4,,False,2941.7238033726803,,,,,
Garage3,Garage,2604,43.4166581670288,2,2,"740.84,409.70,777.68,510.79",740.8380126953125,409.69775390625,777.6776733398438,510.7921142578125,3724.2819284275174,0.4324101507663727,,,,,False,0,0,,False,3085.270444672356,,,,,
Garage3,Garage,2652,44.21696141711436,1,2,"393.20,403.58,452.70,563.43",393.2024230957031,403.5831298828125,452.7003479003906,563.432861328125,9510.727301582694,0.8342732191085815,8.0390625,8.0859375,8.0390625,>5,True,1,191,0.046875,False,2834.2509121625967,,,,,
Garage3,Garage,2652,44.21696141711436,2,2,"718.55,410.63,754.61,512.53",718.55322265625,410.6269226074219,754.6063232421875,512.53466796875,3674.0901939980686,0.7658963203430176,,,,,False,0,0,,False,3178.5677503719608,,,,,
Garage3,Garage,2676,44.61711308313534,1,2,"391.37,403.36,452.86,572.09",391.3658447265625,403.36248779296875,452.86090087890625,572.0924072265625,10376.055870149285,0.8419737219810486,7.5625,7.5625,7.5625,>5,True,17,196,0.0,False,3042.900528896874,,,,,
Garage3,Garage,2676,44.61711308313534,2,2,"710.93,411.08,747.95,524.92",710.92822265625,411.081298828125,747.9473876953125,524.9188232421875,4214.170103922486,0.7701101303100586,,,,,False,0,0,,False,3183.025777162204,,,,,
Garage3,Garage,2700,45.01726462505758,1,2,"384.33,405.94,444.86,585.50",384.3255615234375,405.94122314453125,444.85931396484375,585.49560546875,10869.100529383868,0.8460085391998291,7.00390625,7.015625,7.00390625,>5,True,176,262,0.01171875,False,3165.677495284167,,,,,
Garage3,Garage,2700,45.01726462505758,2,2,"702.99,408.46,741.00,518.29",702.9940185546875,408.46075439453125,741.0026245117188,518.2926025390625,4174.555437657982,0.7524095177650452,,,,,False,0,0,,False,3204.098669750832,,,,,
Garage3,Garage,2796,46.61787100019865,1,2,"349.28,400.32,442.17,651.21",349.2801513671875,400.3214111328125,442.1741943359375,651.2053833007812,23305.626490741968,0.8698747754096985,5.05078125,5.0859375,5.05078125,>5,True,87,485,0.03515625,False,2212.7328476886455,,,,,
Garage3,Garage,2796,46.61787100019865,2,2,"616.46,413.08,660.33,534.11",616.46484375,413.079345703125,660.333740234375,534.107177734375,5309.357435107231,0.8045775294303894,,,,,False,0,0,,False,2481.5401881214725,,,,,
Garage3,Garage,2820,47.01802250021137,1,2,"344.37,399.51,437.01,682.56",344.3740539550781,399.51348876953125,437.00921630859375,682.5614013671875,26220.189337307587,0.8723264932632446,4.720703125,4.73046875,4.720703125,3-5,True,366,590,0.009765625,False,2028.5133795531688,,,,,
Garage3,Garage,2820,47.01802250021137,2,2,"585.95,411.89,623.15,534.12",585.9494018554688,411.88983154296875,623.1498413085938,534.1187744140625,4546.970388695598,0.7579020261764526,,,,,False,0,0,,False,2637.305152552096,,,,,
Garage3,Garage,2844,47.418174042133614,1,2,"322.91,394.04,436.62,708.73",322.9100646972656,394.0441589355469,436.6240539550781,708.73388671875,35784.6243246831,0.8991013765335083,4.20703125,4.21875,4.20703125,3-5,True,554,834,0.01171875,False,1874.263694025674,,,,,
Garage3,Garage,2844,47.418174042133614,2,2,"533.99,410.34,598.73,535.95",533.9932250976562,410.3416748046875,598.727783203125,535.9489135742188,8131.129096593708,0.8467580676078796,,10.03125,10.03125,>5,False,0,13,,False,1569.0422044374668,,,,,
Garage3,Garage,2868,47.81832554214634,1,2,"317.08,389.71,433.71,719.78",317.0849609375,389.7084045410156,433.71026611328125,719.779052734375,38494.59007511847,0.8933659791946411,3.744140625,3.75390625,3.744140625,3-5,True,544,838,0.009765625,False,1950.171224157825,,,,,
Garage3,Garage,2868,47.81832554214634,2,2,"483.95,409.35,561.71,538.55",483.9450988769531,409.34600830078125,561.707763671875,538.5514526367188,10047.359657574445,0.8701377511024475,,9.6328125,9.6328125,>5,False,0,63,,False,1377.297953844068,,,,,
Garage3,Garage,2892,48.218477042159066,1,2,"272.09,385.35,403.88,719.46",272.08917236328125,385.3450012207031,403.8782043457031,719.45654296875,44032.23666112963,0.8966760635375977,3.296875,3.31640625,3.296875,3-5,True,426,996,0.01953125,False,1682.243376703813,,,,,
Garage3,Garage,2892,48.218477042159066,2,2,"458.57,408.04,504.49,536.38",458.5661315917969,408.0376281738281,504.4928283691406,536.383544921875,5894.504001097754,0.7455981373786926,,,,,False,0,0,,False,2237.8544326846413,,,,,
Garage3,Garage,2916,48.6186286250595,1,2,"194.55,391.72,381.37,719.47",194.5503387451172,391.7231140136719,381.36865234375,719.4695434570312,61229.035236581694,0.9371049404144287,2.9013671875,2.9296875,2.9013671875,<3,True,752,1240,0.0283203125,False,1363.6176837098594,,,,,
Garage3,Garage,2916,48.6186286250595,2,2,"429.39,406.03,464.00,537.00",429.3930358886719,406.03411865234375,463.9992370605469,536.9971923828125,4532.1344756037,0.766028642654419,,9.90234375,9.90234375,>5,False,0,4,,False,2456.1015057159743,,,,,
Garage3,Garage,2940,49.018780125072226,1,3,"141.10,379.75,290.84,719.82",141.10440063476562,379.74945068359375,290.84393310546875,719.8206787109375,50922.106691552326,0.8723835945129395,2.548828125,2.55859375,2.548828125,<3,True,922,1168,0.009765625,False,1087.0726922804815,,,,,
Garage3,Garage,2940,49.018780125072226,2,3,"375.94,410.22,441.04,537.13",375.9403381347656,410.2209777832031,441.03533935546875,537.13427734375,8261.42138981726,0.7976257801055908,,9.67578125,9.67578125,>5,False,0,12,,False,1856.1812550796915,,,,,
Garage3,Garage,2940,49.018780125072226,3,3,"383.83,409.91,428.84,535.77",383.83111572265625,409.91473388671875,428.8367919921875,535.7678833007812,5664.106100030243,0.33025434613227844,,9.75,9.75,>5,False,0,5,,False,2155.5638976911223,,,,,
Garage3,Garage,2964,49.41893162508495,1,2,"0.28,373.81,172.59,719.22",0.2821083068847656,373.8111572265625,172.5858154296875,719.220947265625,59515.38730023941,0.8923600912094116,2.1748046875,2.1875,2.1748046875,<3,True,312,1258,0.0126953125,False,783.5255023076132,,,,,
Garage3,Garage,2964,49.41893162508495,2,2,"342.51,406.90,400.40,534.04",342.507080078125,406.9018249511719,400.3988037109375,534.0440673828125,7360.483560908586,0.7083041071891785,,10.078125,10.078125,>5,False,0,6,,False,2702.6681057803453,,,,,
Garage3,Garage,2988,49.81908308318816,1,1,"0.16,486.48,36.04,719.42",0.15938472747802734,486.4812927246094,36.04072570800781,719.421875,8358.220460826444,0.7099605798721313,,2.9814453125,2.9814453125,<3,False,0,2,,False,263.50030350463476,,,,,
Garage3,Garage,3228,53.82059845817275,1,1,"363.76,409.03,411.61,540.51",363.7552795410156,409.02996826171875,411.61175537109375,540.512451171875,6292.288265468553,0.7619022727012634,,9.5859375,9.5859375,>5,False,0,10,,False,3431.2913398830606,,,,,
Garage3,Garage,3336,55.62128070811741,1,1,"533.00,408.60,614.70,560.67",532.9982299804688,408.603515625,614.6965942382812,560.6678466796875,12423.407109126449,0.8899117708206177,8.8984375,8.2734375,8.8984375,>5,True,3,101,0.625,True,1369.3374951642363,,,,,
Garage3,Garage,3372,56.22150816721842,1,1,"605.47,409.30,673.76,565.59",605.474853515625,409.2979431152344,673.761474609375,565.5936279296875,10672.904207512736,0.7819045782089233,,9.5859375,9.5859375,>5,False,0,21,,False,1675.9177591293972,,,,,
Garage3,Garage,3420,57.02181150019169,1,2,"247.35,399.68,367.88,667.89",247.348388671875,399.6808776855469,367.8750915527344,667.8945922851562,32326.914688118733,0.8836864829063416,4.703125,4.7109375,4.703125,3-5,True,295,590,0.0078125,False,1535.4122589315687,,,,,
Garage3,Garage,3420,57.02181150019169,2,2,"714.78,409.16,817.26,581.64",714.7828369140625,409.1642761230469,817.258544921875,581.642333984375,17674.81109515205,0.8664261698722839,,16.078125,16.078125,>5,False,0,9,,False,1001.0652117772171,,,,,
Garage3,Garage,3456,57.62203895812854,1,2,"356.22,395.18,441.99,654.49",356.2232971191406,395.1767578125,441.992431640625,654.490234375,22241.092454522848,0.8764761090278625,4.9609375,4.96875,4.9609375,3-5,True,395,529,0.0078125,False,1256.6313313129435,,,,,
Garage3,Garage,3456,57.62203895812854,2,2,"796.61,414.36,870.65,586.47",796.6129150390625,414.3630065917969,870.6527099609375,586.467529296875,12742.583566211164,0.7921902537345886,,,,,False,0,0,,False,1820.3684493241415,,,,,
Garage3,Garage,3480,58.02219058317132,1,2,"391.84,398.10,502.76,641.31",391.842041015625,398.1002197265625,502.75946044921875,641.3118896484375,26976.410803869367,0.8901282548904419,5.19140625,5.205078125,5.19140625,>5,True,180,514,0.013671875,False,858.0660771410624,,,,,
Garage3,Garage,3480,58.02219058317132,2,2,"899.42,408.81,934.44,447.34",899.4193115234375,408.8128967285156,934.4398193359375,447.3365478515625,1349.1178251206875,0.3276635706424713,,,,,False,0,0,,False,2538.1118441358026,,,,,
Garage3,Garage,3588,59.82287250016816,1,1,"601.07,401.44,660.98,598.18",601.0706787109375,401.439453125,660.97900390625,598.1824340820312,11786.542483069003,0.8364854454994202,6.296875,6.30859375,6.296875,>5,True,217,271,0.01171875,False,1646.2899734650093,,,,,
Garage4,Garage,114,3.8014624170027673,1,2,"764.90,361.89,959.30,719.22",764.9031982421875,361.8857421875,959.3018798828125,719.2173461914062,69464.79272688925,0.9120753407478333,,2.041015625,2.041015625,<3,False,0,90,,False,742.8267159747685,,,,,
Garage4,Garage,114,3.8014624170027673,2,2,"0.18,357.65,152.99,719.14",0.17961502075195312,357.65240478515625,152.9853057861328,719.14208984375,55237.681029938394,0.9192714095115662,2.8984375,1.4677734375,2.8984375,<3,True,6,442,1.4306640625,True,432.25078313849593,,,,,
Garage4,Garage,132,4.401693334104493,1,2,"67.04,370.73,255.46,719.71",67.03622436523438,370.727783203125,255.46240234375,719.7149658203125,65758.3209840469,0.8669652342796326,1.7939453125,1.810546875,1.7939453125,<3,True,1234,1534,0.0166015625,False,660.9398881293745,,,,,
Garage4,Garage,132,4.401693334104493,2,2,"676.55,370.20,856.46,719.64",676.55322265625,370.20477294921875,856.4603271484375,719.6435546875,62866.519419811666,0.9193210601806641,2.216796875,2.033203125,2.216796875,<3,True,24,1178,0.18359375,False,830.4812143879388,,,,,
Garage4,Garage,144,4.801847208989784,1,2,"586.51,374.41,786.56,719.47",586.510986328125,374.4134521484375,786.5648803710938,719.470703125,69030.04672562331,0.9251383543014526,2.3671875,2.376953125,2.3671875,<3,True,757,1070,0.009765625,False,861.2635553402973,,,,,
Garage4,Garage,144,4.801847208989784,2,2,"172.79,374.01,331.80,719.44",172.794677734375,374.0108642578125,331.79730224609375,719.435302734375,54923.39228826016,0.9197841286659241,2.0625,2.06640625,2.0625,<3,True,902,1260,0.00390625,False,830.0843438034468,,,,,
Garage4,Garage,162,5.402078000130132,1,2,"242.36,376.04,456.53,718.53",242.3646697998047,376.03668212890625,456.52606201171875,718.5294189453125,73348.72133907024,0.9352498054504395,2.44140625,2.451171875,2.44140625,<3,True,1231,1479,0.009765625,False,1140.4290687951295,,,,,
Garage4,Garage,162,5.402078000130132,2,2,"628.48,383.43,752.22,719.59",628.4796142578125,383.43402099609375,752.216552734375,719.5933837890625,41595.33039223403,0.901793360710144,2.79296875,2.787109375,2.79296875,<3,True,672,1034,0.005859375,False,752.9121769012319,,,,,
Garage4,Garage,174,5.802231917157769,1,2,"308.38,382.63,477.43,719.65",308.3826599121094,382.6339111328125,477.427734375,719.6505126953125,56970.99650636315,0.9392415881156921,2.7578125,2.76171875,2.7578125,<3,True,995,1265,0.00390625,False,1184.8778287145742,,,,,
Garage4,Garage,174,5.802231917157769,2,2,"574.50,385.63,728.79,719.51",574.5040283203125,385.6348571777344,728.788330078125,719.5140380859375,51512.31629789248,0.9247205257415771,3.38671875,3.3984375,3.38671875,3-5,True,1070,1210,0.01171875,False,764.7699385932407,,,,,
Garage4,Garage,186,6.202385833952576,1,2,"365.76,387.30,498.44,719.48",365.76019287109375,387.3000183105469,498.4389953613281,719.4775390625,44072.91566754412,0.9038271903991699,3.0859375,3.087890625,3.0859375,3-5,True,974,1066,0.001953125,False,946.9437926830637,,,,,
Garage4,Garage,186,6.202385833952576,2,2,"578.46,396.29,710.84,717.62",578.4569091796875,396.29241943359375,710.838134765625,717.623779296875,42538.2392378971,0.9103145599365234,3.7265625,3.724609375,3.7265625,3-5,True,907,964,0.001953125,False,954.1377096145897,,,,,
Garage4,Garage,204,6.802616833942011,1,2,"423.87,392.39,545.04,718.63",423.8742370605469,392.39300537109375,545.037109375,718.6314697265625,39527.98940076493,0.8821667432785034,3.578125,3.5859375,3.578125,3-5,True,769,932,0.0078125,False,995.2335867874905,,,,,
Garage4,Garage,204,6.802616833942011,2,2,"593.80,400.79,690.76,689.43",593.795166015625,400.7928771972656,690.7577514648438,689.4337158203125,27987.361979121342,0.8675352931022644,4.50390625,4.51171875,4.50390625,3-5,True,622,703,0.0078125,False,826.3473431848896,,,,,
Garage4,Garage,216,7.202770750038326,1,2,"444.59,391.56,565.58,717.10",444.5939025878906,391.5611572265625,565.5843505859375,717.0957641601562,39386.577931763604,0.9050577878952026,3.923828125,3.939453125,3.923828125,3-5,True,566,876,0.015625,False,881.2881447291935,,,,,
Garage4,Garage,216,7.202770750038326,2,2,"581.98,395.36,698.53,653.66",581.976806640625,395.36370849609375,698.5325927734375,653.6627197265625,30106.24431129545,0.8900404572486877,4.92578125,4.93359375,4.92578125,3-5,True,572,676,0.0078125,False,962.5020749589136,,,,,
Garage4,Garage,228,7.602924792096019,1,2,"458.66,396.07,583.91,687.74",458.659912109375,396.0693054199219,583.9075317382812,687.7440185546875,36531.56352607347,0.9202275276184082,4.34375,4.359375,4.34375,3-5,True,495,772,0.015625,False,1049.6111205788375,,,,,
Garage4,Garage,228,7.602924792096019,2,2,"592.63,400.44,688.01,633.80",592.6304931640625,400.439208984375,688.0098876953125,633.7996215820312,22257.774861127138,0.8967287540435791,5.326171875,5.33984375,5.326171875,>5,True,288,503,0.013671875,False,1183.102199971567,,,,,
Garage4,Garage,240,8.003078834153712,1,2,"477.39,398.49,584.41,680.30",477.3864440917969,398.4897766113281,584.4061889648438,680.304443359375,30159.733736858703,0.8835379481315613,4.6328125,4.640625,4.6328125,3-5,True,451,644,0.0078125,False,1293.0694574079891,,,,,
Garage4,Garage,240,8.003078834153712,2,2,"603.48,402.65,692.78,623.32",603.4791259765625,402.6451721191406,692.7783203125,623.3197021484375,19706.057742077857,0.8829593062400818,5.65234375,5.51171875,5.65234375,>5,True,21,446,0.140625,False,833.4557944330717,,,,,
Garage4,Garage,258,8.603309834143147,1,2,"514.01,397.61,599.49,645.04",514.0072631835938,397.608154296875,599.490966796875,645.042724609375,21151.62347227335,0.9072805643081665,5.14453125,5.158203125,5.14453125,>5,True,334,522,0.013671875,False,1584.3062340761633,,,,,
Garage4,Garage,258,8.603309834143147,2,2,"607.25,403.41,686.56,598.20",607.2547607421875,403.4091796875,686.5621948242188,598.1964111328125,15448.075517870486,0.8966330289840698,6.43359375,6.4453125,6.43359375,>5,True,231,336,0.01171875,False,1073.1446325709014,,,,,
Garage4,Garage,282,9.40361783397384,1,3,"539.90,396.63,615.96,617.46",539.9033203125,396.6343688964844,615.959716796875,617.4608154296875,16795.263771764934,0.9221401214599609,5.8671875,5.87890625,5.8671875,>5,True,204,354,0.01171875,False,1888.5743459529876,,,,,
Garage4,Garage,282,9.40361783397384,2,3,"620.47,401.88,681.34,572.79",620.4662475585938,401.8781433105469,681.3441162109375,572.79443359375,10405.019470406696,0.8505818247795105,7.3359375,7.365234375,7.3359375,>5,True,85,244,0.029296875,False,1050.3959962380177,,,,,
Garage4,Garage,282,9.40361783397384,3,3,"212.08,407.63,253.75,581.32",212.07627868652344,407.6319580078125,253.75209045410156,581.3206787109375,7238.618430174887,0.5067868828773499,6.97265625,7.064453125,6.97265625,>5,True,1,34,0.091796875,False,2078.4918799389143,,,,,
Garage4,Garage,306,10.203925749985501,1,3,"582.88,402.51,673.27,604.17",582.8837890625,402.50628662109375,673.2664794921875,604.1656494140625,18226.515759564936,0.5884935855865479,7.40234375,6.244140625,7.40234375,>5,True,49,304,1.158203125,True,1708.4988531993831,,,,,
Garage4,Garage,306,10.203925749985501,2,3,"310.40,398.97,381.59,631.93",310.40191650390625,398.97052001953125,381.5871276855469,631.9334106445312,16583.512566626072,0.8659482598304749,5.505859375,5.443359375,5.505859375,>5,True,60,384,0.0625,False,1883.3782166129379,,,,,
Garage4,Garage,306,10.203925749985501,3,3,"628.59,403.65,675.87,555.21",628.5911865234375,403.6463928222656,675.8675537109375,555.2060546875,7165.190225154161,0.5821342468261719,,6.23828125,6.23828125,>5,False,0,13,,False,1997.5365207796383,,,,,
Garage4,Garage,336,11.204310875153169,1,3,"491.05,399.92,553.57,635.93",491.046142578125,399.915283203125,553.5689697265625,635.9314575195312,14756.398471020162,0.8462837934494019,5.34765625,5.35546875,5.34765625,>5,True,231,344,0.0078125,False,1287.2358683175478,,,,,
Garage4,Garage,336,11.204310875153169,2,3,"646.48,407.22,708.40,583.33",646.4766845703125,407.22454833984375,708.4012451171875,583.3291625976562,10905.200848191977,0.7518910765647888,,7.03125,7.03125,>5,False,0,174,,False,1634.2074895435314,,,,,
Garage4,Garage,336,11.204310875153169,3,3,"608.62,403.18,651.71,531.11",608.6212158203125,403.1763916015625,651.71435546875,531.1094360351562,5513.036549426615,0.7416538596153259,,,,,False,0,0,,False,1608.3167066952528,,,,,
Garage4,Garage,354,11.804542083991691,1,4,"605.34,403.90,681.03,639.90",605.3410034179688,403.90252685546875,681.0331420898438,639.89599609375,17862.85039924085,0.7844749689102173,5.0859375,5.12109375,5.0859375,>5,True,170,336,0.03515625,False,1728.2515238982794,,,,,
Garage4,Garage,354,11.804542083991691,2,4,"651.61,400.80,712.60,571.98",651.6058349609375,400.7962646484375,712.599853515625,571.97900390625,10441.123174533248,0.6670709848403931,,7.451171875,7.451171875,>5,False,0,56,,False,1809.1304917963364,,,,,
Garage4,Garage,354,11.804542083991691,3,4,"585.84,405.23,623.85,522.22",585.8369750976562,405.2278747558594,623.8507690429688,522.21875,4447.267025012523,0.621843695640564,5.09765625,5.109375,5.09765625,>5,True,7,22,0.01171875,False,1518.1577223666145,,,,,
Garage4,Garage,354,11.804542083991691,4,4,"586.03,405.52,624.89,478.23",586.02734375,405.51507568359375,624.88818359375,478.22552490234375,2825.589122056961,0.4279324412345886,5.08984375,5.107421875,5.08984375,>5,True,1,18,0.017578125,False,1886.063095359873,,,,,
Garage4,Garage,384,12.80492720915936,1,3,"797.67,402.57,860.55,652.65",797.6744384765625,402.57220458984375,860.553955078125,652.6527099609375,15724.94128920883,0.8232758641242981,,6.81640625,6.81640625,>5,False,0,37,,False,1480.798329078482,,,,,
Garage4,Garage,384,12.80492720915936,2,3,"664.37,403.20,718.06,555.89",664.3700561523438,403.19757080078125,718.0596923828125,555.8912353515625,8198.067304428667,0.8097569942474365,,8.53125,8.53125,>5,False,0,122,,False,1733.273755767454,,,,,
Garage4,Garage,384,12.80492720915936,3,3,"548.71,409.60,595.86,512.46",548.7083129882812,409.59521484375,595.8643798828125,512.4583740234375,4850.62201526016,0.7290715575218201,,10.9765625,10.9765625,>5,False,0,5,,False,842.3020191280409,,,,,
Garage4,Garage,396,13.205081291962415,1,2,"664.52,403.58,716.85,549.02",664.5206909179688,403.5839538574219,716.85302734375,549.0185546875,7610.9324585888535,0.768246054649353,,8.8984375,8.8984375,>5,False,0,67,,False,1912.3875581817308,,,,,
Garage4,Garage,396,13.205081291962415,2,2,"513.81,408.54,568.32,512.28",513.8101806640625,408.53839111328125,568.3248901367188,512.2786865234375,5655.372064892203,0.784046471118927,,13.609375,13.609375,>5,False,0,4,,False,625.0443537414965,,,,,
Garage4,Garage,426,14.205466584069654,1,2,"654.12,410.44,699.77,537.37",654.1226806640625,410.4408874511719,699.765380859375,537.3668212890625,5793.242345172912,0.7276435494422913,,9.71875,9.71875,>5,False,0,99,,False,1960.8859373788525,,,,,
Garage4,Garage,426,14.205466584069654,2,2,"471.35,403.75,500.52,510.26",471.35430908203125,403.7454833984375,500.5242004394531,510.25933837890625,3106.9975778404623,0.6993813514709473,,,,,False,0,0,,False,1412.7940325407715,,,,,
Garage4,Garage,444,14.805697791976854,1,2,"640.73,405.70,684.44,529.31",640.732177734375,405.69744873046875,684.4363403320312,529.3068237304688,5402.2442235946655,0.8032088279724121,,9.8828125,9.8828125,>5,False,0,1,,False,2414.6207771180248,,,,,
Garage4,Garage,444,14.805697791976854,2,2,"426.99,402.07,475.07,512.49",426.99322509765625,402.07269287109375,475.07110595703125,512.4896850585938,5308.614995241165,0.746539294719696,,10.9453125,10.9453125,>5,False,0,1,,False,1246.2798860157454,,,,,
Garage4,Garage,456,15.205851959064603,1,2,"403.47,404.04,448.88,514.98",403.46563720703125,404.04052734375,448.87762451171875,514.9824829101562,5038.094677738845,0.8010688424110413,,10.20703125,10.20703125,>5,False,0,20,,False,1449.181661659616,,,,,
Garage4,Garage,456,15.205851959064603,2,2,"628.29,403.81,664.71,525.74",628.2910766601562,403.80841064453125,664.7083740234375,525.736572265625,4440.2941187135875,0.700719952583313,,12.25,12.25,>5,False,0,9,,False,2964.4417504952903,,,,,
Garage4,Garage,474,15.80608320911415,1,2,"368.70,403.65,423.00,519.89",368.7027282714844,403.6539001464844,423.003662109375,519.8927001953125,6311.875390847214,0.8983668088912964,,10.0546875,10.0546875,>5,False,0,7,,False,2266.3675481095356,,,,,
Garage4,Garage,474,15.80608320911415,2,2,"599.57,409.09,649.24,521.10",599.56689453125,409.0886535644531,649.2384033203125,521.0985107421875,5563.698605265468,0.8026888370513916,,,,,False,0,0,,False,2246.800146657088,,,,,
Garage4,Garage,498,16.60639158403501,1,2,"573.34,409.07,616.02,515.23",573.3428344726562,409.0688781738281,616.024169921875,515.2291259765625,4531.061147840694,0.7639978528022766,,14.8203125,14.8203125,>5,False,0,9,,False,2134.4500358308387,,,,,
Garage4,Garage,498,16.60639158403501,2,2,"334.97,403.11,370.19,528.30",334.97113037109375,403.1060485839844,370.1861572265625,528.2965087890625,4408.585418170318,0.7955885529518127,,,,,False,0,0,,False,1754.8021417262087,,,,,
Garage4,Garage,516,17.20662287506275,1,2,"542.45,407.74,584.35,514.91",542.4529418945312,407.7384033203125,584.3535766601562,514.9116821289062,4490.628411993384,0.7793232798576355,,15.4921875,15.4921875,>5,False,0,3,,False,2131.506764259552,,,,,
Garage4,Garage,516,17.20662287506275,2,2,"285.09,403.56,315.83,448.30",285.09033203125,403.5579833984375,315.82666015625,448.30340576171875,1375.3099838495255,0.6664226055145264,,,,,False,0,0,,False,2918.5406151830657,,,,,
Garage4,Garage,534,17.806854084134102,1,2,"508.39,405.55,558.33,514.94",508.3944091796875,405.5513916015625,558.3328247070312,514.941162109375,5462.751814059913,0.7647789120674133,,15.7734375,15.7734375,>5,False,0,4,,False,1943.4505989749653,,,,,
Garage4,Garage,534,17.806854084134102,2,2,"225.81,401.54,262.61,446.82",225.80845642089844,401.53582763671875,262.6103515625,446.82147216796875,1666.5975414589047,0.5922873616218567,,,,,False,0,0,,False,2860.0876019144466,,,,,
Garage4,Garage,546,18.20700841699727,1,1,"494.63,405.31,535.88,514.59",494.627685546875,405.306640625,535.8831787109375,514.591796875,4508.613016605377,0.8038253784179688,,13.45703125,13.45703125,>5,False,0,2,,False,2802.128524343622,,,,,
Garage4,Garage,588,19.60754816699773,1,1,"443.82,405.59,476.91,524.45",443.8240966796875,405.5935363769531,476.91363525390625,524.4515380859375,3932.9564324039966,0.7642664313316345,,10.734375,10.734375,>5,False,0,1,,False,2983.293473123318,,,,,
Garage4,Garage,612,20.407856750069186,1,2,"400.03,405.19,447.86,526.99",400.0317077636719,405.1904296875,447.8627014160156,526.9932861328125,5825.951653473079,0.8173455595970154,,10.671875,10.671875,>5,False,0,3,,False,2927.9875772816727,,,,,
Garage4,Garage,612,20.407856750069186,2,2,"228.80,402.45,274.22,448.41",228.79563903808594,402.4500732421875,274.218505859375,448.4100036621094,2087.631798579823,0.6101533770561218,,,,,False,0,0,,False,3167.24240498508,,,,,
Garage4,Garage,630,21.00808829208836,1,3,"736.44,406.37,844.03,638.16",736.4383544921875,406.36944580078125,844.0302734375,638.1639404296875,24939.214478082955,0.8775196671485901,6.236328125,5.26953125,6.236328125,>5,True,20,334,0.966796875,True,1088.153837028611,,,,,
Garage4,Garage,630,21.00808829208836,2,3,"401.14,404.37,446.27,535.05",401.13690185546875,404.3656311035156,446.27099609375,535.0540771484375,5898.504639646038,0.826714277267456,,9.2265625,9.2265625,>5,False,0,64,,False,3431.8566295364717,,,,,
Garage4,Garage,630,21.00808829208836,3,3,"269.81,401.60,326.49,446.32",269.8067321777344,401.6014709472656,326.4947509765625,446.3174743652344,2534.861642366275,0.5121990442276001,,,,,False,0,0,,False,3233.234208280043,,,,,
Garage4,Garage,642,21.408242458943278,1,3,"655.78,409.79,789.18,638.14",655.7845458984375,409.79052734375,789.1776123046875,638.1427612304688,30460.604698866606,0.8887078166007996,5.22265625,5.2421875,5.22265625,>5,True,210,551,0.01953125,False,732.2309754159958,,,,,
Garage4,Garage,642,21.408242458943278,2,3,"401.22,405.43,442.19,543.35",401.2174072265625,405.43121337890625,442.18780517578125,543.345703125,5650.41152786091,0.8436444401741028,,9.2265625,9.2265625,>5,False,0,124,,False,3300.8060038535027,,,,,
Garage4,Garage,642,21.408242458943278,3,3,"301.93,405.04,342.95,448.61",301.927734375,405.03717041015625,342.954345703125,448.6097717285156,1787.636178843677,0.2796630263328552,,,,,False,0,0,,False,3016.499013500028,,,,,
Garage4,Garage,654,21.808396792039275,1,3,"579.96,404.20,702.83,642.00",579.958740234375,404.2039489746094,702.8333129882812,641.9970703125,29218.7281882111,0.9082385301589966,5.1796875,5.21875,5.1796875,>5,True,167,566,0.0390625,False,1036.1181332360327,,,,,
Garage4,Garage,654,21.808396792039275,2,3,"400.33,405.12,447.15,546.87",400.3280029296875,405.1225891113281,447.14508056640625,546.870361328125,6636.216456705704,0.8136904835700989,,8.90625,8.90625,>5,False,0,130,,False,3256.3262889273237,,,,,
Garage4,Garage,654,21.808396792039275,3,3,"328.36,400.74,363.85,533.75",328.3592529296875,400.73931884765625,363.8450927734375,533.7529296875,4720.099691301584,0.692939043045044,,,,,False,0,0,,False,1694.6063668322295,,,,,
Garage4,Garage,666,22.20855108415708,1,3,"535.76,398.01,600.12,647.10",535.760009765625,398.00958251953125,600.12451171875,647.0960083007812,16032.323738694191,0.8523767590522766,5.08984375,5.125,5.08984375,>5,True,208,374,0.03515625,False,1537.6176979797979,,,,,
Garage4,Garage,666,22.20855108415708,2,3,"400.42,403.79,455.68,551.13",400.4217224121094,403.79052734375,455.6781921386719,551.1288452148438,8141.395301006734,0.8795339465141296,,8.1953125,8.1953125,>5,False,0,82,,False,3019.2509099953213,,,,,
Garage4,Garage,666,22.20855108415708,3,3,"349.38,403.27,394.73,538.92",349.38262939453125,403.2732238769531,394.72760009765625,538.9239501953125,6151.078210763633,0.7967135906219482,,9.09765625,9.09765625,>5,False,0,108,,False,1506.9278141321927,,,,,
Garage4,Garage,678,22.60870537511073,1,3,"445.90,402.01,553.86,651.85",445.9003601074219,402.0069580078125,553.8648681640625,651.8457641601562,26973.723799696192,0.8808273673057556,4.79296875,4.8203125,4.79296875,3-5,True,328,528,0.02734375,False,798.500887816177,,,,,
Garage4,Garage,678,22.60870537511073,2,3,"406.62,404.48,449.32,562.43",406.6200256347656,404.48297119140625,449.3183898925781,562.4314575195312,6744.142003208399,0.6681627631187439,,7.50390625,7.50390625,>5,False,0,19,,False,3697.27363222503,,,,,
Garage4,Garage,678,22.60870537511073,3,3,"368.63,406.72,414.49,538.15",368.63189697265625,406.721923828125,414.48663330078125,538.1467895507812,6026.452564671636,0.6447557806968689,,8.3203125,8.3203125,>5,False,0,32,,False,2743.702308849589,,,,,
Garage4,Garage,690,23.008859750116244,1,2,"347.04,403.75,487.05,665.20",347.04034423828125,403.748291015625,487.0459899902344,665.203125,36605.15286695212,0.8976424932479858,4.75390625,4.76171875,4.75390625,3-5,True,336,673,0.0078125,False,1248.0747890987097,,,,,
Garage4,Garage,690,23.008859750116244,2,2,"434.37,401.33,469.80,478.38",434.37139892578125,401.3284606933594,469.80413818359375,478.3797912597656,2730.139705426991,0.5693365335464478,,,,,False,0,0,,False,2418.5281307325017,,,,,
Garage4,Garage,708,23.609091209014878,1,3,"223.71,406.07,374.08,674.61",223.70663452148438,406.068603515625,374.08319091796875,674.6136474609375,40382.87894583866,0.8979498744010925,4.46875,4.48828125,4.46875,3-5,True,206,662,0.01953125,False,1571.7739970134162,,,,,
Garage4,Garage,708,23.609091209014878,2,3,"391.71,403.86,450.69,587.25",391.7110595703125,403.8603515625,450.6890869140625,587.2509155273438,10816.013696104288,0.8489751219749451,6.96875,6.98046875,6.96875,>5,True,22,276,0.01171875,False,3046.300119300381,,,,,
Garage4,Garage,708,23.609091209014878,3,3,"463.54,402.65,519.46,552.31",463.53662109375,402.64764404296875,519.4627075195312,552.3088989257812,8369.968275167048,0.8345418572425842,,8.125,8.125,>5,False,0,155,,False,898.8621182628092,,,,,
Garage4,Garage,732,24.40939991711639,1,2,"371.27,400.64,454.19,608.52",371.2735900878906,400.640625,454.19036865234375,608.5155029296875,17236.315222408623,0.8959388136863708,6.125,6.13671875,6.125,>5,True,133,360,0.01171875,False,2723.0122995504,,,,,
Garage4,Garage,732,24.40939991711639,2,2,"511.98,407.13,588.38,575.55",511.9761962890625,407.1283264160156,588.3815307617188,575.55126953125,12868.41130158864,0.8600184321403503,7.822265625,7.40625,7.822265625,>5,True,8,209,0.416015625,False,878.1108453788461,,,,,
Garage4,Garage,744,24.809554292121902,1,2,"361.03,400.68,437.36,630.96",361.0346374511719,400.67828369140625,437.3557434082031,630.9632568359375,17575.603835675865,0.890631914138794,5.69140625,5.6953125,5.69140625,>5,True,208,389,0.00390625,False,2438.7421692731755,,,,,
Garage4,Garage,744,24.809554292121902,2,2,"535.48,399.19,610.99,583.05",535.4766845703125,399.1920166015625,610.9886474609375,583.0520629882812,13883.632999822497,0.8749765157699585,7.17578125,7.1796875,7.17578125,>5,True,176,293,0.00390625,False,1112.5505347889252,,,,,
Garage4,Garage,756,25.20970854209736,1,2,"338.47,399.70,441.48,646.23",338.46722412109375,399.6997375488281,441.48126220703125,646.2254638671875,25395.610560122877,0.9069138765335083,5.28515625,5.29296875,5.28515625,>5,True,172,534,0.0078125,False,2187.6369803087327,,,,,
Garage4,Garage,756,25.20970854209736,2,2,"552.50,399.90,628.35,596.50",552.49560546875,399.8983154296875,628.347412109375,596.4962768554688,14912.310556009412,0.8538693189620972,6.515625,6.5234375,6.515625,>5,True,112,331,0.0078125,False,1384.5762082028762,,,,,
Garage4,Garage,774,25.809940292034298,1,2,"329.93,398.90,425.31,685.42",329.9328918457031,398.9012451171875,425.306396484375,685.4205932617188,27326.354379331693,0.8738026022911072,4.58984375,4.61328125,4.58984375,3-5,True,453,657,0.0234375,False,1990.04305988425,,,,,
Garage4,Garage,774,25.809940292034298,2,2,"584.71,397.41,670.08,624.12",584.7119750976562,397.40972900390625,670.0838012695312,624.1162719726562,19354.351578354836,0.9183251261711121,5.80859375,5.8125,5.80859375,>5,True,392,455,0.00390625,False,1357.9313685261086,,,,,
Garage4,Garage,786,26.210094584152102,1,2,"288.09,391.50,422.73,713.34",288.0909118652344,391.50128173828125,422.73052978515625,713.3399047851562,43332.22923890501,0.8861276507377625,4.19921875,4.19921875,4.19921875,3-5,True,517,967,0.0,False,1909.7657733643364,,,,,
Garage4,Garage,786,26.210094584152102,2,2,"596.96,401.52,687.85,647.11",596.956298828125,401.5218200683594,687.852783203125,647.1095581054688,22323.061993181705,0.8632041811943054,5.328125,5.32421875,5.328125,>5,True,398,530,0.00390625,False,1095.3443899732508,,,,,
Garage4,Garage,798,26.610248875105754,1,2,"279.70,388.38,403.61,719.45",279.7001953125,388.37786865234375,403.6051025390625,719.4450073242188,41020.843102902174,0.8629786372184753,3.7353515625,3.677734375,3.7353515625,3-5,True,16,752,0.0576171875,False,1984.4130769232113,,,,,
Garage4,Garage,798,26.610248875105754,2,2,"602.83,397.21,725.01,678.48",602.82763671875,397.20684814453125,725.0142822265625,678.48193359375,34368.05915596336,0.9201932549476624,4.80078125,4.8125,4.80078125,3-5,True,517,783,0.01171875,False,1084.1019443550729,,,,,
Garage4,Garage,810,27.01040333416313,1,2,"236.65,388.10,366.13,719.88",236.6517791748047,388.10357666015625,366.1285400390625,719.8828125,42957.700778561644,0.9021090865135193,3.271484375,3.267578125,3.271484375,3-5,True,649,1019,0.00390625,False,1465.3345013240921,,,,,
Garage4,Garage,810,27.01040333416313,2,2,"606.12,393.53,731.46,706.98",606.121337890625,393.5289001464844,731.4586181640625,706.981201171875,39287.258905973285,0.9090375900268555,4.234375,4.23828125,4.234375,3-5,True,759,928,0.00390625,False,1287.9521559714005,,,,,
Garage4,Garage,828,27.61063504195772,1,2,"140.94,385.16,313.39,719.36",140.94000244140625,385.1585998535156,313.3890686035156,719.3599853515625,57632.716839221306,0.8961719870567322,2.78515625,2.779296875,2.78515625,<3,True,802,1203,0.005859375,False,1230.7785636476488,,,,,
Garage4,Garage,828,27.61063504195772,2,2,"617.19,388.31,768.11,719.65",617.191650390625,388.3129577636719,768.107177734375,719.645751953125,50003.263361379504,0.9290871620178223,3.42578125,3.421875,3.42578125,3-5,True,1026,1169,0.00390625,False,931.569238710408,,,,,
Garage4,Garage,840,28.010789416963235,1,2,"629.05,388.46,820.68,719.11",629.045654296875,388.45916748046875,820.682373046875,719.107177734375,63364.29974627495,0.9332433342933655,2.869140625,2.873046875,2.869140625,<3,True,1137,1339,0.00390625,False,850.5939706185967,,,,,
Garage4,Garage,840,28.010789416963235,2,2,"25.49,381.12,194.90,719.40",25.49095916748047,381.12310791015625,194.8984375,719.4044189453125,57307.38386948453,0.8904820680618286,2.3720703125,2.388671875,2.3720703125,<3,True,58,797,0.0166015625,False,713.8447586846858,,,,,
Garage4,Garage,852,28.410943916998804,1,2,"624.18,375.52,820.10,719.99",624.182373046875,375.5236511230469,820.1029052734375,719.9946899414062,67488.94926192984,0.9493816494941711,2.490234375,2.4873046875,2.490234375,<3,True,1102,1512,0.0029296875,False,802.6419471319124,,,,,
Garage4,Garage,852,28.410943916998804,2,2,"0.28,374.81,88.12,719.13",0.2767181396484375,374.8052062988281,88.12300872802734,719.1324462890625,30247.87078167661,0.8991647958755493,3.0400390625,2.765625,3.0400390625,3-5,True,22,275,0.2744140625,False,752.1116089724851,,,,,
Garage4,Garage,864,28.811098375124857,1,1,"649.73,357.93,915.61,720.00",649.73193359375,357.92718505859375,915.6066284179688,720.0,96265.99917669222,0.9196000099182129,1.962890625,1.9423828125,1.962890625,<3,True,967,2125,0.0205078125,False,1025.6162477217113,,,,,
Garage4,Garage,882,29.41133000003174,1,1,"661.09,329.70,959.19,719.29",661.093994140625,329.697265625,959.1904907226562,719.2911376953125,116136.56835398823,0.9441204071044922,1.1904296875,1.14453125,1.1904296875,<3,True,125,2194,0.0458984375,False,626.8688844582089,,,,,
Garage4,Garage,894,29.811484459089115,1,1,"706.17,331.56,959.28,718.60",706.1729736328125,331.5626220703125,959.2787475585938,718.5987548828125,97961.07993274927,0.9227138757705688,,6.732421875,6.732421875,>5,False,0,24,,False,706.6581496232958,,,,,
Garage4,Garage,948,31.61217979202047,1,1,"482.04,283.49,936.56,719.30",482.0379638671875,283.48736572265625,936.5612182617188,719.302734375,198088.21967501566,0.9031575918197632,0.62841796875,0.61865234375,0.62841796875,<3,True,2002,3226,0.009765625,False,568.8162268525955,,,,,
Garage4,Garage,960,32.01233416702598,1,2,"263.37,341.03,577.27,719.44",263.3675537109375,341.0327453613281,577.2694091796875,719.4361572265625,118781.53310020268,0.9436677694320679,0.7294921875,0.74365234375,0.7294921875,<3,True,2086,2326,0.01416015625,False,300.2720206478201,,,,,
Garage4,Garage,960,32.01233416702598,2,2,"0.20,382.77,102.94,719.10",0.19774246215820312,382.77252197265625,102.9371109008789,719.0960693359375,34553.668847173685,0.8967975974082947,,2.8671875,2.8671875,<3,False,0,39,,False,772.4149602774255,,,,,
Garage4,Garage,972,32.41248862515204,1,1,"3.10,340.72,382.28,719.29",3.0987396240234375,340.72265625,382.2764892578125,719.2894287109375,143544.09686786495,0.9255442023277283,0.8916015625,0.90185546875,0.8916015625,<3,True,2704,3055,0.01025390625,False,514.6766545548587,,,,,
Garage4,Garage,984,32.81264316709712,1,2,"0.46,339.61,215.54,719.02",0.457122802734375,339.6081237792969,215.54132080078125,719.0211181640625,81605.73960728478,0.9262549877166748,1.1474609375,1.1484375,1.1474609375,<3,True,1597,1859,0.0009765625,False,229.10493214680702,,,,,
Garage4,Garage,984,32.81264316709712,2,2,"263.49,393.62,415.72,719.64",263.4859313964844,393.61651611328125,415.72430419921875,719.6442260742188,49633.92805305496,0.9002912044525146,2.6328125,2.6796875,2.6328125,<3,True,386,1009,0.046875,False,912.1712987077551,,,,,
Garage4,Garage,1002,33.412874875124544,1,3,"0.45,373.72,196.49,719.31",0.45389556884765625,373.7209167480469,196.4937744140625,719.314453125,67750.11500102724,0.9240272045135498,1.5830078125,1.5849609375,1.5830078125,<3,True,1189,1564,0.001953125,False,266.035022936924,,,,,
Garage4,Garage,1002,33.412874875124544,2,3,"403.79,395.25,595.27,719.82",403.7915954589844,395.2529296875,595.26904296875,719.8194580078125,62147.170389879495,0.9313595294952393,3.05859375,3.064453125,3.05859375,3-5,True,795,1175,0.005859375,False,447.41429929965955,,,,,
Garage4,Garage,1002,33.412874875124544,3,3,"210.12,397.44,261.00,638.75",210.11563110351562,397.4449768066406,261.0019226074219,638.753173828125,12279.279255917296,0.6833272576332092,5.8203125,4.685546875,5.8203125,>5,True,7,106,1.134765625,True,1994.8806223260426,,,,,
Garage4,Garage,1014,33.81302937516011,1,3,"6.01,382.02,244.95,719.46",6.0085601806640625,382.0198059082031,244.95364379882812,719.4622192382812,80630.2056694706,0.9340635538101196,1.94921875,1.9521484375,1.94921875,<3,True,1853,1940,0.0029296875,False,451.1319947853865,,,,,
Garage4,Garage,1014,33.81302937516011,2,3,"528.28,395.16,665.65,719.76",528.28466796875,395.1632995605469,665.6492919921875,719.7625732421875,44588.457187559456,0.8225434422492981,3.404296875,3.458984375,3.404296875,3-5,True,388,787,0.0546875,False,825.3237703779103,,,,,
Garage4,Garage,1014,33.81302937516011,3,3,"233.24,398.30,343.61,639.46",233.24075317382812,398.2969665527344,343.6146240234375,639.45654296875,26617.71594148781,0.849454939365387,,6.0859375,6.0859375,>5,False,0,7,,False,1668.524217732982,,,,,
Garage4,Garage,1026,34.21318379207514,1,3,"111.33,374.61,270.76,719.24",111.32611083984375,374.61077880859375,270.7607421875,719.2384033203125,54945.57826624438,0.9333257079124451,2.45703125,2.458984375,2.45703125,<3,True,1137,1332,0.001953125,False,600.364890801133,,,,,
Garage4,Garage,1026,34.21318379207514,2,3,"602.68,393.07,721.79,719.91",602.6768798828125,393.0694885253906,721.7861328125,719.9053344726562,38929.17344142124,0.9249417185783386,3.671875,3.689453125,3.671875,3-5,True,551,843,0.017578125,False,1120.5969674678993,,,,,
Garage4,Garage,1026,34.21318379207514,3,3,"302.06,396.86,386.45,639.04",302.0633544921875,396.8551025390625,386.4541015625,639.0371704101562,20437.925634674728,0.8514578342437744,6.12890625,5.1484375,6.12890625,>5,True,40,377,0.98046875,True,1866.004532072247,,,,,
Garage4,Garage,1044,34.81341558415443,1,3,"208.39,381.39,350.41,719.36",208.38571166992188,381.3914489746094,350.4085388183594,719.3626098632812,47999.619764048606,0.9328882694244385,3.21484375,3.216796875,3.21484375,3-5,True,1097,1107,0.001953125,False,1015.5634640540896,,,,,
Garage4,Garage,1044,34.81341558415443,2,3,"690.22,396.28,783.15,693.55",690.2162475585938,396.2764892578125,783.154052734375,693.5478515625,27627.74795421213,0.8737882971763611,4.046875,4.07421875,4.046875,3-5,True,101,551,0.02734375,False,1271.6013811584983,,,,,
Garage4,Garage,1044,34.81341558415443,3,3,"368.39,395.89,460.13,624.23",368.387939453125,395.8946228027344,460.1324157714844,624.231689453125,20948.66460391041,0.891299307346344,5.52734375,5.55078125,5.52734375,>5,True,52,350,0.0234375,False,1339.0609608287596,,,,,
Garage4,Garage,1056,35.21357004204765,1,3,"232.24,389.94,361.19,719.53",232.2421875,389.9402160644531,361.18841552734375,719.5250244140625,42498.71785179712,0.9061850905418396,3.67578125,3.67578125,3.67578125,3-5,True,853,995,0.0,False,1235.280934929173,,,,,
Garage4,Garage,1056,35.21357004204765,2,3,"738.30,400.80,833.10,678.43",738.297119140625,400.7987365722656,833.095703125,678.4278564453125,26318.84743679315,0.8645959496498108,4.328125,4.34765625,4.328125,3-5,True,274,498,0.01953125,False,1220.2849088659873,,,,,
Garage4,Garage,1056,35.21357004204765,3,3,"413.96,397.06,492.12,620.75",413.9608154296875,397.0609130859375,492.1201171875,620.75,17483.38284404576,0.8834421038627625,5.69921875,5.72265625,5.69921875,>5,True,189,366,0.0234375,False,1015.5445226272271,,,,,
Garage4,Garage,1068,35.61372454208322,1,3,"251.61,387.36,359.35,706.58",251.60948181152344,387.3580627441406,359.345947265625,706.5828857421875,34392.15411502076,0.8829202651977539,4.15625,4.16015625,4.15625,3-5,True,732,797,0.00390625,False,1221.8094795516147,,,,,
Garage4,Garage,1068,35.61372454208322,2,3,"760.19,407.05,876.62,677.30",760.191650390625,407.0523376464844,876.6192626953125,677.2960205078125,31463.826735969633,0.8911306858062744,,6.015625,6.015625,>5,False,0,155,,False,991.8088016710158,,,,,
Garage4,Garage,1068,35.61372454208322,3,3,"451.91,396.64,530.80,616.49",451.9054870605469,396.6433410644531,530.802001953125,616.4935302734375,17345.413727062754,0.8971085548400879,6.97265625,5.78125,6.97265625,>5,True,19,359,1.19140625,True,1031.5863078631428,,,,,
Garage4,Garage,1086,36.21395645895973,1,2,"284.18,395.47,387.10,660.39",284.18316650390625,395.4664306640625,387.09759521484375,660.394775390625,27264.94924686849,0.8968168497085571,4.90234375,4.90625,4.90234375,3-5,True,565,654,0.00390625,False,1271.3364301519393,,,,,
Garage4,Garage,1086,36.21395645895973,2,2,"511.29,400.48,592.47,605.17",511.2902526855469,400.47967529296875,592.4698486328125,605.1703491210938,16616.706195540726,0.8650543689727783,6.828125,6.12109375,6.828125,>5,True,9,265,0.70703125,True,1133.745787757008,,,,,
Garage4,Garage,1128,37.61449712514877,1,2,"636.54,402.77,720.52,589.62",636.5360107421875,402.772705078125,720.5235595703125,589.61572265625,15692.487062036991,0.8924393653869629,8.109375,6.828125,8.109375,>5,True,40,280,1.28125,True,1362.9045829932911,,,,,
Garage4,Garage,1128,37.61449712514877,2,2,"352.81,402.35,427.40,597.43",352.8071594238281,402.3494567871094,427.4017639160156,597.4326171875,14552.151193153113,0.8903493285179138,6.166015625,6.17578125,6.166015625,>5,True,2,265,0.009765625,False,1373.8878179031976,,,,,
Garage4,Garage,1242,41.41596420900896,1,4,"805.60,407.94,882.72,607.26",805.6009521484375,407.941162109375,882.7200927734375,607.2637329101562,15371.585367321968,0.561474084854126,,7.15234375,7.15234375,>5,False,0,5,,False,2152.1749235324482,,,,,
Garage4,Garage,1242,41.41596420900896,2,4,"808.57,408.15,882.55,550.67",808.5745239257812,408.1544494628906,882.550048828125,550.6663818359375,10542.395002143458,0.3579590916633606,,,,,False,0,0,,False,2792.2504997125643,,,,,
Garage4,Garage,1242,41.41596420900896,3,4,"757.16,407.21,815.46,549.61",757.16064453125,407.20623779296875,815.4610595703125,549.6077270507812,8302.065925911069,0.807034969329834,,,,,False,0,0,,False,1711.966376873097,,,,,
Garage4,Garage,1242,41.41596420900896,4,4,"426.54,402.77,464.24,513.93",426.53948974609375,402.77490234375,464.24005126953125,513.9349365234375,4190.795707538724,0.8023560643196106,,,,,False,0,0,,False,1540.3075941391103,,,,,
Garage4,Garage,1296,43.21665891702287,1,3,"679.99,397.14,800.87,687.53",679.9884033203125,397.1366271972656,800.8739013671875,687.5291748046875,35104.24774662405,0.8938551545143127,4.4609375,4.48046875,4.4609375,3-5,True,86,774,0.01953125,False,1927.0148289047697,,,,,
Garage4,Garage,1296,43.21665891702287,2,3,"630.61,409.32,678.09,539.46",630.61376953125,409.3173522949219,678.0860595703125,539.4639892578125,6178.358897510916,0.7609364986419678,,,,,False,0,0,,False,2480.587296617397,,,,,
Garage4,Garage,1296,43.21665891702287,3,3,"544.71,405.87,571.56,511.37",544.7101440429688,405.86663818359375,571.56103515625,511.3717346191406,2832.905856287107,0.7349687218666077,,,,,False,0,0,,False,657.5259518253978,,,,,
Garage4,Garage,1308,43.6168133339379,1,3,"673.51,394.83,801.97,710.58",673.5064697265625,394.82904052734375,801.974853515625,710.5797119140625,40563.97843336314,0.8741892576217651,3.939453125,3.951171875,3.939453125,3-5,True,125,860,0.01171875,False,2094.8160453569653,,,,,
Garage4,Garage,1308,43.6168133339379,2,3,"559.44,407.63,614.15,513.72",559.4390258789062,407.6253662109375,614.1536865234375,513.71923828125,5804.8902067914605,0.7234925627708435,,9.8046875,9.8046875,>5,False,0,20,,False,999.7404725827138,,,,,
Garage4,Garage,1308,43.6168133339379,3,3,"608.75,407.84,644.95,541.05",608.7454833984375,407.8400573730469,644.94873046875,541.0467529296875,4822.514910656959,0.8035978674888611,,9.9453125,9.9453125,>5,False,0,9,,False,2743.3725447569695,,,,,
Garage4,Garage,1326,44.217044834047556,1,3,"675.78,388.02,825.19,719.49",675.77880859375,388.0214538574219,825.1929931640625,719.4901123046875,49526.11931251362,0.932836651802063,3.197265625,3.20703125,3.197265625,3-5,True,819,1118,0.009765625,False,1962.840325688829,,,,,
Garage4,Garage,1326,44.217044834047556,2,3,"561.02,404.44,603.96,537.54",561.0195922851562,404.4449157714844,603.9647827148438,537.544677734375,5715.994623642415,0.8084089756011963,,10.3203125,10.3203125,>5,False,0,7,,False,2380.870489500143,,,,,
Garage4,Garage,1326,44.217044834047556,3,3,"611.11,405.42,649.36,517.00",611.1118774414062,405.4177551269531,649.3644409179688,516.997314453125,4268.204175811261,0.7555904984474182,,,,,False,0,0,,False,1077.7284060567026,,,,,
Garage4,Garage,1338,44.61719920905307,1,3,"701.13,387.97,881.53,718.50",701.1304321289062,387.9723815917969,881.5264892578125,718.49609375,59625.174460949376,0.8871281147003174,2.642578125,2.61328125,2.642578125,<3,True,252,1404,0.029296875,False,1727.4814800613542,,,,,
Garage4,Garage,1338,44.61719920905307,2,3,"632.13,408.82,691.29,523.74",632.1304931640625,408.82391357421875,691.2919921875,523.7365112304688,6798.401534020901,0.8587498068809509,,12.1796875,12.1796875,>5,False,0,11,,False,1012.8333655164157,,,,,
Garage4,Garage,1338,44.61719920905307,3,3,"535.45,405.29,581.22,538.84",535.4537353515625,405.2940673828125,581.21875,538.840576171875,6111.757930979133,0.7467708587646484,,10.8359375,10.8359375,>5,False,0,4,,False,1949.1769603349105,,,,,
Garage4,Garage,1350,45.017353625036776,1,3,"739.30,389.45,957.24,719.40",739.296142578125,389.45208740234375,957.2445068359375,719.3980102539062,71911.17417903244,0.9301977753639221,2.0546875,2.056640625,2.0546875,<3,True,1075,1543,0.001953125,False,968.31772684516,,,,,
Garage4,Garage,1350,45.017353625036776,2,3,"494.76,406.17,561.29,539.27",494.7611389160156,406.1700439453125,561.291015625,539.27490234375,8855.44981861487,0.868251383304596,,9.34375,9.34375,>5,False,0,36,,False,1585.6293659684072,,,,,
Garage4,Garage,1350,45.017353625036776,3,3,"663.44,406.25,708.89,525.55",663.4352416992188,406.2463073730469,708.8860473632812,525.552734375,5422.57322813943,0.7816045880317688,,10.2421875,10.2421875,>5,False,0,68,,False,781.2520714857699,,,,,
Garage4,Garage,1362,45.417507959064096,1,3,"817.18,378.16,959.83,718.89",817.1771850585938,378.1615905761719,959.8342895507812,718.8905029296875,48607.400053124875,0.9153851866722107,,1.55615234375,1.55615234375,<3,False,0,64,,False,819.8526277029501,,,,,
Garage4,Garage,1362,45.417507959064096,2,3,"466.34,404.33,528.02,541.38",466.3385009765625,404.33258056640625,528.0192260742188,541.3844604492188,8453.459327168763,0.7953698039054871,,11.6875,11.6875,>5,False,0,11,,False,1969.1391113121015,,,,,
Garage4,Garage,1362,45.417507959064096,3,3,"697.01,407.09,740.77,534.85",697.011474609375,407.0889892578125,740.7727661132812,534.8510131835938,5591.031172145158,0.7945935130119324,,,,,False,0,0,,False,794.9429149785316,,,,,
Garage4,Garage,1386,46.21781679196283,1,2,"730.03,409.96,804.70,545.99",730.0301513671875,409.95867919921875,804.7040405273438,545.9853515625,10157.640654880553,0.8882787823677063,,11.02734375,11.02734375,>5,False,0,20,,False,721.8124379183168,,,,,
Garage4,Garage,1386,46.21781679196283,2,2,"431.85,406.50,487.13,550.21",431.8470153808594,406.50311279296875,487.1305847167969,550.207763671875,7944.5060307607055,0.8352134227752686,,8.59375,8.59375,>5,False,0,26,,False,2273.1485366063425,,,,,
Garage4,Garage,1428,47.61835708399303,1,2,"385.07,405.31,446.95,572.59",385.0668640136719,405.3100891113281,446.9490051269531,572.5906982421875,10351.682259751484,0.8511131405830383,7.5078125,7.5625,7.5078125,>5,True,61,241,0.0546875,False,3039.769803580793,,,,,
Garage4,Garage,1428,47.61835708399303,2,2,"730.00,409.45,791.97,574.49",729.9966430664062,409.45294189453125,791.9679565429688,574.4946899414062,10227.853904932737,0.8631061315536499,,7.0703125,7.0703125,>5,False,0,138,,False,738.3103963267215,,,,,
Garage4,Garage,1500,50.01928341714665,1,2,"319.77,398.69,421.85,660.23",319.77471923828125,398.6946716308594,421.8536682128906,660.22900390625,26697.149759448133,0.8878486752510071,5.078125,5.078125,5.078125,>5,True,448,591,0.0,False,2236.5788584814813,,,,,
Garage4,Garage,1500,50.01928341714665,2,2,"508.55,401.94,604.14,613.37",508.552734375,401.93658447265625,604.1353759765625,613.3706665039062,20209.428085148335,0.8889946937561035,5.953125,5.953125,5.953125,>5,True,213,394,0.0,False,823.7718647619274,,,,,
Garage4,Garage,1512,50.419437792152166,1,3,"312.95,394.95,414.31,673.28",312.9466552734375,394.9545593261719,414.3096923828125,673.2818603515625,28212.100542388856,0.8712546825408936,4.58984375,4.60546875,4.58984375,3-5,True,391,631,0.015625,False,2320.3106025688626,,,,,
Garage4,Garage,1512,50.419437792152166,2,3,"895.49,392.71,959.82,719.31",895.4851684570312,392.71441650390625,959.8196411132812,719.3145141601562,21011.645052194595,0.6487799882888794,,,,,False,0,0,,False,641.1241774496724,,,,,
Garage4,Garage,1512,50.419437792152166,3,3,"470.14,395.60,559.77,626.23",470.135009765625,395.6020202636719,559.7726440429688,626.2337646484375,20673.28395590745,0.8984777927398682,5.71484375,5.72265625,5.71484375,>5,True,357,434,0.0078125,False,829.2185105822728,,,,,
Garage4,Garage,1530,51.01966937514953,1,3,"719.12,395.75,935.52,719.44",719.1206665039062,395.7497863769531,935.5220947265625,719.435546875,70046.06086711399,0.9311812520027161,2.599609375,2.609375,2.599609375,<3,True,1068,1344,0.009765625,False,872.4380622690434,,,,,
Garage4,Garage,1530,51.01966937514953,2,3,"265.87,389.31,398.30,718.46",265.86517333984375,389.3081359863281,398.29974365234375,718.45947265625,43591.01583966613,0.8576616048812866,4.01171875,3.9453125,4.01171875,3-5,True,7,909,0.06640625,False,1993.187986433422,,,,,
Garage4,Garage,1530,51.01966937514953,3,3,"428.82,393.57,515.17,646.83",428.8210144042969,393.5660400390625,515.17431640625,646.8316650390625,21870.32300233841,0.8697732090950012,5.12890625,5.1484375,5.12890625,>5,True,375,495,0.01953125,False,941.6682385454129,,,,,
Garage4,Garage,1542,51.41982383397408,1,3,"251.81,390.92,389.68,719.60",251.8114013671875,390.9156188964844,389.6756286621094,719.600830078125,45313.9326628251,0.9096779823303223,3.515625,3.53125,3.515625,3-5,True,400,996,0.015625,False,1994.715810326232,,,,,
Garage4,Garage,1542,51.41982383397408,2,3,"699.99,393.54,828.28,719.63",699.9913330078125,393.539794921875,828.2799682617188,719.6275634765625,41833.354800872505,0.9025095701217651,3.16796875,3.1806640625,3.16796875,3-5,True,603,972,0.0126953125,False,1082.9330875057778,,,,,
Garage4,Garage,1542,51.41982383397408,3,3,"383.67,394.37,480.51,671.35",383.6726989746094,394.36505126953125,480.5113220214844,671.350341796875,26822.874138906598,0.8899222016334534,4.6953125,4.6953125,4.6953125,3-5,True,576,645,0.0,False,1001.0554528448231,,,,,
Garage4,Garage,1560,52.02005529194139,1,3,"166.56,382.64,340.57,719.67",166.55813598632812,382.6376037597656,340.5703125,719.6737060546875,58648.385724023916,0.9137560129165649,2.876953125,2.884765625,2.876953125,<3,True,283,1268,0.0078125,False,1359.9574994873128,,,,,
Garage4,Garage,1560,52.02005529194139,2,3,"636.77,403.88,771.42,718.22",636.771728515625,403.8761901855469,771.417724609375,718.21826171875,42324.90133576095,0.900873601436615,3.986328125,4.00390625,3.986328125,3-5,True,621,922,0.017578125,False,1049.3290876383617,,,,,
Garage4,Garage,1560,52.02005529194139,3,3,"326.48,392.99,434.52,713.40",326.47589111328125,392.98828125,434.516845703125,713.3955688476562,34617.109209593385,0.9122448563575745,4.10546875,4.11328125,4.10546875,3-5,True,526,760,0.0078125,False,1064.5363228371368,,,,,
Garage4,Garage,1572,52.4202096669469,1,3,"97.84,381.36,305.52,719.65",97.83988952636719,381.3555603027344,305.5238037109375,719.652099609375,70258.74943829747,0.9216616153717041,2.52734375,2.533203125,2.52734375,<3,True,1196,1555,0.005859375,False,1242.5456534835057,,,,,
Garage4,Garage,1572,52.4202096669469,2,3,"274.91,395.66,399.97,719.24",274.90875244140625,395.65753173828125,399.970703125,719.2354125976562,40467.28097833693,0.8940138816833496,3.701171875,3.705078125,3.701171875,3-5,True,484,737,0.00390625,False,981.9914245461497,,,,,
Garage4,Garage,1572,52.4202096669469,3,3,"626.79,398.44,721.07,671.10",626.7857666015625,398.44427490234375,721.0684814453125,671.102783203125,25706.9843878448,0.8532347083091736,4.609375,4.6171875,4.609375,3-5,True,410,596,0.0078125,False,1754.0074103944462,,,,,
Garage4,Garage,1584,52.82036416698247,1,3,"29.98,374.27,195.47,719.45",29.975692749023438,374.27325439453125,195.4736328125,719.44677734375,57125.50701254886,0.8994067907333374,2.16796875,2.142578125,2.16796875,<3,True,531,1175,0.025390625,False,767.1978135137474,,,,,
Garage4,Garage,1584,52.82036416698247,2,3,"213.45,387.20,366.80,719.33",213.4464569091797,387.20269775390625,366.7980651855469,719.3349609375,50933.01671967376,0.921699583530426,3.30078125,3.302734375,3.30078125,3-5,True,1061,1180,0.001953125,False,985.7180999974962,,,,,
Garage4,Garage,1584,52.82036416698247,3,3,"601.22,401.21,689.00,640.51",601.2191162109375,401.20550537109375,688.9979248046875,640.5130004882812,21006.126808941364,0.8938137292861938,5.19921875,5.21875,5.19921875,>5,True,241,430,0.01953125,False,1828.0420319830946,,,,,
Garage4,Garage,1596,53.220518541987985,1,3,"171.07,384.26,353.10,719.52",171.07200622558594,384.2566223144531,353.09814453125,719.51611328125,61025.9904710087,0.9289138913154602,2.787109375,2.791015625,2.787109375,<3,True,1298,1415,0.00390625,False,894.5839362532417,,,,,
Garage4,Garage,1596,53.220518541987985,2,3,"0.23,373.72,65.31,719.26",0.2283954620361328,373.71929931640625,65.30703735351562,719.2555541992188,22487.030192041537,0.8700921535491943,3.03125,3.037109375,3.03125,3-5,True,13,62,0.005859375,False,568.5248013254884,,,,,
Garage4,Garage,1596,53.220518541987985,3,3,"590.49,405.10,671.14,627.49",590.4879150390625,405.0958251953125,671.1429443359375,627.48681640625,17936.951911479235,0.8809858560562134,5.66015625,5.6640625,5.66015625,>5,True,281,429,0.00390625,False,1642.322295649679,,,,,
Garage4,Garage,1614,53.820750209037215,1,2,"58.30,371.81,302.10,719.31",58.30268096923828,371.80999755859375,302.0978698730469,719.3092041015625,84718.63470306667,0.9363817572593689,2.078125,2.0859375,2.078125,<3,True,1730,1949,0.0078125,False,736.991963630833,,,,,
Garage4,Garage,1614,53.820750209037215,2,2,"573.84,405.22,643.23,591.06",573.8443603515625,405.2230224609375,643.2326049804688,591.0556640625,12894.60079548508,0.8880207538604736,6.45703125,6.505859375,6.45703125,>5,True,17,246,0.048828125,False,2190.647022364224,,,,,
Garage4,Garage,1626,54.22090454213321,1,2,"0.18,367.23,302.44,719.22",0.1838836669921875,367.227294921875,302.43975830078125,719.2240600585938,106393.09011466336,0.9347461462020874,1.65625,1.650390625,1.65625,<3,True,1637,2337,0.005859375,False,594.5315515120473,,,,,
Garage4,Garage,1626,54.22090454213321,2,2,"569.97,406.25,636.65,582.20",569.97119140625,406.24920654296875,636.6451416015625,582.197998046875,11731.200961656868,0.8643457889556885,,6.87109375,6.87109375,>5,False,0,133,,False,1949.1903988033132,,,,,
Garage4,Garage,1638,54.62105912505649,1,2,"6.53,352.96,365.40,719.50",6.534210205078125,352.95843505859375,365.40338134765625,719.5027465820312,131541.45326344296,0.9351128935813904,1.30078125,1.298828125,1.30078125,<3,True,2391,3030,0.001953125,False,442.9607930560273,,,,,
Garage4,Garage,1638,54.62105912505649,2,2,"563.85,405.38,623.44,571.25",563.8507690429688,405.3793029785156,623.4359130859375,571.2520751953125,9883.553025344387,0.8687423467636108,,7.16796875,7.16796875,>5,False,0,2,,False,1966.2946856288631,,,,,
Garage4,Garage,1650,55.02121354197152,1,2,"232.87,360.26,533.00,718.75",232.8680877685547,360.263916015625,532.9999389648438,718.75,107593.09201433882,0.9181010723114014,1.01708984375,1.0205078125,1.01708984375,<3,True,1218,1764,0.00341796875,False,678.4953821501588,,,,,
Garage4,Garage,1650,55.02121354197152,2,2,"556.80,407.11,615.38,557.24",556.8041381835938,407.1144104003906,615.38232421875,557.2373046875,8793.926829686388,0.8362494707107544,,8.1640625,8.1640625,>5,False,0,67,,False,1888.0719878757754,,,,,
Garage4,Garage,1662,55.42136787506752,1,1,"433.84,378.95,770.04,719.21",433.8358154296875,378.95318603515625,770.0421752929688,719.2095947265625,114396.36858629063,0.9359222054481506,0.97412109375,0.9853515625,0.97412109375,<3,True,2037,2272,0.01123046875,False,306.7562468335038,,,,,
Garage4,Garage,1674,55.82152229198255,1,2,"557.56,357.08,941.23,719.33",557.5572509765625,357.07696533203125,941.2349853515625,719.3333740234375,138989.7181495428,0.9374921917915344,1.2822265625,1.263671875,1.2822265625,<3,True,1584,2686,0.0185546875,False,833.8970385187064,,,,,
Garage4,Garage,1674,55.82152229198255,2,2,"546.02,410.37,590.54,538.22",546.0167236328125,410.3668212890625,590.5428466796875,538.21875,5692.750709563494,0.7735962271690369,,9.375,9.375,>5,False,0,73,,False,1910.915324681491,,,,,
Garage4,Garage,1686,56.2216767501086,1,3,"647.95,378.56,959.89,719.35",647.9513549804688,378.5616760253906,959.8868408203125,719.3516845703125,106304.49688482471,0.9389857053756714,1.693359375,1.662109375,1.693359375,<3,True,572,2255,0.03125,False,638.2261131686184,,,,,
Garage4,Garage,1686,56.2216767501086,2,3,"0.19,374.81,56.99,717.60",0.18796920776367188,374.81451416015625,56.98914337158203,717.60498046875,19470.900978490943,0.7985597848892212,,2.685546875,2.685546875,<3,False,0,179,,False,1703.5071315131743,,,,,
Garage4,Garage,1686,56.2216767501086,3,3,"538.56,409.26,585.55,534.48",538.560302734375,409.2572021484375,585.5479736328125,534.4805908203125,5883.955375701189,0.8123135566711426,,11.04296875,11.04296875,>5,False,0,2,,False,1548.3877226237717,,,,,
Garage4,Garage,1698,56.62183116702363,1,3,"706.36,385.46,955.96,719.24",706.35888671875,385.45916748046875,955.9605712890625,719.2415771484375,83312.65173306316,0.9390453100204468,2.134765625,2.0625,2.134765625,<3,True,1,1837,0.072265625,False,620.2867867574605,,,,,
Garage4,Garage,1698,56.62183116702363,2,3,"23.93,378.89,205.13,719.38",23.928892135620117,378.89111328125,205.130615234375,719.3809814453125,61697.35080899601,0.9017201662063599,2.09765625,2.169921875,2.09765625,<3,True,112,866,0.072265625,False,445.91612717904604,,,,,
Garage4,Garage,1698,56.62183116702363,3,3,"531.82,407.93,566.84,523.84",531.8167114257812,407.9275817871094,566.8448486328125,523.838623046875,4060.1478570569307,0.7347130179405212,,,,,False,0,0,,False,1972.340944371393,,,,,
Garage4,Garage,1710,57.02198562514968,1,3,"713.82,384.22,944.27,719.44",713.82080078125,384.22320556640625,944.2703857421875,719.439453125,77250.44512204081,0.9368526935577393,2.513671875,2.49609375,2.513671875,<3,True,205,1759,0.017578125,False,691.4689423982963,,,,,
Garage4,Garage,1710,57.02198562514968,2,3,"120.01,378.82,326.90,719.39",120.0120620727539,378.81744384765625,326.8961486816406,719.3914184570312,70459.33565981872,0.9178397059440613,2.3828125,2.390625,2.3828125,<3,True,1177,1493,0.0078125,False,845.9010295307966,,,,,
Garage4,Garage,1710,57.02198562514968,3,3,"518.18,405.81,552.86,517.63",518.1831665039062,405.8106689453125,552.8648071289062,517.62548828125,3877.9213807582855,0.7098250389099121,,,,,False,0,0,,False,2171.858345322936,,,,,
Garage4,Garage,1728,57.62221737508662,1,3,"737.80,385.73,892.76,719.64",737.8016967773438,385.72589111328125,892.7578125,719.6390380859375,51741.884243611246,0.9079433083534241,,3.05078125,3.05078125,3-5,False,0,1154,,False,687.0732618897915,,,,,
Garage4,Garage,1728,57.62221737508662,2,3,"270.09,382.86,394.93,719.37",270.0938415527344,382.8599548339844,394.92901611328125,719.37158203125,42008.48772282433,0.8964082598686218,2.875,2.880859375,2.875,<3,True,804,953,0.005859375,False,1054.614983054655,,,,,
Garage4,Garage,1728,57.62221737508662,3,3,"501.95,404.15,531.88,509.82",501.94866943359375,404.1500244140625,531.8778076171875,509.82421875,3162.7375647202134,0.4821120500564575,,,,,False,0,0,,False,2478.658146255032,,,,,
Garage4,Garage,1740,58.022371750092134,1,3,"725.34,391.83,859.44,719.68",725.3394165039062,391.82794189453125,859.4395751953125,719.68212890625,43965.298505913466,0.907227635383606,,3.498046875,3.498046875,3-5,False,0,569,,False,705.0443016502485,,,,,
Garage4,Garage,1740,58.022371750092134,2,3,"345.59,383.23,469.09,719.38",345.59112548828125,383.2307434082031,469.08514404296875,719.3823852539062,41512.71709528193,0.9096764922142029,3.173828125,3.18359375,3.173828125,3-5,True,788,964,0.009765625,False,909.0466834711584,,,,,
Garage4,Garage,1740,58.022371750092134,3,3,"487.53,404.91,519.21,505.22",487.53277587890625,404.9079895019531,519.21240234375,505.2166442871094,3177.7407147847116,0.6076149344444275,,,,,False,0,0,,False,2369.730510515663,,,,,
Garage4,Garage,1752,58.4225262501277,1,2,"371.54,389.19,513.64,719.56",371.5426330566406,389.1900329589844,513.6392211914062,719.5589599609375,46944.29735272098,0.917344868183136,3.48828125,3.505859375,3.48828125,3-5,True,718,1030,0.017578125,False,1159.557576950719,,,,,
Garage4,Garage,1752,58.4225262501277,2,2,"698.77,398.60,816.64,719.41",698.765869140625,398.60321044921875,816.6417236328125,719.407958984375,37815.13385873288,0.9161338210105896,3.974609375,3.984375,3.974609375,3-5,True,353,794,0.009765625,False,543.3592422610939,,,,,
Garage4,Garage,1764,58.822680625133216,1,2,"438.76,390.22,557.59,719.94",438.7564697265625,390.2164306640625,557.5883178710938,719.9444580078125,39182.19087430835,0.8959134817123413,3.873046875,3.875,3.873046875,3-5,True,688,915,0.001953125,False,658.0105169651056,,,,,
Garage4,Garage,1764,58.822680625133216,2,2,"705.97,393.77,791.44,673.76",705.9730224609375,393.7669677734375,791.4395141601562,673.7632446289062,23930.299471680075,0.870290994644165,4.5234375,4.55078125,4.5234375,3-5,True,360,609,0.02734375,False,604.1783325325297,,,,,
Garage4,Garage,1776,59.222835124935955,1,3,"479.50,395.24,587.60,700.10",479.504150390625,395.242919921875,587.5988159179688,700.098876953125,32953.30270931125,0.8859031200408936,4.1875,4.203125,4.1875,3-5,True,569,773,0.015625,False,1235.9907081327872,,,,,
Garage4,Garage,1776,59.222835124935955,2,3,"681.30,397.76,772.94,655.30",681.2960205078125,397.76239013671875,772.9425048828125,655.304931640625,23602.868505835533,0.8642290234565735,4.96484375,4.97265625,4.96484375,3-5,True,469,586,0.0078125,False,820.2910739908604,,,,,
Garage4,Garage,1776,59.222835124935955,3,3,"439.70,407.00,468.10,497.03",439.7009582519531,406.99749755859375,468.1015319824219,497.0254211425781,2556.8446815479547,0.7798985838890076,,,,,False,0,0,,False,2728.7523608485617,,,,,
Garage4,Garage,1788,59.62298966711387,1,3,"509.33,396.60,603.26,681.28",509.3264465332031,396.6009521484375,603.259521484375,681.2830810546875,26741.067751809955,0.8797541260719299,4.5078125,4.51171875,4.5078125,3-5,True,416,599,0.00390625,False,1518.761330647734,,,,,
Garage4,Garage,1788,59.62298966711387,2,3,"665.34,404.78,776.25,643.44",665.340576171875,404.78448486328125,776.2462158203125,643.4415283203125,26468.412061206996,0.8867705464363098,,4.8828125,4.8828125,3-5,False,0,493,,False,546.4332802078351,,,,,
Garage4,Garage,1788,59.62298966711387,3,3,"427.27,411.75,452.64,497.51",427.2688293457031,411.7503662109375,452.6377258300781,497.5111083984375,2175.6553909778595,0.26419445872306824,,,,,False,0,0,,False,2701.4565330321984,,,,,
Garage4,Garage,1800,60.023144042119384,1,2,"537.02,396.11,622.66,660.30",537.0239868164062,396.1050109863281,622.6630859375,660.3037109375,22625.738652782515,0.8921610713005066,4.91015625,4.9140625,4.91015625,3-5,True,272,528,0.00390625,False,1493.9899999268364,,,,,
Garage4,Garage,1800,60.023144042119384,2,2,"689.41,399.54,761.42,619.33",689.4143676757812,399.54193115234375,761.4192504882812,619.3290405273438,15825.745054244995,0.8805938959121704,5.88671875,5.890625,5.88671875,>5,True,350,401,0.00390625,False,642.0773250883611,,,,,
Garage4,Garage,1812,60.42329858406447,1,2,"547.51,393.33,639.05,648.12",547.508056640625,393.3254699707031,639.0499267578125,648.1151123046875,23323.920345742255,0.8748904466629028,5.16015625,5.16796875,5.16015625,>5,True,337,536,0.0078125,False,1640.9354313658432,,,,,
Garage4,Garage,1812,60.42329858406447,2,2,"679.77,401.55,751.86,601.23",679.77490234375,401.5496520996094,751.86376953125,601.228759765625,14394.640672653913,0.8775467276573181,7.30859375,5.833984375,7.30859375,>5,True,3,288,1.474609375,True,852.9748807610721,,,,,
Garage4,Garage,1824,60.82345304195769,1,2,"560.98,393.52,649.49,625.02",560.9840087890625,393.5212097167969,649.4923706054688,625.017822265625,20489.38594274409,0.9046865105628967,5.54296875,5.55859375,5.54296875,>5,True,255,457,0.015625,False,2054.5543091852496,,,,,
Garage4,Garage,1824,60.82345304195769,2,2,"667.46,407.10,753.30,597.24",667.4595336914062,407.0999450683594,753.2996826171875,597.241455078125,16321.775536211208,0.8955700993537903,6.1953125,6.142578125,6.1953125,>5,True,14,212,0.052734375,False,645.2890214029359,,,,,
Garage4,Garage,1842,61.423684834036976,1,2,"587.40,399.19,660.06,610.35",587.3967895507812,399.1907043457031,660.0579833984375,610.3466796875,15342.845256401226,0.8767844438552856,6.16015625,6.171875,6.16015625,>5,True,233,348,0.01171875,False,2134.6303636100283,,,,,
Garage4,Garage,1842,61.423684834036976,2,2,"672.66,406.93,732.13,578.30",672.66357421875,406.9265441894531,732.1292724609375,578.3003540039062,10190.8632610403,0.8402384519577026,,7.140625,7.140625,>5,False,0,212,,False,851.064325460968,,,,,
Garage4,Garage,1854,61.82383929216303,1,2,"598.00,402.88,660.55,597.61",598.00244140625,402.8836669921875,660.5521240234375,597.60888671875,12180.000691458583,0.8045429587364197,6.5,6.51953125,6.5,>5,True,161,276,0.01953125,False,2128.0109560240867,,,,,
Garage4,Garage,1854,61.82383929216303,2,2,"653.53,405.65,718.83,566.72",653.5299682617188,405.65008544921875,718.8306884765625,566.7173461914062,10517.808129496872,0.8270160555839539,,7.70703125,7.70703125,>5,False,0,203,,False,996.5274700770294,,,,,
Garage4,Garage,1866,62.223993834108114,1,3,"613.56,409.82,677.22,590.81",613.563720703125,409.82305908203125,677.224365234375,590.8081665039062,11521.62858903408,0.6378974914550781,6.8359375,6.890625,6.8359375,>5,True,21,257,0.0546875,False,1929.6668193104767,,,,,
Garage4,Garage,1866,62.223993834108114,2,3,"651.55,405.92,685.38,556.88",651.5478515625,405.9150695800781,685.3758544921875,556.877685546875,5106.763815198094,0.5910309553146362,,7.921875,7.921875,>5,False,0,15,,False,1760.9548317810504,,,,,
Garage4,Garage,1866,62.223993834108114,3,3,"305.72,407.34,327.14,436.65",305.7232360839844,407.3404541015625,327.1403503417969,436.64739990234375,627.6702067628503,0.2913866639137268,,,,,False,0,0,,False,7806.812644402437,,,,,
Garage4,Garage,1878,62.62414825009182,1,1,"624.52,408.53,684.02,581.61",624.52392578125,408.53131103515625,684.0247802734375,581.60693359375,10298.147434003651,0.7372291088104248,,7.18359375,7.18359375,>5,False,0,210,,False,1855.1129893522102,,,,,
Garage4,Garage,1914,63.82461187499575,1,2,"637.18,406.89,699.91,561.33",637.1810302734375,406.8875427246094,699.9141845703125,561.3257446289062,9688.39554939419,0.8387029767036438,9.4609375,8.2578125,9.4609375,>5,True,5,153,1.203125,True,1579.1438591970743,,,,,
Garage4,Garage,1914,63.82461187499575,2,2,"541.41,410.96,604.75,533.05",541.4141235351562,410.956787109375,604.7451782226562,533.0467529296875,7732.086302161217,0.8732313513755798,11.0390625,9.4765625,11.0390625,>5,True,1,53,1.5625,True,771.3070221423607,,,,,
Garage4,Garage,1980,66.02546179201454,1,2,"420.49,401.19,485.16,554.09",420.4860534667969,401.1885986328125,485.1645812988281,554.0926513671875,9889.609030410647,0.9002026915550232,8.28125,8.33203125,8.28125,>5,True,47,204,0.05078125,False,1105.1104148071588,,,,,
Garage4,Garage,1980,66.02546179201454,2,2,"653.18,409.46,689.70,530.36",653.182373046875,409.46392822265625,689.6984252929688,530.3600463867188,4414.64896722883,0.7216118574142456,,,,,False,0,0,,False,2202.1181569415608,,,,,
Garage4,Garage,1992,66.42561633395962,1,2,"415.33,401.44,477.51,562.59",415.32965087890625,401.43585205078125,477.513916015625,562.5891723632812,10021.200797975063,0.8781821131706238,7.6796875,7.76953125,7.6796875,>5,True,57,244,0.08984375,False,1359.1784080395355,,,,,
Garage4,Garage,1992,66.42561633395962,2,2,"643.54,407.74,685.26,525.97",643.5369873046875,407.7433776855469,685.2593994140625,525.9676513671875,4932.601867876947,0.7933027148246765,,10.09375,10.09375,>5,False,0,5,,False,2275.561108902569,,,,,
Garage4,Garage,2010,67.02584820915945,1,2,"386.63,399.83,456.34,579.83",386.6331481933594,399.8271789550781,456.3388366699219,579.8277587890625,12547.064343508333,0.8972030282020569,7.0546875,7.06640625,7.0546875,>5,True,227,316,0.01171875,False,1387.0058942634198,,,,,
Garage4,Garage,2010,67.02584820915945,2,2,"631.86,401.05,665.37,518.73",631.8623657226562,401.0492248535156,665.3699340820312,518.727783203125,3943.122338332236,0.7299786806106567,,,,,False,0,0,,False,2672.7005038430198,,,,,
Garage4,Garage,2028,67.62607995909639,1,3,"366.94,395.82,442.03,604.19",366.93682861328125,395.8222961425781,442.0342712402344,604.1900024414062,15647.881869086064,0.887284517288208,6.22265625,6.2265625,6.22265625,>5,True,259,391,0.00390625,False,1779.3117349749816,,,,,
Garage4,Garage,2028,67.62607995909639,2,3,"608.09,404.30,640.25,512.39",608.0922241210938,404.3011779785156,640.2534790039062,512.3900146484375,3476.2726261280477,0.7099964618682861,,,,,False,0,0,,False,3154.0075446679725,,,,,
Garage4,Garage,2028,67.62607995909639,3,3,"349.10,408.56,379.32,500.78",349.10174560546875,408.55517578125,379.32147216796875,500.7829284667969,2787.0974676311016,0.5225618481636047,,,,,False,0,0,,False,5219.481815308536,,,,,
Garage4,Garage,2064,68.82654379215091,1,3,"300.11,393.62,401.69,666.73",300.10687255859375,393.6248474121094,401.68682861328125,666.7293090820312,27741.93921476975,0.8389503955841064,4.71484375,4.71875,4.71484375,3-5,True,641,687,0.00390625,False,1714.5342259815193,,,,,
Garage4,Garage,2064,68.82654379215091,2,3,"404.81,410.04,449.16,516.98",404.8124084472656,410.0351257324219,449.1611022949219,516.9835205078125,4743.021617392078,0.7323713898658752,,,,,False,0,0,,False,2987.96644789971,,,,,
Garage4,Garage,2064,68.82654379215091,3,3,"541.79,408.57,588.12,507.97",541.7896118164062,408.57220458984375,588.1154174804688,507.97119140625,4604.738146461546,0.8187040686607361,,13.78125,13.78125,>5,False,0,16,,False,1995.1635666232637,,,,,
Garage4,Garage,2076,69.226698334096,1,3,"270.12,396.76,383.91,718.65",270.1181945800781,396.76007080078125,383.911376953125,718.651611328125,36629.06277556904,0.8881482481956482,4.14453125,4.140625,4.14453125,3-5,True,616,813,0.00390625,False,1392.4417685716805,,,,,
Garage4,Garage,2076,69.226698334096,2,3,"426.40,406.78,469.25,522.61",426.40277099609375,406.7764892578125,469.2515869140625,522.6062622070312,4963.1686189211905,0.7000502347946167,,,,,False,0,0,,False,3108.8315538385473,,,,,
Garage4,Garage,2076,69.226698334096,3,3,"532.28,405.95,561.78,507.66",532.2839965820312,405.9538879394531,561.7803344726562,507.6603698730469,2999.9687567800283,0.7843353748321533,,,,,False,0,0,,False,3086.124453660938,,,,,
Garage4,Garage,2088,69.62685304204933,1,3,"222.42,392.50,381.69,719.24",222.41647338867188,392.50140380859375,381.6851806640625,719.2423095703125,52039.60167465918,0.9540969133377075,3.556640625,3.5625,3.556640625,3-5,True,928,1186,0.005859375,False,1345.251604513319,,,,,
Garage4,Garage,2088,69.62685304204933,2,3,"451.48,410.33,489.63,527.13",451.4821472167969,410.3253479003906,489.6309814453125,527.134521484375,4456.133799425326,0.8048501014709473,,,,,False,0,0,,False,3546.750531154283,,,,,
Garage4,Garage,2088,69.62685304204933,3,3,"515.83,406.56,546.00,509.62",515.8338623046875,406.55816650390625,546.0008544921875,509.6212158203125,3109.1022035479546,0.7953953146934509,,,,,False,0,0,,False,2814.1273365810775,,,,,
Garage4,Garage,2100,70.02700749994256,1,3,"217.39,375.27,383.98,719.55",217.3916015625,375.2701721191406,383.982421875,719.5484619140625,57353.60271272063,0.933485209941864,2.9453125,2.947265625,2.9453125,<3,True,1285,1354,0.001953125,False,1219.6071332875415,,,,,
Garage4,Garage,2100,70.02700749994256,2,3,"473.05,410.71,513.63,537.26",473.0482177734375,410.7089538574219,513.6348876953125,537.26123046875,5136.335478685796,0.6032899618148804,,,,,False,0,0,,False,3562.7770473246487,,,,,
Garage4,Garage,2100,70.02700749994256,3,3,"499.99,406.47,530.88,512.13",499.99493408203125,406.4669494628906,530.8815307617188,512.125732421875,3263.440214920789,0.3676663041114807,,,,,False,0,0,,False,4189.896029316835,,,,,
Garage4,Garage,2112,70.42716220906004,1,3,"124.83,373.94,366.29,719.29",124.828125,373.9444580078125,366.28759765625,719.2861328125,83386.01868456602,0.92315673828125,2.326171875,2.330078125,2.326171875,<3,True,1730,1843,0.00390625,False,785.2280716257986,,,,,
Garage4,Garage,2112,70.42716220906004,2,3,"489.43,408.06,553.08,541.15",489.4280090332031,408.0619812011719,553.0755615234375,541.14501953125,8470.40966767352,0.8507722020149231,,9.28125,9.28125,>5,False,0,10,,False,2715.02453914302,,,,,
Garage4,Garage,2112,70.42716220906004,3,3,"483.28,409.61,511.33,516.40",483.28399658203125,409.6134338378906,511.32733154296875,516.4014892578125,2994.6932079680264,0.25767412781715393,,,,,False,0,0,,False,3574.6126845979948,,,,,
Garage4,Garage,2124,70.82731687510386,1,3,"1.99,371.99,333.77,719.57",1.9881591796875,371.9864501953125,333.767822265625,719.5704345703125,115321.29723000526,0.9337805509567261,1.689453125,1.6865234375,1.689453125,<3,True,1871,2444,0.0029296875,False,687.868952571391,,,,,
Garage4,Garage,2124,70.82731687510386,2,3,"519.39,408.88,584.65,546.64",519.3853759765625,408.87945556640625,584.6549072265625,546.642333984375,8991.718497991562,0.8483690023422241,,9.2890625,9.2890625,>5,False,0,2,,False,1805.8013206415662,,,,,
Garage4,Garage,2124,70.82731687510386,3,3,"472.37,407.71,504.87,521.72",472.36590576171875,407.7127990722656,504.87384033203125,521.7222290039062,3706.211088616401,0.7589172124862671,,,,,False,0,0,,False,3536.156086105947,,,,,
Garage4,Garage,2136,71.22747141704895,1,3,"0.63,354.87,275.92,719.39",0.6268386840820312,354.8697509765625,275.918212890625,719.3917236328125,100349.75478101894,0.9305572509765625,1.11328125,1.1181640625,1.11328125,<3,True,1948,2309,0.0048828125,False,434.4951000154891,,,,,
Garage4,Garage,2136,71.22747141704895,2,3,"555.50,405.18,600.48,554.35",555.4985961914062,405.1800842285156,600.4835205078125,554.35205078125,6710.48962550424,0.8147777915000916,,8.546875,8.546875,>5,False,0,57,,False,2679.9768052930053,,,,,
Garage4,Garage,2136,71.22747141704895,3,3,"461.91,406.33,492.64,523.39",461.9079895019531,406.326416015625,492.6396789550781,523.3905029296875,3597.577165156603,0.7117799520492554,,,,,False,0,0,,False,3208.828853213763,,,,,
Garage4,Garage,2220,74.02855391707271,1,1,"372.85,405.50,434.52,561.33",372.8497314453125,405.5018310546875,434.5242004394531,561.3333740234375,9610.827665135264,0.8321302533149719,8.6171875,8.0078125,8.6171875,>5,True,4,141,0.609375,True,3381.540708922892,,,,,
Garage4,Garage,2238,74.62878587516025,1,1,"342.56,405.00,399.61,572.57",342.5572509765625,405.0006408691406,399.61468505859375,572.5695190429688,9561.050220603123,0.8422514796257019,,7.19140625,7.19140625,>5,False,0,26,,False,3391.44470504648,,,,,
Garage4,Garage,2250,75.02894049999304,1,1,"314.51,401.70,392.54,585.98",314.5106506347656,401.6994323730469,392.53582763671875,585.9842529296875,14378.855742705055,0.818199634552002,6.83984375,6.87890625,6.83984375,>5,True,4,223,0.0390625,False,2827.6297559401532,,,,,
Pave1,Pave,246,8.203155667055398,1,1,"0.33,299.68,199.70,719.27",0.33400726318359375,299.6752624511719,199.69677734375,719.2696533203125,83651.5000739398,0.9325461387634277,1.36669921875,1.3505859375,1.36669921875,<3,True,110,1067,0.01611328125,False,1489.1684294704667,,,,,
Pave1,Pave,258,8.603309708181769,1,1,"60.70,306.65,246.69,719.57",60.70075225830078,306.64630126953125,246.69149780273438,719.5723266601562,76800.41931710206,0.9425680637359619,1.70703125,1.7099609375,1.70703125,<3,True,1256,1664,0.0029296875,False,1447.5978226706154,,,,,
Pave1,Pave,276,9.20354100014083,1,2,"181.31,320.94,413.88,719.62",181.3120880126953,320.93609619140625,413.8800048828125,719.6163940429688,92720.24636849575,0.9238630533218384,2.185546875,2.189453125,2.185546875,<3,True,1211,1828,0.00390625,False,1732.5603262114564,,,,,
Pave1,Pave,276,9.20354100014083,2,2,"889.07,504.53,959.82,719.55",889.0658569335938,504.5343933105469,959.8185424804688,719.5479736328125,15212.78823684901,0.7847127318382263,,,,,False,0,0,,False,862.9235031826812,,,,,
Pave1,Pave,336,11.20431216713041,1,2,"656.18,321.77,878.53,719.26",656.1842041015625,321.7657470703125,878.531494140625,719.2584228515625,88381.41927033663,0.9311631917953491,1.87109375,1.8798828125,1.87109375,<3,True,1442,1798,0.0087890625,False,1652.0046926556304,,,,,
Pave1,Pave,336,11.20431216713041,2,2,"369.93,345.72,487.90,701.75",369.9271240234375,345.72259521484375,487.895263671875,701.7536010742188,42000.31541839242,0.9048711657524109,3.509765625,3.51953125,3.509765625,3-5,True,578,980,0.009765625,False,1744.041837829521,,,,,
Pave1,Pave,354,11.804543583188206,1,2,"622.87,329.89,804.23,719.37",622.874755859375,329.8885192871094,804.2269287109375,719.3666381835938,70632.70314001665,0.9298412203788757,2.37890625,2.38671875,2.37890625,<3,True,1253,1619,0.0078125,False,1584.6228945482924,,,,,
Pave1,Pave,354,11.804543583188206,2,2,"415.92,346.46,520.23,669.96",415.9156494140625,346.460205078125,520.2308349609375,669.9603271484375,33745.97525820136,0.870658278465271,3.892578125,3.9248046875,3.892578125,3-5,True,85,688,0.0322265625,False,1981.612218905558,,,,,
Pave1,Pave,366,12.204697833163664,1,2,"594.53,329.37,766.50,719.42",594.534423828125,329.3668212890625,766.496337890625,719.4241333007812,67075.00196760893,0.9275369644165039,2.767578125,2.78125,2.767578125,<3,True,935,1545,0.013671875,False,1854.35757215857,,,,,
Pave1,Pave,366,12.204697833163664,2,2,"412.17,349.10,505.21,638.80",412.1736145019531,349.1031494140625,505.20977783203125,638.798828125,26952.174480568618,0.8681132793426514,,4.099609375,4.099609375,3-5,False,0,356,,False,1987.3382249609613,,,,,
Pave1,Pave,378,12.604852250078693,1,2,"572.82,336.97,719.01,717.83",572.82373046875,336.9671630859375,719.0084228515625,717.8278198242188,55675.99794600159,0.9298753142356873,3.0546875,3.056640625,3.0546875,3-5,True,1015,1273,0.001953125,False,1828.898752387659,,,,,
Pave1,Pave,378,12.604852250078693,2,2,"402.77,349.21,491.44,625.37",402.77001953125,349.21240234375,491.44268798828125,625.3739013671875,24487.977043502033,0.8741686344146729,6.013671875,4.48046875,6.013671875,>5,True,2,308,1.533203125,True,2004.3296449633783,,,,,
Pave1,Pave,396,13.205083667067811,1,2,"548.56,340.74,672.44,698.88",548.5632934570312,340.7410888671875,672.441650390625,698.878173828125,44365.433641947806,0.9049801230430603,3.64453125,3.646484375,3.64453125,3-5,True,835,1011,0.001953125,False,1573.2076683571358,,,,,
Pave1,Pave,396,13.205083667067811,2,2,"369.55,346.57,455.83,594.81",369.5456848144531,346.5723876953125,455.82916259765625,594.8059692382812,21418.456718107685,0.874370276927948,4.91015625,4.94140625,4.91015625,3-5,True,144,382,0.03125,False,2137.3621628752876,,,,,
Pave1,Pave,414,13.805315167177469,1,2,"512.59,342.14,628.89,649.09",512.587890625,342.1436462402344,628.8860473632812,649.0929565429688,35697.63900029473,0.9111522436141968,4.2578125,4.265625,4.2578125,3-5,True,598,797,0.0078125,False,1668.2217341333017,,,,,
Pave1,Pave,414,13.805315167177469,2,2,"322.39,344.90,391.38,580.37",322.390625,344.8961486816406,391.3778076171875,580.3738403320312,16244.942516159266,0.8081938028335571,5.24609375,5.2578125,5.24609375,>5,True,149,367,0.01171875,False,2728.4425264753127,,,,,
Pave1,Pave,432,14.405546750174835,1,2,"489.68,344.88,581.37,605.12",489.6770324707031,344.88311767578125,581.368408203125,605.1165771484375,23861.163910655305,0.8477362394332886,4.9140625,4.92578125,4.9140625,3-5,True,348,517,0.01171875,False,1821.3488465111272,,,,,
Pave1,Pave,432,14.405546750174835,2,2,"259.80,341.07,321.27,574.72",259.8018493652344,341.07318115234375,321.26861572265625,574.7220458984375,14361.64017902501,0.818177342414856,6.953125,5.26171875,6.953125,>5,True,19,195,1.69140625,True,3261.4358843496,,,,,
Pave1,Pave,444,14.805701083038002,1,2,"193.95,341.55,304.55,577.11",193.953369140625,341.549072265625,304.5458984375,577.1142578125,26051.74968391657,0.8642836213111877,6.26953125,5.26953125,6.26953125,>5,True,27,284,1.0,True,2645.265076674981,,,,,
Pave1,Pave,444,14.805701083038002,2,2,"478.13,344.87,558.18,587.39",478.1275634765625,344.86663818359375,558.1802978515625,587.3921508789062,19414.830446958542,0.8897901773452759,5.42578125,5.43359375,5.42578125,>5,True,308,468,0.0078125,False,2297.0880346088293,,,,,
Pave1,Pave,456,15.205855542095378,1,2,"132.65,340.38,269.44,594.99",132.6511688232422,340.3817138671875,269.4396057128906,594.9874877929688,34827.125838386826,0.9129889011383057,,6.09765625,6.09765625,>5,False,0,1,,False,2913.510755140709,,,,,
Pave1,Pave,456,15.205855542095378,2,2,"461.31,349.46,549.54,575.69",461.3090515136719,349.46099853515625,549.5374755859375,575.688720703125,19959.715408338234,0.9042245745658875,,5.50390625,5.50390625,>5,False,0,323,,False,2097.2280526785676,,,,,
Pave1,Pave,468,15.606010042130947,1,2,"136.38,339.88,232.68,602.67",136.37554931640625,339.8764953613281,232.68356323242188,602.67041015625,25309.16000311356,0.8638948202133179,4.828125,4.85546875,4.828125,3-5,True,138,536,0.02734375,False,3183.5873285394914,,,,,
Pave1,Pave,468,15.606010042130947,2,2,"469.39,346.85,543.48,553.66",469.39111328125,346.8531494140625,543.4827270507812,553.661376953125,15322.755319185555,0.9100276231765747,6.1875,6.18359375,6.1875,>5,True,202,331,0.00390625,False,2255.6224316198227,,,,,
Pave1,Pave,480,16.006164458114654,1,2,"101.57,336.48,215.42,632.32",101.57274627685547,336.4811706542969,215.42269897460938,632.3241577148438,33681.71008280548,0.8643069267272949,4.63671875,4.46484375,4.63671875,3-5,True,79,615,0.171875,False,2968.376635581574,,,,,
Pave1,Pave,480,16.006164458114654,2,2,"470.69,349.81,536.76,547.32",470.6895446777344,349.805908203125,536.7586669921875,547.3218994140625,13049.708182375878,0.8931325078010559,,6.51953125,6.51953125,>5,False,0,269,,False,2436.130482325285,,,,,
Pave1,Pave,492,16.406318792141974,1,2,"95.24,334.44,221.05,635.52",95.24116516113281,334.4397277832031,221.05148315429688,635.5206298828125,37879.08403482055,0.8873215913772583,4.70703125,4.15625,4.70703125,3-5,True,7,547,0.55078125,True,3095.2940127598386,,,,,
Pave1,Pave,492,16.406318792141974,2,2,"464.34,349.89,536.09,531.56",464.3431091308594,349.89404296875,536.0906982421875,531.5571899414062,13033.892825664952,0.890123188495636,6.83203125,6.84375,6.83203125,>5,True,1,228,0.01171875,False,2673.9658128347705,,,,,
Pave1,Pave,516,17.206627833191305,1,2,"152.52,336.88,263.79,695.37",152.5162353515625,336.8808288574219,263.78826904296875,695.3731689453125,39890.17174437083,0.878218412399292,5.63671875,3.65625,5.63671875,>5,True,13,647,1.98046875,True,2774.4238738873737,,,,,
Pave1,Pave,516,17.206627833191305,2,2,"466.76,355.36,517.15,511.87",466.75732421875,355.3614501953125,517.1541748046875,511.8721618652344,7887.646951127797,0.8488689064979553,,7.10546875,7.10546875,>5,False,0,66,,False,3281.1582892899146,,,,,
Pave1,Pave,540,18.006936667021364,1,2,"217.16,335.84,351.67,719.56",217.1612548828125,335.83880615234375,351.67218017578125,719.558837890625,51614.53652256355,0.9088746905326843,3.111328125,3.15234375,3.111328125,3-5,True,555,1025,0.041015625,False,2446.7449039329363,,,,,
Pave1,Pave,540,18.006936667021364,2,2,"427.47,351.36,467.56,500.38",427.4707946777344,351.3594665527344,467.5621032714844,500.38092041015625,5974.465093687177,0.7649309635162354,,8.0625,8.0625,>5,False,0,30,,False,4175.10241895697,,,,,
Pave1,Pave,552,18.407090958207846,1,3,"277.24,338.96,434.55,719.48",277.244384765625,338.962646484375,434.5545959472656,719.4776611328125,59858.89731213078,0.9035753011703491,2.9296875,2.935546875,2.9296875,<3,True,183,1161,0.005859375,False,2743.821614340901,,,,,
Pave1,Pave,552,18.407090958207846,2,3,"386.04,354.33,456.37,489.02",386.0404052734375,354.32623291015625,456.3748779296875,489.018798828125,9473.530594557524,0.6158227324485779,,15.671875,15.671875,>5,False,0,13,,False,3873.651479966352,,,,,
Pave1,Pave,552,18.407090958207846,3,3,"387.21,355.31,432.78,483.79",387.2062683105469,355.3062744140625,432.7845153808594,483.794677734375,5856.276192203164,0.412386417388916,,,,,False,0,0,,False,5017.167362956345,,,,,
Pave1,Pave,564,18.807245083153248,1,1,"335.91,333.89,471.46,719.46",335.90838623046875,333.8921813964844,471.455322265625,719.4563598632812,52262.043036086485,0.9010132551193237,,2.619140625,2.619140625,<3,False,0,699,,False,2727.247359881418,,,,,
Pave1,Pave,618,20.60793941700831,1,3,"781.33,328.11,959.41,719.25",781.3287963867188,328.1080627441406,959.4102172851562,719.247314453125,69654.63371348754,0.9151296019554138,1.7763671875,1.8056640625,1.7763671875,<3,True,249,1410,0.029296875,False,1873.6616497354735,,,,,
Pave1,Pave,618,20.60793941700831,2,3,"201.06,343.32,344.44,457.17",201.06353759765625,343.3233642578125,344.4390563964844,457.1745300292969,16323.469958337955,0.308318555355072,,,,,False,0,0,,False,4214.344598240333,,,,,
Pave1,Pave,618,20.60793941700831,3,3,"201.77,342.91,277.05,528.38",201.76858520507812,342.9137878417969,277.053955078125,528.3792724609375,13962.837608235888,0.7718992829322815,,,,,False,0,0,,False,3299.1499934349004,,,,,
Pave1,Pave,630,21.008093792013824,1,2,"870.29,333.46,959.80,719.52",870.290771484375,333.4556579589844,959.7967529296875,719.5233154296875,34555.364586208016,0.8621670603752136,,14.3046875,14.3046875,>5,False,0,11,,False,1452.8289844063563,,,,,
Pave1,Pave,630,21.008093792013824,2,2,"192.76,337.63,269.28,532.44",192.7580108642578,337.6341247558594,269.27569580078125,532.443359375,14906.351637312677,0.8142940998077393,,5.62890625,5.62890625,>5,False,0,1,,False,3687.1097785761244,,,,,
Pave1,Pave,654,21.808402792084962,1,2,"152.48,333.57,245.00,568.31",152.4775390625,333.5712890625,245.00204467773438,568.3134155273438,21719.399198228493,0.8305116891860962,5.66796875,5.68359375,5.66796875,>5,True,7,403,0.015625,False,3202.9425223065514,,,,,
Pave1,Pave,654,21.808402792084962,2,2,"887.87,624.96,959.47,719.41",887.86962890625,624.95703125,959.4669799804688,719.4135131835938,6762.833898235112,0.7467821836471558,,,,,False,0,0,,False,1001.2571170293311,,,,,
Pave1,Pave,666,22.208557333098724,1,1,"152.94,330.79,249.82,581.01",152.9352569580078,330.79248046875,249.82315063476562,581.0126953125,24243.309571556747,0.8841704726219177,,5.095703125,5.095703125,>5,False,0,38,,False,3378.188107635036,,,,,
Pave1,Pave,702,23.409021000145003,1,2,"508.14,322.90,765.79,719.24",508.1414794921875,322.89581298828125,765.789794921875,719.2392578125,102117.22089055926,0.9363718628883362,1.732421875,1.7412109375,1.732421875,<3,True,1483,1891,0.0087890625,False,1627.6508661538564,,,,,
Pave1,Pave,702,23.409021000145003,2,2,"181.82,338.82,293.88,650.56",181.822265625,338.8175048828125,293.8822021484375,650.5570068359375,34933.50880071521,0.8770402669906616,4.0390625,4.0546875,4.0390625,3-5,True,461,860,0.015625,False,2375.004332332215,,,,,
Pave1,Pave,732,24.409407625207677,1,2,"186.58,341.02,338.43,718.93",186.5776824951172,341.0228271484375,338.4275207519531,718.9281616210938,57384.86391606834,0.9272445440292358,3.013671875,3.01953125,3.013671875,3-5,True,1168,1380,0.005859375,False,2170.9487997451747,,,,,
Pave1,Pave,732,24.409407625207677,2,2,"432.90,335.86,581.34,719.44",432.9027099609375,335.8558349609375,581.33642578125,719.4432373046875,56937.30347174406,0.9295611381530762,2.615234375,2.62890625,2.615234375,<3,True,856,1253,0.013671875,False,1685.9540680559958,,,,,
Pave1,Pave,744,24.809562292182818,1,2,"217.83,328.51,389.90,719.40",217.82752990722656,328.50927734375,389.9049072265625,719.3972778320312,67262.98194962274,0.9352307915687561,2.541015625,2.541015625,2.541015625,<3,True,1409,1629,0.0,False,1751.9587257329415,,,,,
Pave1,Pave,744,24.809562292182818,2,2,"423.70,344.08,556.28,718.45",423.70147705078125,344.0811462402344,556.2830200195312,718.445068359375,49633.74642638862,0.9221236705780029,2.994140625,3.015625,2.994140625,<3,True,538,1103,0.021484375,False,1863.8780213495706,,,,,
Pave1,Pave,762,25.409794375067577,1,2,"240.73,314.78,447.22,719.45",240.7257843017578,314.7768249511719,447.221435546875,719.4508666992188,83563.42979275668,0.9347191452980042,1.875,1.8759765625,1.875,<3,True,1092,1866,0.0009765625,False,1797.279585799798,,,,,
Pave1,Pave,762,25.409794375067577,2,2,"417.83,348.48,510.95,697.11",417.8251647949219,348.4840393066406,510.949951171875,697.1149291992188,32466.177145653404,0.8250523805618286,3.5048828125,3.6171875,3.5048828125,3-5,True,8,457,0.1123046875,False,2038.629410718674,,,,,
Pave1,Pave,786,26.210103917168453,1,2,"442.07,328.95,741.39,719.29",442.0707092285156,328.9490661621094,741.3868408203125,719.2864379882812,116834.2721507186,0.9228439331054688,1.22265625,1.2333984375,1.22265625,<3,True,1279,2499,0.0107421875,False,1353.5435319709813,,,,,
Pave1,Pave,786,26.210103917168453,2,2,"404.46,347.39,490.52,622.07",404.45928955078125,347.39337158203125,490.52288818359375,622.0738525390625,23639.990665353835,0.8453224301338196,4.390625,4.40234375,4.390625,3-5,True,172,394,0.01171875,False,1750.654100588317,,,,,
Pave1,Pave,798,26.610258750151843,1,2,"626.03,329.30,959.89,718.94",626.03173828125,329.29827880859375,959.8877563476562,718.9400634765625,130084.25470153615,0.8831175565719604,0.81591796875,0.859375,0.81591796875,<3,True,211,1754,0.04345703125,False,1171.166367255509,,,,,
Pave1,Pave,798,26.610258750151843,2,2,"389.46,349.22,473.48,604.95",389.4623107910156,349.21661376953125,473.47943115234375,604.952880859375,21486.22473284416,0.856260359287262,4.79296875,4.716796875,4.79296875,3-5,True,1,138,0.076171875,False,1641.8826016098076,,,,,
Pave1,Pave,816,27.210491000209004,1,1,"384.34,348.95,461.47,579.53",384.3406677246094,348.94580078125,461.4667053222656,579.5264892578125,17783.774848736823,0.8947071433067322,5.310546875,5.33203125,5.310546875,>5,True,110,276,0.021484375,False,2089.7323926062422,,,,,
Pave1,Pave,828,27.61064587510191,1,1,"384.31,350.96,445.44,572.05",384.3072509765625,350.9584655761719,445.442138671875,572.0494995117188,13516.375530090183,0.8761679530143738,5.62890625,5.62890625,5.62890625,>5,True,47,247,0.0,False,2251.1563434271607,,,,,
Pave1,Pave,840,28.010800749994814,1,1,"354.62,349.39,448.94,560.53",354.61688232421875,349.39263916015625,448.9361572265625,560.5341186523438,19914.711247511208,0.8980143666267395,,6.33984375,6.33984375,>5,False,0,95,,False,1997.333609569163,,,,,
Pave1,Pave,858,28.61103312508203,1,1,"320.60,348.34,401.09,541.72",320.604736328125,348.3371887207031,401.08917236328125,541.717041015625,15564.068352518603,0.9081941843032837,7.068359375,6.5,7.068359375,>5,True,16,269,0.568359375,True,2082.0583277152655,,,,,
Pave1,Pave,876,29.211265583056957,1,1,"274.49,350.26,353.04,537.36",274.4878234863281,350.25946044921875,353.03814697265625,537.3646240234375,14697.17112471722,0.888705849647522,,7.208984375,7.208984375,>5,False,0,20,,False,2882.8814101226517,,,,,
Pave1,Pave,888,29.611420625122264,1,2,"259.38,343.65,319.01,539.18",259.37847900390625,343.6495361328125,319.0142822265625,539.1768798828125,11660.430196523666,0.8339728713035583,,7.81640625,7.81640625,>5,False,0,14,,False,4130.997708490266,,,,,
Pave1,Pave,888,29.611420625122264,2,2,"930.35,586.77,959.75,719.50",930.353271484375,586.7703857421875,959.746337890625,719.499267578125,3901.3088378310204,0.32596272230148315,,,,,False,0,0,,False,1192.3351636716914,,,,,
Pave1,Pave,942,31.412118333159015,1,2,"685.73,352.52,825.03,636.74",685.72998046875,352.52117919921875,825.0291748046875,636.7390747070312,39591.32386009395,0.9268192648887634,,5.146484375,5.146484375,>5,False,0,110,,False,2042.9286999376052,,,,,
Pave1,Pave,942,31.412118333159015,2,2,"136.47,339.14,225.88,578.92",136.46954345703125,339.1397705078125,225.88153076171875,578.9178466796875,21439.03430262208,0.8835755586624146,,5.1484375,5.1484375,>5,False,0,147,,False,3465.3103969821673,,,,,
Pave1,Pave,954,31.81227337499149,1,2,"133.45,341.03,229.90,608.80",133.44813537597656,341.028564453125,229.90155029296875,608.8013916015625,25827.603600444272,0.8874173760414124,5.20703125,4.7734375,5.20703125,>5,True,49,427,0.43359375,False,3029.338074291484,,,,,
Pave1,Pave,954,31.81227337499149,2,2,"672.43,347.92,765.68,600.32",672.43115234375,347.9173583984375,765.677978515625,600.318115234375,23535.569498330355,0.8476966619491577,5.03515625,5.0625,5.03515625,>5,True,184,467,0.02734375,False,2093.7201656540024,,,,,
Pave1,Pave,978,32.61258379206993,1,2,"163.17,342.30,283.64,641.80",163.16566467285156,342.2997741699219,283.6403503417969,641.7996826171875,36082.157328062225,0.9041640758514404,4.1875,4.19921875,4.1875,3-5,True,335,811,0.01171875,False,3023.781422295077,,,,,
Pave1,Pave,978,32.61258379206993,2,2,"627.67,353.99,722.23,567.18",627.6722412109375,353.9875793457031,722.2330322265625,567.1812744140625,20159.764445208013,0.9079104065895081,6.234375,6.1015625,6.234375,>5,True,103,386,0.1328125,False,1989.6694801032652,,,,,
Pave1,Pave,990,33.01273887511343,1,2,"196.62,339.50,308.61,667.89",196.61920166015625,339.49542236328125,308.6051330566406,667.8876953125,36775.31454962678,0.8985428214073181,3.84375,3.859375,3.84375,3-5,True,495,836,0.015625,False,2728.957419403695,,,,,
Pave1,Pave,990,33.01273887511343,2,2,"613.16,351.29,685.26,547.14",613.1590576171875,351.2855529785156,685.2593994140625,547.1363525390625,14120.909589506686,0.8776691555976868,,6.28515625,6.28515625,>5,False,0,19,,False,2115.1289237535516,,,,,
Pave1,Pave,1014,33.81304925004952,1,2,"271.46,340.64,422.72,719.42",271.45849609375,340.6434326171875,422.71826171875,719.422607421875,57294.04920458794,0.9105917811393738,3.294921875,3.333984375,3.294921875,3-5,True,562,1215,0.0390625,False,2580.2462027030247,,,,,
Pave1,Pave,1014,33.81304925004952,2,2,"570.91,357.77,632.28,521.32",570.91162109375,357.76995849609375,632.2823486328125,521.319091796875,10037.12929905206,0.8587332367897034,,6.6484375,6.6484375,>5,False,0,40,,False,2845.720523552481,,,,,
Pave1,Pave,1044,34.81343733309768,1,1,"453.83,334.81,600.56,719.51",453.83404541015625,334.8135986328125,600.5570068359375,719.5137939453125,56444.35191732645,0.8964742422103882,2.44140625,2.453125,2.44140625,<3,True,957,1325,0.01171875,False,2462.5082713882375,,,,,
Pave1,Pave,1086,36.21398083306849,1,1,"343.24,348.56,424.16,500.39",343.24224853515625,348.56072998046875,424.16064453125,500.391845703125,12285.930346574634,0.8880459070205688,,16.171875,16.171875,>5,False,0,41,,False,2653.867201867858,,,,,
Pave1,Pave,1098,36.61413620808162,1,1,"299.40,346.96,370.08,501.95",299.39898681640625,346.96417236328125,370.07696533203125,501.9539794921875,10954.366258397698,0.8783188462257385,,7.70703125,7.70703125,>5,False,0,85,,False,3557.9570569321168,,,,,
Pave1,Pave,1110,37.014291583094746,1,1,"277.72,346.17,323.29,502.89",277.71929931640625,346.1675720214844,323.2864990234375,502.89459228515625,7141.61143184267,0.7859220504760742,7.791015625,7.84375,7.791015625,>5,True,30,144,0.052734375,False,4863.953669262944,,,,,
Pave1,Pave,1122,37.414446875220165,1,1,"216.66,345.74,302.96,507.08",216.66278076171875,345.74078369140625,302.9580078125,507.07830810546875,13922.658301122487,0.8480098247528076,8.88671875,7.8125,8.88671875,>5,True,8,198,1.07421875,True,3505.8681372767155,,,,,
Pave1,Pave,1134,37.81460216711275,1,1,"173.57,342.40,254.29,520.41",173.56747436523438,342.40020751953125,254.29071044921875,520.4141845703125,14369.864295719191,0.8417028784751892,,7.7578125,7.7578125,>5,False,0,1,,False,4302.765294437687,,,,,
Pave1,Pave,1146,38.214757583104074,1,1,"160.67,338.46,229.46,525.36",160.67005920410156,338.4564208984375,229.45884704589844,525.3626098632812,12857.050179021433,0.7753439545631409,6.8359375,6.8515625,6.8359375,>5,True,79,253,0.015625,False,4283.358175067674,,,,,
Pave1,Pave,1164,38.8149906671606,1,1,"131.78,334.79,214.78,546.45",131.77642822265625,334.7933654785156,214.77890014648438,546.4495239257812,17567.984349024482,0.873593270778656,,5.87109375,5.87109375,>5,False,0,223,,False,3713.289805089198,,,,,
Pave1,Pave,1176,39.21514600003138,1,1,"133.48,336.98,216.67,569.88",133.484130859375,336.9766845703125,216.66775512695312,569.879638671875,19373.71182479337,0.836300790309906,,5.296875,5.296875,>5,False,0,7,,False,3702.422221341693,,,,,
Pave1,Pave,1188,39.61530154221691,1,1,"142.93,339.47,239.74,590.40",142.928466796875,339.47015380859375,239.73875427246094,590.4030151367188,24292.882442247123,0.8921924233436584,6.96875,5.21875,6.96875,>5,True,1,383,1.75,True,3152.4004968492673,,,,,
Pave1,Pave,1236,41.21592325018719,1,2,"308.85,340.91,418.85,666.21",308.845458984375,340.9113464355469,418.84844970703125,666.2135009765625,35784.20988803543,0.8808982968330383,3.896484375,3.8828125,3.896484375,3-5,True,305,837,0.013671875,False,2811.701909367562,,,,,
Pave1,Pave,1236,41.21592325018719,2,2,"638.63,350.14,751.47,667.13",638.6300048828125,350.1380310058594,751.47265625,667.1298828125,35770.20101965591,0.901623547077179,3.970703125,3.97265625,3.970703125,3-5,True,316,759,0.001953125,False,2235.6217469109806,,,,,
Pave1,Pave,1254,41.816156667191535,1,2,"369.36,346.35,525.32,698.11",369.3612060546875,346.3459167480469,525.3212890625,698.1112060546875,54861.34371953085,0.872887909412384,3.552734375,3.53125,3.552734375,3-5,True,327,1198,0.021484375,False,2197.930411483679,,,,,
Pave1,Pave,1254,41.816156667191535,2,2,"560.71,350.80,655.42,633.70",560.7059326171875,350.8033752441406,655.4246826171875,633.7042236328125,26796.014733314514,0.8378034830093384,4.22265625,4.21875,4.22265625,3-5,True,196,569,0.00390625,False,2112.5384665391684,,,,,
Pave1,Pave,1272,42.41638983320445,1,2,"489.34,338.71,640.95,719.28",489.3441467285156,338.7056884765625,640.9542236328125,719.2808837890625,57699.03462919593,0.866008996963501,3.08203125,3.083984375,3.08203125,3-5,True,780,1285,0.001953125,False,2439.777638005423,,,,,
Pave1,Pave,1272,42.41638983320445,2,2,"476.52,347.52,552.71,615.32",476.5188903808594,347.5183410644531,552.71435546875,615.3184814453125,20405.15624692198,0.518241286277771,3.044921875,3.0595703125,3.044921875,3-5,True,8,154,0.0146484375,False,2750.6889390990364,,,,,
Pave1,Pave,1326,44.217089832993224,1,2,"242.00,342.80,351.08,575.44",241.99783325195312,342.79644775390625,351.07647705078125,575.439453125,25376.383515162393,0.8923435807228088,6.81640625,5.38671875,6.81640625,>5,True,2,367,1.4296875,True,2294.8999159082323,,,,,
Pave1,Pave,1326,44.217089832993224,2,2,"910.02,449.47,959.82,718.65",910.0241088867188,449.4721984863281,959.8225708007812,718.65087890625,13404.68426496908,0.5403379201889038,,,,,False,0,0,,False,1607.5845808010972,,,,,
Pave1,Pave,1344,44.817323125200346,1,2,"185.87,341.61,289.37,559.52",185.86875915527344,341.6139221191406,289.372314453125,559.5224609375,22554.308497460093,0.847810685634613,,5.638671875,5.638671875,>5,False,0,196,,False,3005.6545811309934,,,,,
Pave1,Pave,1344,44.817323125200346,2,2,"446.43,357.35,457.10,375.85",446.4335632324219,357.3472900390625,457.0992736816406,375.8524169921875,197.37032590806484,0.2677449584007263,,19.4453125,19.4453125,>5,False,0,8,,False,13839.434133579565,,,,,
Pave1,Pave,1380,46.01778995804489,1,2,"523.49,314.30,883.04,719.36",523.4913940429688,314.2966003417969,883.0440673828125,719.355712890625,145640.0867775958,0.9088628888130188,1.3583984375,1.31884765625,1.3583984375,<3,True,1044,2136,0.03955078125,False,1644.442074887728,,,,,
Pave1,Pave,1380,46.01778995804489,2,2,"62.84,338.93,174.76,574.68",62.844268798828125,338.93218994140625,174.76333618164062,574.6804809570312,26384.728867560625,0.8678639531135559,,,,,False,0,0,,False,3669.5300823701355,,,,,
Pave1,Pave,1428,47.61841233307496,1,2,"93.80,323.35,285.28,719.43",93.79925537109375,323.3476867675781,285.2843017578125,719.4327392578125,75844.36464917846,0.9382255673408508,2.193359375,2.1953125,2.193359375,<3,True,1388,1703,0.001953125,False,1729.4800066034386,,,,,
Pave1,Pave,1428,47.61841233307496,2,2,"0.12,332.63,72.45,637.52",0.12475204467773438,332.6349792480469,72.45320129394531,637.5242919921875,22052.171183458646,0.8628793954849243,,,,,False,0,0,,False,2684.9065323432046,,,,,
Pave1,Pave,1452,48.41872354201041,1,1,"56.24,323.68,212.67,718.13",56.23717498779297,323.6794738769531,212.66844177246094,718.1343994140625,61705.083691221895,0.9100257158279419,2.919921875,2.92578125,2.919921875,<3,True,1115,1425,0.005859375,False,1684.7911091154044,,,,,
Pave1,Pave,1464,48.81887925020419,1,1,"66.91,332.74,211.60,699.69",66.91447448730469,332.7427062988281,211.59719848632812,699.6853637695312,53090.263234301936,0.8684693574905396,3.337890625,3.34765625,3.337890625,3-5,True,877,1184,0.009765625,False,2030.9846448210913,,,,,
Pave1,Pave,1482,49.41911262506619,1,1,"49.15,331.67,173.42,647.02",49.14848327636719,331.66912841796875,173.41949462890625,647.0238037109375,39189.44443340879,0.8644213676452637,3.927734375,3.92578125,3.927734375,3-5,True,539,769,0.001953125,False,2012.9402142855836,,,,,
Pave1,Pave,1500,50.03601916716434,1,1,"56.51,336.30,166.84,616.31",56.505340576171875,336.30364990234375,166.83734130859375,616.3115234375,30893.82890796475,0.7877273559570312,4.38671875,4.39453125,4.38671875,3-5,True,18,680,0.0078125,False,2136.3055485282134,,,,,
Pave1,Pave,1536,51.23648608312942,1,1,"107.94,317.35,267.74,719.60",107.93998718261719,317.346435546875,267.73992919921875,719.6046142578125,64280.83363371156,0.9298381209373474,1.794921875,1.8037109375,1.794921875,<3,True,1102,1441,0.0087890625,False,2017.3254484617846,,,,,
Pave1,Pave,1554,51.83671941701323,1,2,"314.55,327.16,467.92,719.41",314.5542297363281,327.1553955078125,467.9212646484375,719.4075927734375,60158.55643238872,0.9192232489585876,1.884765625,1.8857421875,1.884765625,<3,True,1262,1380,0.0009765625,False,1448.9302454445428,,,,,
Pave1,Pave,1554,51.83671941701323,2,2,"197.48,350.50,311.54,549.09",197.4847412109375,350.4953918457031,311.5395812988281,549.0867919921875,22650.310386537574,0.8715616464614868,7.45703125,7.14453125,7.45703125,>5,True,1,49,0.3125,False,2573.2768579508506,,,,,
Pave1,Pave,1566,52.23687529214658,1,2,"393.37,332.53,648.33,719.74",393.371337890625,332.53253173828125,648.3277587890625,719.7352294921875,98719.8139815554,0.9300723671913147,2.013671875,2.025390625,2.013671875,<3,True,1053,1767,0.01171875,False,1579.709113357804,,,,,
Pave1,Pave,1566,52.23687529214658,2,2,"272.25,349.50,366.59,541.92",272.2455139160156,349.4970703125,366.5924377441406,541.9227294921875,18154.76900920272,0.8965935111045837,6.892578125,6.294921875,6.892578125,>5,True,2,302,0.59765625,True,2212.3758760379446,,,,,
Pave1,Pave,1596,53.23726449999958,1,2,"552.14,337.18,743.87,719.56",552.1422119140625,337.1768493652344,743.8693237304688,719.5592651367188,73313.07618524693,0.9336873888969421,2.66015625,2.67578125,2.66015625,<3,True,1021,1556,0.015625,False,2010.5752035563546,,,,,
Pave1,Pave,1596,53.23726449999958,2,2,"369.67,353.96,450.69,547.19",369.66845703125,353.9581604003906,450.6937255859375,547.1859741210938,15656.3354989551,0.8992520570755005,6.611328125,6.06640625,6.611328125,>5,True,8,300,0.544921875,True,2678.1013420324853,,,,,
Pave1,Pave,1614,53.83749800012447,1,2,"594.61,342.30,729.58,719.45",594.610595703125,342.3001708984375,729.5769653320312,719.4483642578125,50902.32246981561,0.9058812260627747,3.203125,3.232421875,3.203125,3-5,True,668,1138,0.029296875,False,2172.1090172936765,,,,,
Pave1,Pave,1614,53.83749800012447,2,2,"438.41,353.79,509.94,567.04",438.4149169921875,353.7865295410156,509.9449768066406,567.0397338867188,15254.01446247194,0.8711856007575989,5.6953125,5.71875,5.6953125,>5,True,25,344,0.0234375,False,3269.5527764590806,,,,,
Pave1,Pave,1626,54.23765370808542,1,2,"580.23,346.54,704.24,688.46",580.2325439453125,346.5355224609375,704.2442626953125,688.46484375,42403.242824077606,0.8977874517440796,3.5625,3.607421875,3.5625,3-5,True,522,953,0.044921875,False,2014.007984257444,,,,,
Pave1,Pave,1626,54.23765370808542,2,2,"452.17,356.12,539.07,590.22",452.170654296875,356.12335205078125,539.0743408203125,590.2198486328125,20343.848555199802,0.8951204419136047,5.37109375,5.4296875,5.37109375,>5,True,114,452,0.05859375,False,3036.096228230492,,,,,
Pave1,Pave,1644,54.83788733300753,1,2,"577.67,347.80,689.90,648.95",577.670166015625,347.80181884765625,689.89501953125,648.9491577148438,33796.2159909904,0.8716827034950256,4.125,4.17578125,4.125,3-5,True,289,692,0.05078125,False,1849.2369435492683,,,,,
Pave1,Pave,1644,54.83788733300753,2,2,"457.49,355.74,563.32,627.70",457.4900207519531,355.73736572265625,563.317626953125,627.6964721679688,28780.781219717115,0.8939481377601624,5.546875,4.76171875,5.546875,>5,True,40,637,0.78515625,True,2721.2556550469876,,,,,
Pave1,Pave,1674,55.83827662514523,1,1,"493.55,346.77,612.26,677.63",493.55328369140625,346.765869140625,612.2576293945312,677.62841796875,39274.822376310825,0.887704074382782,3.75390625,3.763671875,3.75390625,3-5,True,164,682,0.009765625,False,2783.186899918323,,,,,
Pave1,Pave,1686,56.238432333106175,1,2,"503.59,349.55,649.73,719.74",503.585205078125,349.5528869628906,649.725341796875,719.7412719726562,54099.38119702041,0.865302562713623,3.359375,3.375,3.359375,3-5,True,715,1147,0.015625,False,2597.670532703526,,,,,
Pave1,Pave,1686,56.238432333106175,2,2,"496.51,354.78,559.28,570.69",496.507080078125,354.7794189453125,559.2832641601562,570.6907958984375,13554.092345014215,0.30172818899154663,,6.447265625,6.447265625,>5,False,0,18,,False,3062.1470952476216,,,,,
Pave1,Pave,1698,56.638588125118986,1,2,"543.04,343.47,700.10,719.45",543.0444946289062,343.4704284667969,700.1043090820312,719.4498291015625,59051.25490189344,0.8978859186172485,3.005859375,3.0078125,3.005859375,3-5,True,989,1401,0.001953125,False,2212.690819507768,,,,,
Pave1,Pave,1698,56.638588125118986,2,2,"463.52,349.36,540.12,565.36",463.5248107910156,349.3649597167969,540.1246337890625,565.3564453125,16544.90956571605,0.8678081035614014,,5.8125,5.8125,>5,False,0,132,,False,2473.249491946434,,,,,
Pave1,Pave,1710,57.03874395810999,1,2,"588.29,337.18,768.74,719.89",588.28662109375,337.1776123046875,768.7435302734375,719.8900146484375,69063.09723168612,0.9260590672492981,2.591796875,2.59375,2.591796875,<3,True,1357,1591,0.001953125,False,2418.209585657018,,,,,
Pave1,Pave,1710,57.03874395810999,2,2,"430.61,349.81,500.24,559.03",430.6110534667969,349.8056640625,500.2396545410156,559.0300903320312,14568.004111703485,0.8569844961166382,6.0859375,5.939453125,6.0859375,>5,True,6,176,0.146484375,False,2595.6956339253943,,,,,
Pave1,Pave,1722,57.438899625092745,1,2,"603.95,338.97,831.37,720.00",603.9541625976562,338.967041015625,831.3704223632812,720.0,86653.09037965536,0.9326311945915222,2.2421875,2.24609375,2.2421875,<3,True,1455,1893,0.00390625,False,2276.7819104973023,,,,,
Pave1,Pave,1722,57.438899625092745,2,2,"405.85,352.92,466.77,548.97",405.8506164550781,352.9167175292969,466.7701721191406,548.9701538085938,11943.488224547356,0.8332288265228271,,6.76953125,6.76953125,>5,False,0,19,,False,2849.2972029442517,,,,,
Pave1,Pave,1734,57.839055417105556,1,2,"548.02,325.68,845.94,718.94",548.017333984375,325.6760559082031,845.9420166015625,718.9400024414062,117163.03645568714,0.9241521954536438,1.8603515625,1.8681640625,1.8603515625,<3,True,2084,2493,0.0078125,False,2015.9474536309285,,,,,
Pave1,Pave,1734,57.839055417105556,2,2,"349.44,353.45,445.33,540.69",349.43780517578125,353.44964599609375,445.33258056640625,540.685791015625,17954.96807165444,0.8859816193580627,6.771484375,7.0078125,6.771484375,>5,True,4,82,0.236328125,False,2256.88285893451,,,,,
Pave1,Pave,1746,58.239211208187044,1,2,"467.20,329.33,778.21,719.64",467.19744873046875,329.3262634277344,778.20556640625,719.6427001953125,121391.58029700257,0.9256082773208618,1.5595703125,1.5771484375,1.5595703125,<3,True,1612,2370,0.017578125,False,1718.9441753489557,,,,,
Pave1,Pave,1746,58.239211208187044,2,2,"315.17,348.78,386.36,538.47",315.16595458984375,348.7777404785156,386.36444091796875,538.469482421875,13505.764895312488,0.8862550854682922,18.3984375,6.43359375,18.3984375,>5,True,12,185,11.96484375,True,2520.9529475970667,,,,,
Pave1,Pave,1776,59.239600625121966,1,1,"97.38,296.59,304.70,719.63",97.3770751953125,296.5857238769531,304.7041015625,719.6298828125,87708.48749411479,0.858277440071106,1.3720703125,1.369140625,1.3720703125,<3,True,972,1826,0.0029296875,False,1459.3030683477637,,,,,
Pave1,Pave,1830,61.0403016670607,1,1,"93.63,336.90,201.89,596.53",93.63365936279297,336.90057373046875,201.8858642578125,596.5265502929688,28105.08441091329,0.8935143947601318,,4.20703125,4.20703125,3-5,False,0,5,,False,3592.8613588473686,,,,,
Pave1,Pave,1842,61.44045750005171,1,1,"102.26,341.13,209.32,621.38",102.25900268554688,341.12945556640625,209.32296752929688,621.376220703125,30004.32981017232,0.8419619798660278,4.51171875,4.5,4.51171875,3-5,True,13,539,0.01171875,False,3299.8244950464245,,,,,
Pave1,Pave,1854,61.84061333304271,1,1,"103.08,337.86,218.61,656.63",103.08045959472656,337.86126708984375,218.61351013183594,656.6348876953125,36828.88881930895,0.8748643398284912,,4.1875,4.1875,3-5,False,0,506,,False,3027.5097024380098,,,,,
Pave1,Pave,1866,62.24076920817606,1,1,"111.00,331.62,234.58,659.26",110.99990844726562,331.6181640625,234.5848846435547,659.260009765625,40491.60970212892,0.879313051700592,3.8486328125,3.7958984375,3.8486328125,3-5,True,16,910,0.052734375,False,2652.436249600946,,,,,
Pave1,Pave,1878,62.640924958046526,1,1,"135.68,337.61,266.01,684.05",135.68228149414062,337.6057434082031,266.00726318359375,684.0481567382812,45150.10117369238,0.9120421409606934,3.517578125,3.525390625,3.517578125,3-5,True,419,1039,0.0078125,False,2727.3961258892746,,,,,
Pave1,Pave,1896,63.24115858320147,1,1,"207.97,334.26,339.36,719.66",207.9730224609375,334.259765625,339.35650634765625,719.6640625,50635.75922834873,0.9060503244400024,3.130859375,3.14453125,3.130859375,3-5,True,503,794,0.013671875,False,2345.415400021491,,,,,
Pave1,Pave,1908,63.64131445810199,1,1,"243.07,340.07,373.41,719.14",243.06536865234375,340.0712890625,373.41192626953125,719.1382446289062,49410.072764508426,0.8930153250694275,2.806640625,2.755859375,2.806640625,<3,True,224,1096,0.05078125,False,2193.9229762174946,,,,,
Pave1,Pave,1920,64.04147020820528,1,2,"301.75,337.03,509.95,719.99",301.7452697753906,337.0281982421875,509.9461669921875,719.9932861328125,79733.6749015376,0.9312017560005188,2.6005859375,2.609375,2.6005859375,<3,True,902,1603,0.0087890625,False,2108.7413232814592,,,,,
Pave1,Pave,1920,64.04147020820528,2,2,"0.05,346.54,20.06,414.48",0.052217960357666016,346.5449523925781,20.06465721130371,414.47735595703125,1359.4930995043687,0.3134671747684479,,,,,False,0,0,,False,4889.731560425052,,,,,
Pave1,Pave,1950,65.04185987520032,1,2,"526.51,334.74,678.40,719.57",526.5074462890625,334.7434387207031,678.398193359375,719.5718994140625,58451.882388632745,0.9006075263023376,1.8857421875,1.8916015625,1.8857421875,<3,True,1082,1322,0.005859375,False,2181.218887646541,,,,,
Pave1,Pave,1950,65.04185987520032,2,2,"29.96,345.71,106.76,527.30",29.956432342529297,345.70672607421875,106.75669860839844,527.296630859375,13946.153038693825,0.7735896110534668,,,,,False,0,0,,False,2570.472412629863,,,,,
Pave1,Pave,2004,66.84256100002676,1,2,"637.94,338.13,822.29,719.40",637.9373779296875,338.13037109375,822.294189453125,719.4015502929688,70289.93892294914,0.9253047108650208,2.158203125,2.16015625,2.158203125,<3,True,1304,1427,0.001953125,False,1683.7063631033207,,,,,
Pave1,Pave,2004,66.84256100002676,2,2,"210.57,349.51,263.71,502.39",210.5679931640625,349.5123291015625,263.70599365234375,502.3858337402344,8123.392364135012,0.7525495290756226,,7.59765625,7.59765625,>5,False,0,2,,False,3131.8607994527606,,,,,
Pave1,Pave,2022,67.44279479212128,1,2,"628.46,340.00,778.36,720.00",628.4556884765625,339.9996032714844,778.3591918945312,720.0,56963.39076982252,0.8908082842826843,2.5078125,2.517578125,2.5078125,<3,True,775,1211,0.009765625,False,2073.617176072347,,,,,
Pave1,Pave,2022,67.44279479212128,2,2,"248.55,351.82,313.43,501.36",248.54832458496094,351.8248291015625,313.426513671875,501.360107421875,9701.578062029555,0.7141484618186951,9.3828125,7.8828125,9.3828125,>5,True,3,78,1.5,True,3210.5587980067407,,,,,
Pave1,Pave,2040,68.04302845802158,1,2,"579.27,342.34,736.29,719.51",579.2688598632812,342.341064453125,736.293701171875,719.5057373046875,59224.22290172428,0.9265718460083008,2.9140625,2.92578125,2.9140625,<3,True,859,1369,0.01171875,False,2047.3291045502322,,,,,
Pave1,Pave,2040,68.04302845802158,2,2,"292.16,353.50,360.30,499.86",292.1611022949219,353.5039978027344,360.30291748046875,499.86474609375,9973.287060464732,0.8481622338294983,,17.875,17.875,>5,False,0,29,,False,2796.997690338618,,,,,
Pave1,Pave,2076,69.24349600006826,1,2,"540.42,347.26,662.57,680.88",540.4227294921875,347.26434326171875,662.569580078125,680.8843994140625,40750.63915131241,0.898285984992981,3.7353515625,3.775390625,3.7353515625,3-5,True,378,939,0.0400390625,False,1982.193547157941,,,,,
Pave1,Pave,2076,69.24349600006826,2,2,"379.62,355.73,454.39,502.31",379.615478515625,355.7317199707031,454.386962890625,502.3135986328125,10960.144650042057,0.8676974177360535,,9.6796875,9.6796875,>5,False,0,53,,False,2829.368954449181,,,,,
Pave1,Pave,2088,69.64365187520161,1,2,"541.77,349.01,630.62,649.46",541.772216796875,349.0098876953125,630.6180419921875,649.4610595703125,26693.83229613304,0.8635425567626953,4.04296875,4.08203125,4.04296875,3-5,True,261,548,0.0390625,False,2151.399336863123,,,,,
Pave1,Pave,2088,69.64365187520161,2,2,"394.29,358.20,452.05,498.79",394.2889404296875,358.19561767578125,452.048095703125,498.7874755859375,8120.466951213777,0.8289231061935425,,8.0546875,8.0546875,>5,False,0,51,,False,3368.6995477731975,,,,,
Pave1,Pave,2106,70.24388562515378,1,2,"514.07,350.26,615.79,622.04",514.0728759765625,350.2627258300781,615.790771484375,622.0386962890625,27644.47976468131,0.8825401067733765,4.48828125,4.53125,4.48828125,3-5,True,310,624,0.04296875,False,1960.2239160066963,,,,,
Pave1,Pave,2106,70.24388562515378,2,2,"397.80,363.18,442.67,497.75",397.80419921875,363.1778564453125,442.6705322265625,497.75347900390625,6037.914696447551,0.8108402490615845,,8.78125,8.78125,>5,False,0,66,,False,3543.5458092111585,,,,,
Pave1,Pave,2118,70.64404154219665,1,2,"505.78,352.04,597.88,614.96",505.7802734375,352.03936767578125,597.8780517578125,614.9567260742188,24214.10459034145,0.8902827501296997,4.82421875,4.8203125,4.82421875,3-5,True,92,417,0.00390625,False,1952.6374694051628,,,,,
Pave1,Pave,2118,70.64404154219665,2,2,"387.33,360.83,439.26,488.48",387.3255615234375,360.8337097167969,439.25555419921875,488.4766845703125,6628.498749257997,0.7401502132415771,,17.1796875,17.1796875,>5,False,0,10,,False,3303.7044909324118,,,,,
Pave1,Pave,2148,71.64443104201928,1,2,"486.07,348.97,569.10,573.72",486.06964111328125,348.9664306640625,569.0997924804688,573.7178955078125,18661.148145973682,0.9006855487823486,6.1875,5.6484375,6.1875,>5,True,11,318,0.5390625,True,2039.3744077342214,,,,,
Pave1,Pave,2148,71.64443104201928,2,2,"367.41,354.66,417.62,487.64",367.4062805175781,354.66229248046875,417.62384033203125,487.6387023925781,6677.75081867259,0.7552440762519836,,,,,False,0,0,,False,3685.807012725112,,,,,
Pave1,Pave,2160,72.04458691715263,1,2,"482.17,349.26,542.72,555.64",482.167236328125,349.258056640625,542.7193603515625,555.6429443359375,12497.043316289783,0.8469928503036499,5.97265625,6.0078125,5.97265625,>5,True,9,186,0.03515625,False,2697.9465508551434,,,,,
Pave1,Pave,2160,72.04458691715263,2,2,"335.50,348.26,398.79,489.20",335.4967346191406,348.2619323730469,398.79254150390625,489.1995849609375,8920.762440995313,0.873881995677948,,18.40625,18.40625,>5,False,0,39,,False,3434.3515933021104,,,,,
Pave1,Pave,2172,72.44474275014363,1,2,"464.47,353.26,522.22,548.75",464.4742431640625,353.2557678222656,522.2182006835938,548.7498779296875,11288.603589361534,0.8717935085296631,,6.4921875,6.4921875,>5,False,0,5,,False,2979.8304947450197,,,,,
Pave1,Pave,2172,72.44474275014363,2,2,"331.85,350.47,387.41,494.70",331.85333251953125,350.47125244140625,387.408203125,494.701416015625,8012.688074771315,0.8711557388305664,,8.4375,8.4375,>5,False,0,118,,False,3836.1789424057674,,,,,
Pave1,Pave,2190,73.04497658321634,1,2,"438.26,351.84,494.31,538.99",438.2564697265625,351.84002685546875,494.311279296875,538.9891357421875,10490.607659898698,0.8241355419158936,6.734375,6.75,6.734375,>5,True,6,217,0.015625,False,2937.4337449444697,,,,,
Pave1,Pave,2190,73.04497658321634,2,2,"308.08,353.52,363.86,502.76",308.0758056640625,353.5174255371094,363.8621826171875,502.76165771484375,8325.794994346797,0.8564801216125488,,7.09375,7.09375,>5,False,0,30,,False,3826.1701927295917,,,,,
Pave1,Pave,2202,73.4451323330868,1,2,"418.16,351.28,473.58,530.26",418.157958984375,351.28277587890625,473.5763854980469,530.2625732421875,9918.778747608885,0.8198037147521973,,6.88671875,6.88671875,>5,False,0,19,,False,3345.0825105406743,,,,,
Pave1,Pave,2202,73.4451323330868,2,2,"301.30,353.69,349.86,506.41",301.30169677734375,353.69488525390625,349.86309814453125,506.40936279296875,7416.029038354754,0.812837541103363,,7.8125,7.8125,>5,False,0,1,,False,3688.2915564289888,,,,,
Pave1,Pave,2214,73.84528820822015,1,2,"260.53,349.31,335.32,508.27",260.52740478515625,349.31158447265625,335.3226013183594,508.2704772949219,11889.361629341729,0.8415076732635498,8.25390625,7.1640625,8.25390625,>5,True,4,105,1.08984375,True,3301.891973190519,,,,,
Pave1,Pave,2214,73.84528820822015,2,2,"392.86,351.04,447.03,527.85",392.85845947265625,351.04168701171875,447.02655029296875,527.8529052734375,9577.526128850877,0.8389272689819336,7.66796875,6.947265625,7.66796875,>5,True,3,138,0.720703125,True,3309.6949616268034,,,,,
Pave1,Pave,2232,74.44552200008184,1,2,"337.90,349.47,421.59,526.44",337.9001770019531,349.4715270996094,421.58599853515625,526.439208984375,14809.68584335316,0.8956071734428406,7.953125,7.890625,7.953125,>5,True,1,213,0.0625,False,2972.4863499767816,,,,,
Pave1,Pave,2232,74.44552200008184,2,2,"253.44,352.81,312.41,511.05",253.44461059570312,352.80548095703125,312.405029296875,511.04986572265625,9330.155182890594,0.8202869892120361,,7.24609375,7.24609375,>5,False,0,119,,False,3866.425562326389,,,,,
Pave1,Pave,2244,74.84567783307284,1,2,"345.76,352.47,411.91,538.17",345.7633056640625,352.4742431640625,411.91131591796875,538.1673583984375,12283.230090603232,0.8922262787818909,7.625,7.89453125,7.625,>5,True,6,42,0.26953125,False,3333.9365944215583,,,,,
Pave1,Pave,2244,74.84567783307284,2,2,"258.05,359.59,312.35,510.71",258.04791259765625,359.5926208496094,312.35052490234375,510.70989990234375,8206.063016939908,0.8287550210952759,7.40234375,7.390625,7.40234375,>5,True,2,121,0.01171875,False,4059.275241867173,,,,,
Pave1,Pave,2262,75.44591162516735,1,2,"332.46,351.56,403.07,550.89",332.4603271484375,351.561767578125,403.0743713378906,550.886474609375,14075.123670354486,0.8945654630661011,6.5078125,6.54296875,6.5078125,>5,True,11,215,0.03515625,False,3367.752189795525,,,,,
Pave1,Pave,2262,75.44591162516735,2,2,"262.35,349.85,322.61,510.74",262.34857177734375,349.84552001953125,322.61309814453125,510.743408203125,9696.435024864972,0.8167373538017273,7.509765625,7.51953125,7.509765625,>5,True,10,185,0.009765625,False,3634.674900611265,,,,,
Pave1,Pave,2274,75.84606750006787,1,2,"321.89,347.86,401.89,553.79",321.8905029296875,347.86334228515625,401.8863525390625,553.7860717773438,16472.96369960904,0.8993638157844543,6.173828125,6.19140625,6.173828125,>5,True,162,293,0.017578125,False,3388.171478388952,,,,,
Pave1,Pave,2274,75.84606750006787,2,2,"260.91,347.53,323.18,510.53",260.90985107421875,347.5328674316406,323.17645263671875,510.52789306640625,10149.146317869425,0.8036760091781616,7.49609375,7.515625,7.49609375,>5,True,5,146,0.01953125,False,3546.382822630166,,,,,
Pave1,Pave,2286,76.24622333305888,1,2,"329.96,348.42,404.21,570.94",329.95733642578125,348.4214172363281,404.2057800292969,570.936279296875,16521.382186646573,0.8960110545158386,5.73828125,5.76171875,5.73828125,>5,True,133,272,0.0234375,False,3323.7929795697664,,,,,
Pave1,Pave,2286,76.24622333305888,2,2,"261.73,357.03,320.48,511.17",261.728271484375,357.03155517578125,320.48095703125,511.17401123046875,9056.283250004053,0.8050010800361633,7.46875,7.5078125,7.46875,>5,True,11,151,0.0390625,False,3946.8667483408494,,,,,
Pave1,Pave,2298,76.64637912507169,1,2,"324.39,349.77,412.14,588.82",324.3864440917969,349.7729187011719,412.143310546875,588.8192138671875,20977.95380146522,0.9208496809005737,5.416015625,5.4375,5.416015625,>5,True,122,316,0.021484375,False,2949.304113108263,,,,,
Pave1,Pave,2298,76.64637912507169,2,2,"262.69,360.76,319.87,510.74",262.687255859375,360.7602233886719,319.866455078125,510.73846435546875,8575.635718718171,0.7944259643554688,7.328125,7.34765625,7.328125,>5,True,9,151,0.01953125,False,3919.869875379916,,,,,
Pave1,Pave,2310,77.04653500020504,1,2,"321.13,347.43,408.87,593.86",321.1256103515625,347.43408203125,408.87139892578125,593.8638305664062,21623.172613363713,0.899692714214325,5.05859375,5.10546875,5.05859375,>5,True,134,389,0.046875,False,3157.0222605687904,,,,,
Pave1,Pave,2310,77.04653500020504,2,2,"239.17,350.93,315.91,512.96",239.17355346679688,350.92816162109375,315.907470703125,512.9591064453125,12433.26910986565,0.8235248923301697,,6.93359375,6.93359375,>5,False,0,133,,False,3470.326775966074,,,,,
Pave1,Pave,2322,77.44669083319604,1,2,"322.84,348.16,418.14,621.80",322.8446044921875,348.159912109375,418.1426696777344,621.8012084960938,26077.486100519076,0.8802375197410583,4.74609375,4.77734375,4.74609375,3-5,True,145,483,0.03125,False,2786.1257796888885,,,,,
Pave1,Pave,2322,77.44669083319604,2,2,"232.44,346.60,303.12,518.24",232.43878173828125,346.6015930175781,303.1184387207031,518.2369995117188,12131.131657044403,0.8159303069114685,7.7734375,6.578125,7.7734375,>5,True,1,111,1.1953125,True,3536.5285128443384,,,,,
Pave1,Pave,2334,77.84684675000608,1,2,"322.13,345.14,426.06,644.51",322.12841796875,345.1391906738281,426.06463623046875,644.5098266601562,31115.451763024554,0.8905977606773376,4.34765625,4.41015625,4.34765625,3-5,True,205,596,0.0625,False,2776.8976544580496,,,,,
Pave1,Pave,2334,77.84684675000608,2,2,"220.63,344.70,273.91,527.51",220.63046264648438,344.69708251953125,273.9108581542969,527.5146484375,9740.592217884958,0.7959802150726318,,6.8125,6.8125,>5,False,0,111,,False,3427.4757402995106,,,,,
Pave1,Pave,2346,78.24700254201889,1,2,"314.28,343.60,424.13,660.35",314.28265380859375,343.5965270996094,424.1336669921875,660.3489990234375,34795.57996924035,0.8896419405937195,3.98828125,4.01953125,3.98828125,3-5,True,293,692,0.03125,False,2700.512908205336,,,,,
Pave1,Pave,2346,78.24700254201889,2,2,"194.97,343.73,263.99,535.57",194.96917724609375,343.72906494140625,263.9919738769531,535.5708618164062,13241.457331001759,0.856763482093811,7.62109375,6.41796875,7.62109375,>5,True,3,121,1.203125,True,3640.198681767104,,,,,
Pave1,Pave,2424,80.84801529208198,1,2,"487.38,324.21,689.27,719.51",487.3766784667969,324.2095642089844,689.2735595703125,719.5087890625,79809.68060056213,0.9250713586807251,1.6923828125,1.701171875,1.6923828125,<3,True,1397,1874,0.0087890625,False,1736.9133663682862,,,,,
Pave1,Pave,2424,80.84801529208198,2,2,"100.70,336.78,204.40,635.88",100.70391082763672,336.77508544921875,204.3977508544922,635.8751220703125,31014.831349414308,0.7971333265304565,4.265625,4.296875,4.265625,3-5,True,133,647,0.03125,False,3121.692129696145,,,,,
Pave1,Pave,2436,81.24817104218528,1,2,"559.30,320.30,837.38,719.44",559.2969970703125,320.304931640625,837.3825073242188,719.439453125,110993.52706693113,0.9245889782905579,1.44140625,1.439453125,1.44140625,<3,True,1489,2390,0.001953125,False,1414.5311693509043,,,,,
Pave1,Pave,2436,81.24817104218528,2,2,"100.09,324.69,239.13,643.43",100.09117126464844,324.6863708496094,239.12786865234375,643.4290771484375,44316.93320020521,0.9067514538764954,3.970703125,4.015625,3.970703125,3-5,True,112,879,0.044921875,False,2596.0061686782524,,,,,
Pave1,Pave,2454,81.84840483311564,1,2,"601.29,305.50,957.75,719.30",601.2868041992188,305.4976806640625,957.7518310546875,719.2999267578125,147506.02876666188,0.9253768920898438,1.1337890625,1.138671875,1.1337890625,<3,True,2010,2954,0.0048828125,False,1414.5253240484724,,,,,
Pave1,Pave,2454,81.84840483311564,2,2,"145.16,322.63,278.39,707.18",145.16119384765625,322.62835693359375,278.39251708984375,707.180419921875,51234.38020744175,0.912337064743042,3.404296875,3.40625,3.404296875,3-5,True,579,1166,0.001953125,False,2220.75576293913,,,,,
Pave1,Pave,2472,82.4486385001801,1,2,"675.39,288.68,959.47,719.37",675.386962890625,288.68316650390625,959.4739990234375,719.3690185546875,122352.26721344143,0.9431934952735901,0.84814453125,0.8798828125,0.84814453125,<3,True,635,2318,0.03173828125,False,1280.8091193607738,,,,,
Pave1,Pave,2472,82.4486385001801,2,2,"185.76,320.07,348.95,718.46",185.7627716064453,320.0709533691406,348.95269775390625,718.4595336914062,65013.00300078234,0.9350908994674683,2.94921875,2.955078125,2.94921875,<3,True,1285,1459,0.005859375,False,1705.0428997346678,,,,,
Pave1,Pave,2490,83.0488721251022,1,2,"612.13,308.95,875.91,719.36",612.1334228515625,308.9541320800781,875.9100952148438,719.3590087890625,108255.23269995861,0.9157432913780212,1.099609375,1.1103515625,1.099609375,<3,True,1634,2184,0.0107421875,False,1066.7403092005493,,,,,
Pave1,Pave,2490,83.0488721251022,2,2,"178.62,315.16,366.89,719.75",178.62428283691406,315.16168212890625,366.89208984375,719.74609375,76170.21992505435,0.9204399585723877,2.255859375,2.259765625,2.255859375,<3,True,1641,1776,0.00390625,False,1433.3511213395798,,,,,
Pave1,Pave,2502,83.4490278752055,1,2,"16.28,314.66,342.63,719.33",16.28308868408203,314.662353515625,342.633056640625,719.33251953125,132064.09571216814,0.9520102739334106,1.712890625,1.73046875,1.712890625,<3,True,1479,2568,0.017578125,False,1567.9682868799339,,,,,
Pave1,Pave,2502,83.4490278752055,2,2,"543.39,317.02,811.22,719.49",543.3869018554688,317.01531982421875,811.2154541015625,719.4892578125,107794.01212818548,0.9212278723716736,1.3193359375,1.328125,1.3193359375,<3,True,1466,2250,0.0087890625,False,1101.7923620182846,,,,,
Pave1,Pave,2514,83.8491837081965,1,2,"0.56,252.96,248.63,718.38",0.5560455322265625,252.96337890625,248.62576293945312,718.3790283203125,115455.52862704732,0.8855003714561462,1.146484375,1.1484375,1.146484375,<3,True,1200,1856,0.001953125,False,1423.9141395743595,,,,,
Pave1,Pave,2514,83.8491837081965,2,2,"462.97,320.42,738.91,719.12",462.9657897949219,320.4237060546875,738.9061279296875,719.1160888671875,110015.31092503667,0.9431979060173035,1.6396484375,1.6494140625,1.6396484375,<3,True,1604,2281,0.009765625,False,1137.9329143947366,,,,,
Pave1,Pave,2526,84.24933945806697,1,1,"461.89,330.22,661.69,719.38",461.8863830566406,330.21612548828125,661.6876831054688,719.3790283203125,77755.25391661562,0.9293413758277893,1.951171875,1.9599609375,1.951171875,<3,True,1190,1678,0.0087890625,False,1316.3684345841552,,,,,
Pave1,Pave,2538,84.64949520817026,1,1,"462.88,334.51,608.19,719.20",462.8799133300781,334.510498046875,608.18701171875,719.1965942382812,55897.62042803876,0.938542366027832,2.265625,2.263671875,2.265625,<3,True,825,1212,0.001953125,False,1553.4497003722663,,,,,
Pave1,Pave,2550,85.04965095804073,1,1,"443.58,334.93,579.55,719.22",443.5824279785156,334.9260559082031,579.5484619140625,719.2174072265625,52250.57091448922,0.8758805990219116,2.5078125,2.5205078125,2.5078125,<3,True,789,1238,0.0126953125,False,1625.6692450031799,,,,,
Pave1,Pave,2562,85.44980679219589,1,1,"468.24,333.39,591.81,719.68",468.2394104003906,333.39434814453125,591.8087158203125,719.6761474609375,47732.57363788597,0.886738657951355,2.7392578125,2.755859375,2.7392578125,<3,True,330,1036,0.0166015625,False,2125.082007116488,,,,,
Pave1,Pave,2580,86.05004037520848,1,1,"512.99,336.83,653.28,718.79",512.9853515625,336.825439453125,653.2791748046875,718.788330078125,53587.03426241875,0.9410908222198486,2.724609375,2.71484375,2.724609375,<3,True,119,915,0.009765625,False,2185.6601624817868,,,,,
Pave1,Pave,2592,86.45019608316943,1,1,"550.47,339.76,727.65,719.48",550.4652099609375,339.75726318359375,727.6519775390625,719.4828491210938,67282.34913897514,0.9075018763542175,2.517578125,2.53125,2.517578125,<3,True,1219,1529,0.013671875,False,2364.283933573485,,,,,
Pave1,Pave,2610,87.05042962520383,1,1,"559.84,335.98,767.47,719.43",559.837890625,335.9755554199219,767.46630859375,719.42626953125,79615.2651399225,0.9258242845535278,2.1484375,2.154296875,2.1484375,<3,True,1336,1760,0.005859375,False,2299.8511524349074,,,,,
Pave1,Pave,2622,87.45058545819484,1,1,"626.94,338.40,789.84,719.50",626.9432373046875,338.402099609375,789.837158203125,719.4974365234375,62078.113666042686,0.9231091737747192,1.9033203125,1.904296875,1.9033203125,<3,True,727,1127,0.0009765625,False,2072.1404749046533,,,,,
Pave1,Pave,2634,87.85074116708711,1,1,"649.89,329.29,959.22,719.43",649.8936767578125,329.2883605957031,959.2161254882812,719.4321899414062,120680.244650295,0.9439461827278137,1.6708984375,1.68359375,1.6708984375,<3,True,1562,2376,0.0126953125,False,1791.6779518964804,,,,,
Pave1,Pave,2646,88.2508969581686,1,1,"761.91,336.37,959.25,719.30",761.9107666015625,336.3668212890625,959.2469482421875,719.3033447265625,75567.23134589195,0.9154301285743713,1.4365234375,1.4326171875,1.4365234375,<3,True,23,1105,0.00390625,False,1217.2493533779616,,,,,
Pave2,Pave,0,0.0,1,1,"153.67,290.26,447.94,719.20",153.671630859375,290.25848388671875,447.94403076171875,719.20361328125,126226.71265335009,0.9367852210998535,1.24609375,1.2509765625,1.24609375,<3,True,2147,2508,0.0048828125,False,1148.20467451689,,,,,
Pave2,Pave,12,0.4001583750359714,1,1,"256.63,312.16,542.34,719.57",256.6293640136719,312.15948486328125,542.342041015625,719.5665283203125,116401.35701555945,0.9411929249763489,1.5869140625,1.59716796875,1.5869140625,<3,True,1693,2500,0.01025390625,False,1539.352776698448,,,,,
Pave2,Pave,24,0.8003164161927998,1,2,"407.73,320.71,568.84,719.49",407.72625732421875,320.71343994140625,568.8365478515625,719.490234375,64247.045206759125,0.9266113638877869,1.8759765625,1.8798828125,1.8759765625,<3,True,1174,1471,0.00390625,False,1398.0286280861815,,,,,
Pave2,Pave,24,0.8003164161927998,2,2,"257.05,363.22,272.84,400.19",257.05255126953125,363.21826171875,272.84173583984375,400.1941223144531,583.8186875917017,0.4690399169921875,,18.46875,18.46875,>5,False,0,6,,False,6812.863183864266,,,,,
Pave2,Pave,36,1.2004744161386043,1,2,"479.30,323.33,705.80,719.44",479.29541015625,323.3329162597656,705.7987060546875,719.43896484375,89719.32552957907,0.936244785785675,2.169921875,2.18359375,2.169921875,<3,True,815,1642,0.013671875,False,1446.1680574828217,,,,,
Pave2,Pave,36,1.2004744161386043,2,2,"254.93,365.80,270.93,400.80",254.92596435546875,365.796142578125,270.9272766113281,400.80224609375,560.1435932144523,0.2813061773777008,,18.4453125,18.4453125,>5,False,0,6,,False,6934.107704301765,,,,,
Pave2,Pave,48,1.6006322500761598,1,2,"544.46,336.97,718.82,719.84",544.4613647460938,336.970947265625,718.8180541992188,719.8446655273438,66756.59399472177,0.9300017952919006,2.52734375,2.5390625,2.52734375,<3,True,1020,1550,0.01171875,False,1558.986976543899,,,,,
Pave2,Pave,48,1.6006322500761598,2,2,"249.29,361.86,265.19,399.17",249.2929229736328,361.8604736328125,265.19451904296875,399.17498779296875,593.3603316983208,0.39729905128479004,,18.5625,18.5625,>5,False,0,4,,False,5940.117255766444,,,,,
Pave2,Pave,66,2.2008689581416547,1,2,"639.18,338.11,799.87,719.27",639.180419921875,338.1126708984375,799.8740234375,719.2651977539062,61248.773029491305,0.9245248436927795,2.916015625,2.94921875,2.916015625,<3,True,680,1272,0.033203125,False,1938.7453018221352,,,,,
Pave2,Pave,66,2.2008689581416547,2,2,"244.07,361.05,260.13,398.30",244.0736846923828,361.046875,260.12689208984375,398.29681396484375,597.9809957453981,0.5539840459823608,,18.59375,18.59375,>5,False,0,3,,False,6892.078338716943,,,,,
Pave2,Pave,84,2.80110558308661,1,2,"670.59,346.29,799.48,701.36",670.5891723632812,346.2862548828125,799.4815063476562,701.361572265625,45766.48639771342,0.9063381552696228,3.453125,3.474609375,3.453125,3-5,True,434,923,0.021484375,False,2025.0164207789908,,,,,
Pave2,Pave,84,2.80110558308661,2,2,"234.33,361.28,256.05,398.09",234.3251953125,361.28131103515625,256.0460205078125,398.0948486328125,799.6204149797559,0.6711158752441406,,18.03125,18.03125,>5,False,0,2,,False,6694.067832999073,,,,,
Pave2,Pave,96,3.201263208175078,1,2,"672.36,347.52,802.06,671.34",672.3576049804688,347.5152587890625,802.0640258789062,671.3402099609375,42002.17541411519,0.8964996337890625,3.728515625,3.765625,3.728515625,3-5,True,80,699,0.037109375,False,1960.1746931777677,,,,,
Pave2,Pave,96,3.201263208175078,2,2,"232.42,362.15,252.91,397.46",232.41702270507812,362.1527099609375,252.91107177734375,397.4556884765625,723.5009740963578,0.5299150943756104,,18.4765625,18.4765625,>5,False,0,8,,False,7639.850387377174,,,,,
Pave2,Pave,120,4.001578791067004,1,1,"677.78,347.53,811.14,638.91",677.7756958007812,347.5270690917969,811.1392822265625,638.9133911132812,38860.32494020276,0.8759899735450745,4.37109375,4.44140625,4.37109375,3-5,True,222,782,0.0703125,False,1990.1658346191002,,,,,
Pave2,Pave,132,4.401736541185528,1,1,"684.96,348.92,777.78,611.16",684.9570922851562,348.9170227050781,777.776123046875,611.16357421875,24341.47073210217,0.8688789010047913,4.72265625,4.724609375,4.72265625,3-5,True,142,488,0.001953125,False,2105.475413509906,,,,,
Pave2,Pave,144,4.801894125062972,1,1,"666.37,351.33,753.22,601.57",666.37451171875,351.3315734863281,753.22021484375,601.5670166015625,21731.87300413847,0.8987849354743958,5.03515625,5.05078125,5.03515625,>5,True,162,394,0.015625,False,2043.542505523656,,,,,
Pave2,Pave,156,5.202051791129634,1,1,"646.65,352.82,744.20,585.06",646.6459350585938,352.81549072265625,744.19921875,585.0615234375,22656.36311563477,0.9183116555213928,5.44140625,5.421875,5.44140625,>5,True,141,418,0.01953125,False,1928.7417581081284,,,,,
Pave2,Pave,168,5.602209541015327,1,1,"635.75,351.49,711.73,563.52",635.7490234375,351.4886169433594,711.728271484375,563.5220947265625,16110.14420273155,0.8903943300247192,5.83984375,5.87109375,5.83984375,>5,True,142,258,0.03125,False,2339.9215886599136,,,,,
Pave2,Pave,180,6.0023672501556575,1,1,"630.51,353.66,689.91,552.19",630.5062255859375,353.6587829589844,689.9052124023438,552.1869506835938,11792.372017359361,0.8678832650184631,6.259765625,6.265625,6.259765625,>5,True,138,237,0.005859375,False,2397.2854471597225,,,,,
Pave2,Pave,192,6.402524958131835,1,1,"600.48,354.34,689.15,548.24",600.4756469726562,354.3365783691406,689.149169921875,548.2391967773438,17194.028283333406,0.9004456996917725,7.2265625,7.44140625,7.2265625,>5,True,3,83,0.21484375,False,2060.982211835943,,,,,
Pave2,Pave,210,7.002761458046734,1,1,"573.18,356.85,645.82,530.89",573.181884765625,356.84979248046875,645.8248901367188,530.8923950195312,12642.977711044252,0.8789020776748657,7.8125,7.30859375,7.8125,>5,True,1,82,0.50390625,True,2667.2688434863535,,,,,
Pave2,Pave,222,7.402919125044718,1,1,"539.82,353.09,604.36,523.86",539.8216552734375,353.0933837890625,604.3584594726562,523.8563842773438,11020.498326983303,0.8411124348640442,,7.689453125,7.689453125,>5,False,0,18,,False,2803.138154106674,,,,,
Pave2,Pave,234,7.803076833020896,1,1,"521.62,351.82,563.14,513.42",521.6174926757812,351.8227844238281,563.1446533203125,513.423828125,6710.832502102479,0.7946929335594177,,8.2578125,8.2578125,>5,False,0,3,,False,3889.9395795890987,,,,,
Pave2,Pave,246,8.20323450001888,1,1,"479.16,355.61,540.47,517.11",479.1578063964844,355.6146240234375,540.468505859375,517.1064453125,9901.176520768553,0.80106520652771,,9.79296875,9.79296875,>5,False,0,38,,False,3062.4890878633837,,,,,
Pave2,Pave,258,8.603392166085541,1,1,"428.97,352.39,508.37,511.73",428.969970703125,352.3948669433594,508.36669921875,511.73382568359375,12650.992049060762,0.8981340527534485,8.3515625,9.6484375,8.3515625,>5,True,19,71,1.296875,True,2658.70097734244,,,,,
Pave2,Pave,270,9.003549916204065,1,1,"387.09,348.87,468.53,510.95",387.08880615234375,348.86761474609375,468.53466796875,510.9486083984375,13200.826212074608,0.8898149728775024,,19.1015625,19.1015625,>5,False,0,2,,False,3089.977722110382,,,,,
Pave2,Pave,282,9.40370750008151,1,1,"382.65,350.23,435.20,515.38",382.65228271484375,350.2315673828125,435.2016906738281,515.3817138671875,8678.542422093451,0.8833967447280884,7.40625,7.39453125,7.40625,>5,True,11,166,0.01171875,False,3881.1973229822456,,,,,
Pave2,Pave,300,10.003944040974602,1,1,"323.35,349.83,398.60,524.67",323.34820556640625,349.8305358886719,398.598388671875,524.669677734375,13156.677437892184,0.8891882300376892,,7.203125,7.203125,>5,False,0,157,,False,3822.695069080378,,,,,
Pave2,Pave,312,10.404101625084877,1,1,"316.13,355.76,387.50,540.65",316.13323974609375,355.76129150390625,387.500732421875,540.6517333984375,13195.167257729918,0.8842999339103699,,6.6328125,6.6328125,>5,False,0,69,,False,3576.0622764986388,,,,,
Pave2,Pave,324,10.804259416181594,1,1,"289.08,356.35,366.86,551.48",289.0750732421875,356.34979248046875,366.857421875,551.479248046875,15177.627341397107,0.8993901014328003,,6.58984375,6.58984375,>5,False,0,37,,False,3848.6350883505897,,,,,
Pave2,Pave,342,11.40449595800601,1,1,"268.58,347.50,355.27,573.71",268.5828552246094,347.5033264160156,355.26910400390625,573.7088012695312,19608.90406839084,0.8921827077865601,5.58203125,5.609375,5.58203125,>5,True,41,308,0.02734375,False,3515.2064212337145,,,,,
Pave2,Pave,360,12.00473245815374,1,1,"256.27,348.45,345.05,603.36",256.2722473144531,348.45306396484375,345.0501403808594,603.3642578125,22630.47870883718,0.8506798148155212,5.560546875,5.09375,5.560546875,>5,True,38,423,0.466796875,False,3393.4822568238815,,,,,
Pave2,Pave,384,12.805047790985554,1,1,"265.07,343.99,368.23,636.31",265.06829833984375,343.9869384765625,368.23443603515625,636.3148193359375,30158.33840891719,0.8710548281669617,4.3203125,4.359375,4.3203125,3-5,True,311,687,0.0390625,False,3185.789314120568,,,,,
Pave2,Pave,396,13.205205416074023,1,1,"265.62,344.38,391.59,686.00",265.6165466308594,344.3756103515625,391.5868835449219,686.0029296875,43034.908515796065,0.9008565545082092,3.8984375,3.916015625,3.8984375,3-5,True,276,805,0.017578125,False,2913.687852551201,,,,,
Pave2,Pave,408,13.60536304116249,1,1,"303.37,338.24,414.05,700.17",303.3746337890625,338.23822021484375,414.04522705078125,700.1721801757812,40055.44607044011,0.8924095630645752,3.466796875,3.4951171875,3.466796875,3-5,True,438,962,0.0283203125,False,2967.565860046144,,,,,
Pave2,Pave,420,14.00552075006999,1,1,"350.89,336.74,487.51,719.77",350.8888244628906,336.7414855957031,487.50604248046875,719.7749633789062,52328.96814233903,0.9155355095863342,3.138671875,3.1796875,3.138671875,3-5,True,630,1175,0.041015625,False,2554.167429679477,,,,,
Pave2,Pave,432,14.405678375158459,1,1,"404.71,342.70,567.21,719.96",404.713134765625,342.6990966796875,567.2056884765625,719.9632568359375,61302.61680740118,0.8912946581840515,2.78515625,2.806640625,2.78515625,<3,True,601,1234,0.021484375,False,2163.699509220442,,,,,
Pave2,Pave,456,15.205993583193049,1,1,"630.28,337.55,807.19,719.42",630.2828369140625,337.5456848144531,807.1898803710938,719.4193725585938,67556.14507284947,0.9329425692558289,2.197265625,2.19921875,2.197265625,<3,True,1066,1306,0.001953125,False,2216.2043557074962,,,,,
Pave2,Pave,468,15.606151333078742,1,1,"781.36,332.17,959.34,719.60",781.3584594726562,332.16815185546875,959.3388061523438,719.6021118164062,68955.63050933182,0.9264912009239197,1.859375,1.865234375,1.859375,<3,True,949,1452,0.005859375,False,2099.524130106615,,,,,
Pave2,Pave,618,20.608121666125953,1,1,"624.64,336.77,764.84,719.65",624.6446533203125,336.7740478515625,764.8402099609375,719.6512451171875,53677.68179565668,0.8901790976524353,2.8203125,2.9130859375,2.8203125,<3,True,95,1090,0.0927734375,False,1969.4166817790324,,,,,
Pave2,Pave,630,21.008279333123937,1,1,"558.64,341.35,687.57,719.37",558.644287109375,341.35028076171875,687.5675048828125,719.37353515625,48735.97434972972,0.9271417260169983,3.25390625,3.26171875,3.25390625,3-5,True,730,1039,0.0078125,False,2116.8053602157156,,,,,
Pave2,Pave,660,22.008673208067194,1,1,"435.87,346.12,531.17,642.78",435.87060546875,346.1241149902344,531.1736450195312,642.7825927734375,28272.45464124717,0.892376720905304,4.03515625,3.953125,4.03515625,3-5,True,76,566,0.08203125,False,2150.6910918451113,,,,,
Pave2,Pave,672,22.408830791013315,1,1,"381.76,348.62,492.00,635.02",381.76055908203125,348.619873046875,492.00482177734375,635.0236206054688,31574.369982771575,0.8792604207992554,4.4453125,4.421875,4.4453125,3-5,True,203,547,0.0234375,False,2046.1334142360558,,,,,
Pave2,Pave,684,22.808988416101784,1,1,"358.14,345.89,449.68,608.06",358.140869140625,345.8907470703125,449.6802062988281,608.0624389648438,23999.022897670045,0.8921931385993958,4.8046875,4.89453125,4.8046875,3-5,True,181,461,0.08984375,False,2155.220050230498,,,,,
Pave2,Pave,696,23.209145958069712,1,1,"325.70,344.46,421.56,589.89",325.7037048339844,344.45989990234375,421.560791015625,589.8917846679688,23526.385329701006,0.9064786434173584,5.09375,5.14453125,5.09375,>5,True,181,453,0.05078125,False,2402.456430084418,,,,,
Pave2,Pave,708,23.60930358315818,1,1,"320.71,345.97,397.99,567.80",320.71136474609375,345.9730224609375,397.98773193359375,567.798583984375,17141.873543858528,0.900847852230072,5.55078125,5.57421875,5.55078125,>5,True,192,320,0.0234375,False,2781.1495038975813,,,,,
Pave2,Pave,732,24.409618749981746,1,1,"305.80,351.05,377.71,548.38",305.802001953125,351.0497131347656,377.708740234375,548.3834838867188,14189.62780751288,0.8760383129119873,,7.09375,7.09375,>5,False,0,8,,False,2794.8618474283007,,,,,
Pave2,Pave,750,25.009855166077614,1,1,"317.96,354.80,394.03,538.04",317.96173095703125,354.8026123046875,394.02557373046875,538.0372314453125,13937.529260963202,0.8738570213317871,6.494140625,6.5546875,6.494140625,>5,True,44,237,0.060546875,False,2976.8660172006325,,,,,
Pave2,Pave,768,25.610091583104804,1,1,"361.35,353.45,454.02,538.18",361.34661865234375,353.45440673828125,454.01837158203125,538.1765747070312,17118.527110636234,0.9017381072044373,,6.859375,6.859375,>5,False,0,116,,False,2193.2141115024615,,,,,
Pave2,Pave,786,26.210327916080132,1,1,"420.93,353.10,514.35,546.99",420.92816162109375,353.0986328125,514.3494873046875,546.9927368164062,18113.844238277525,0.8916195034980774,6.7578125,6.36328125,6.7578125,>5,True,7,187,0.39453125,False,2865.6928889149276,,,,,
Pave2,Pave,822,27.41080066608265,1,1,"537.09,351.70,622.88,588.09",537.091796875,351.70428466796875,622.87548828125,588.0859375,20277.69076064229,0.8736211657524109,5.66015625,5.3203125,5.66015625,>5,True,23,380,0.33984375,False,2954.643573781754,,,,,
Pave2,Pave,840,28.0110369999893,1,1,"603.40,351.52,699.22,622.45",603.3970947265625,351.5184020996094,699.2188110351562,622.4474487304688,25960.886246019974,0.8854606747627258,4.703125,4.71875,4.703125,3-5,True,210,512,0.015625,False,2671.9680460765403,,,,,
Pave2,Pave,870,29.011431041173637,1,1,"631.93,348.77,733.85,684.30",631.9341430664062,348.7681884765625,733.8524780273438,684.2950439453125,34196.33844405413,0.897849977016449,3.830078125,3.85546875,3.830078125,3-5,True,409,749,0.025390625,False,2709.460070399711,,,,,
Pave2,Pave,888,29.611667458200827,1,1,"560.64,346.59,703.07,718.46",560.641845703125,346.59381103515625,703.0697021484375,718.4625244140625,52964.46372563392,0.923797607421875,3.45703125,3.46484375,3.45703125,3-5,True,265,1179,0.0078125,False,2429.935890963646,,,,,
Pave2,Pave,906,30.2119036661461,1,1,"464.10,344.59,623.11,718.37",464.103759765625,344.5943298339844,623.111328125,718.3675537109375,59432.7714465186,0.9009488821029663,3.498046875,3.525390625,3.498046875,3-5,True,584,1202,0.02734375,False,1903.9090679455555,,,,,
Pave2,Pave,918,30.6120613750536,1,1,"439.40,346.93,555.44,683.40",439.399658203125,346.9259948730469,555.4370727539062,683.395751953125,39043.08068610169,0.8962256908416748,3.697265625,3.7724609375,3.697265625,3-5,True,287,756,0.0751953125,False,1997.0605477055083,,,,,
Pave2,Pave,930,31.012218833202496,1,1,"400.02,345.71,528.72,651.81",400.0166015625,345.71173095703125,528.7152099609375,651.8096923828125,39394.38166909665,0.9109435081481934,4.017578125,4.1015625,4.017578125,3-5,True,164,752,0.083984375,False,1785.8127953356245,,,,,
Pave2,Pave,948,31.612455249996856,1,1,"421.40,346.51,515.37,612.71",421.40399169921875,346.5067138671875,515.3700561523438,612.7116088867188,25014.226323142648,0.8769654035568237,4.5703125,4.6015625,4.5703125,3-5,True,285,517,0.03125,False,2093.984663084742,,,,,
Pave2,Pave,960,32.01261279103346,1,1,"416.54,349.56,512.78,600.70",416.5389404296875,349.5630798339844,512.7782592773438,600.7014770507812,24169.38828463666,0.9017648696899414,4.921875,4.97265625,4.921875,3-5,True,153,452,0.05078125,False,2043.4826467724506,,,,,
Pave2,Pave,972,32.41277033300139,1,1,"434.39,350.40,508.44,583.69",434.3912658691406,350.396484375,508.4371032714844,583.68896484375,17274.337075978518,0.8915887475013733,5.296875,5.30859375,5.296875,>5,True,212,369,0.01171875,False,2350.088823902403,,,,,
Pave2,Pave,984,32.81292787520215,1,1,"432.42,349.06,512.23,564.27",432.4195861816406,349.05950927734375,512.2281494140625,564.272705078125,17175.85594551824,0.9011465907096863,5.703125,5.71875,5.703125,>5,True,33,282,0.015625,False,2444.9333244391455,,,,,
Pave2,Pave,996,33.21308545814827,1,1,"437.38,350.76,507.91,550.09",437.3780822753906,350.760986328125,507.9084777832031,550.0892333984375,14058.700101748109,0.8781737685203552,6.07421875,6.03515625,6.07421875,>5,True,43,229,0.0390625,False,2577.8844405210702,,,,,
Pave2,Pave,1014,33.81332166609354,1,1,"437.84,349.73,505.50,536.90",437.83709716796875,349.73150634765625,505.49786376953125,536.8961181640625,12663.70111618191,0.8915484547615051,6.640625,6.63671875,6.640625,>5,True,37,218,0.00390625,False,2841.227905440728,,,,,
Pave2,Pave,1038,34.61363683314994,1,1,"407.02,350.04,465.80,525.89",407.0153503417969,350.0382385253906,465.7994384765625,525.8890380859375,10337.228899936192,0.8556669354438782,,7.61328125,7.61328125,>5,False,0,11,,False,2867.7615736014395,,,,,
Pave2,Pave,1050,35.013794291066006,1,1,"383.45,348.27,448.05,525.08",383.44769287109375,348.2670593261719,448.0509338378906,525.078857421875,11422.615198149346,0.8919626474380493,6.87109375,6.8984375,6.87109375,>5,True,9,210,0.02734375,False,3258.823568227523,,,,,
Pave2,Pave,1068,35.61403050017543,1,1,"380.01,352.48,438.08,536.64",380.0122375488281,352.47955322265625,438.08056640625,536.6364135742188,10693.681128244847,0.8709160685539246,6.63671875,6.59375,6.63671875,>5,True,30,173,0.04296875,False,3652.0149303964395,,,,,
Pave2,Pave,1080,36.01418804097921,1,1,"357.35,351.97,434.86,548.01",357.3516540527344,351.9658203125,434.8640441894531,548.0133056640625,15196.109169892967,0.9124802350997925,7.5234375,6.337890625,7.5234375,>5,True,3,86,1.185546875,True,3367.489239112782,,,,,
Pave2,Pave,1110,37.014581833034754,1,1,"356.89,347.09,447.54,573.69",356.89324951171875,347.0931701660156,447.5384216308594,573.6947021484375,20540.33486900758,0.9255526661872864,6.716796875,5.48046875,6.716796875,>5,True,20,323,1.236328125,True,2789.4581951663868,,,,,
Pave2,Pave,1122,37.414739333093166,1,1,"361.25,346.70,447.40,602.97",361.2517395019531,346.6969909667969,447.4010009765625,602.9712524414062,22077.838360988535,0.8842028975486755,5.109375,5.11328125,5.109375,>5,True,209,461,0.00390625,False,2896.7388778315276,,,,,
Pave2,Pave,1134,37.814896875061095,1,1,"363.28,346.21,454.56,627.52",363.2773132324219,346.2073059082031,454.5596923828125,627.519287109375,25678.82692755293,0.8750858306884766,4.6484375,4.6640625,4.6484375,3-5,True,238,535,0.015625,False,2721.6941600015366,,,,,
Pave2,Pave,1152,38.41513308300637,1,1,"367.39,347.57,473.52,684.50",367.390380859375,347.5691223144531,473.5243835449219,684.4962158203125,35759.42104698438,0.8762772083282471,3.955078125,3.966796875,3.955078125,3-5,True,301,808,0.01171875,False,2562.064269188776,,,,,
Pave2,Pave,1170,39.015369249973446,1,1,"393.01,344.81,503.59,720.00",393.0054016113281,344.8123779296875,503.59222412109375,720.0,41490.80696975067,0.8763227462768555,3.302734375,3.318359375,3.302734375,3-5,True,411,929,0.015625,False,2420.6049850242985,,,,,
Pave2,Pave,1182,39.41552670812234,1,1,"427.51,342.06,588.18,719.43",427.51031494140625,342.0635986328125,588.1767578125,719.431396484375,60630.34173490852,0.917022168636322,2.958984375,2.978515625,2.958984375,<3,True,536,1343,0.01953125,False,2291.440921328289,,,,,
Pave2,Pave,1194,39.81568425009027,1,1,"495.40,332.23,623.76,718.92",495.4029235839844,332.22698974609375,623.7640380859375,718.9197387695312,49636.31223447248,0.9095044732093811,2.529296875,2.52734375,2.529296875,<3,True,788,989,0.001953125,False,2173.001488150775,,,,,
Pave2,Pave,1212,40.41592041612603,1,1,"645.32,331.50,812.88,719.42",645.32421875,331.4995422363281,812.87548828125,719.4154052734375,64995.79532317817,0.9117016792297363,2.09765625,2.099609375,2.09765625,<3,True,869,1294,0.001953125,False,2282.1314022885226,,,,,
Pave2,Pave,1422,47.418675541179255,1,1,"795.10,333.02,959.39,719.62",795.0990600585938,333.0183410644531,959.3915405273438,719.616943359375,63515.2433167845,0.9373698234558105,,2.5,2.5,<3,False,0,35,,False,2046.1039722374785,,,,,
Pave2,Pave,1434,47.81883295811713,1,1,"749.89,331.39,950.43,719.48",749.8890380859375,331.3896789550781,950.4325561523438,719.4808959960938,77829.1779960785,0.9348022937774658,2.0546875,2.064453125,2.0546875,<3,True,1188,1710,0.009765625,False,1846.3104406752032,,,,,
Pave2,Pave,1452,48.41906908317469,1,1,"549.03,323.86,785.41,719.53",549.0258178710938,323.857177734375,785.4132080078125,719.5274658203125,93531.46675527841,0.9506338834762573,1.9189453125,1.939453125,1.9189453125,<3,True,1263,1717,0.0205078125,False,1856.3907984643029,,,,,
Pave2,Pave,1470,49.01930516608991,1,1,"433.11,315.11,624.50,719.26",433.10687255859375,315.10760498046875,624.5018920898438,719.2567138671875,77352.12658891082,0.9315749406814575,1.6826171875,1.689453125,1.6826171875,<3,True,1365,1552,0.0068359375,False,1580.1197858558146,,,,,
Pave2,Pave,1482,49.419462541118264,1,1,"312.14,309.76,487.92,719.47",312.1352233886719,309.7610778808594,487.9186706542969,719.4747314453125,72020.8784153536,0.9093620181083679,1.53466796875,1.541015625,1.53466796875,<3,True,1252,1623,0.00634765625,False,1660.5150847644195,,,,,
Pave2,Pave,1494,49.81961991614662,1,1,"135.42,302.29,354.11,719.37",135.42337036132812,302.2903747558594,354.11236572265625,719.3699951171875,91210.72316250298,0.9189213514328003,1.3701171875,1.42578125,1.3701171875,<3,True,761,1796,0.0556640625,False,1656.3991972624212,,,,,
Pave2,Pave,1506,50.219777333084494,1,1,"0.34,287.09,232.87,719.35",0.343414306640625,287.0883483886719,232.86648559570312,719.3477783203125,100510.29024136439,0.9259383678436279,1.2666015625,1.2685546875,1.2666015625,<3,True,1715,1910,0.001953125,False,1321.6052960212266,,,,,
Pave2,Pave,1518,50.61993470811285,1,1,"0.25,298.29,228.34,719.32",0.24808502197265625,298.2940673828125,228.33924865722656,719.319091796875,96032.0877381647,0.9431962370872498,1.486328125,1.4892578125,1.486328125,<3,True,1554,1959,0.0029296875,False,1245.7272457807946,,,,,
Pave2,Pave,1530,51.02009204099886,1,1,"0.26,307.35,270.55,719.06",0.2584075927734375,307.3521728515625,270.5538330078125,719.0584106445312,111282.31269027572,0.9233424663543701,1.7158203125,1.7138671875,1.7158203125,<3,True,1833,2217,0.001953125,False,1732.2722186049516,,,,,
Pave2,Pave,1542,51.42024925001897,1,1,"131.78,319.58,327.09,719.46",131.78309631347656,319.58184814453125,327.093017578125,719.4564208984375,78099.47132030036,0.9230618476867676,2.091796875,2.095703125,2.091796875,<3,True,1290,1709,0.00390625,False,1968.725295440396,,,,,
Pave2,Pave,1554,51.820406625047326,1,1,"240.96,332.31,400.25,719.41",240.95558166503906,332.3096008300781,400.24810791015625,719.4114990234375,61662.43927750038,0.9032967686653137,2.4609375,2.466796875,2.4609375,<3,True,1190,1405,0.005859375,False,2070.280992195596,,,,,
Pave2,Pave,1572,52.42064275010489,1,1,"380.13,341.58,525.73,719.21",380.1265869140625,341.575927734375,525.7275390625,719.2073364257812,54983.49266662449,0.9318466782569885,2.9140625,2.916015625,2.9140625,<3,True,663,1231,0.001953125,False,1754.7606000752835,,,,,
Pave2,Pave,1590,53.020878666080534,1,1,"490.03,342.29,624.52,703.66",490.0291442871094,342.28912353515625,624.5150146484375,703.6558227539062,48598.715064033866,0.9146422743797302,3.349609375,3.392578125,3.349609375,3-5,True,541,1121,0.04296875,False,1914.6445060574843,,,,,
Pave2,Pave,1608,53.62111462512985,1,1,"560.87,346.67,655.80,664.47",560.8653564453125,346.6711120605469,655.804931640625,664.470458984375,30171.734994295985,0.8900918364524841,3.833984375,3.861328125,3.833984375,3-5,True,359,689,0.02734375,False,2091.260057470198,,,,,
Pave2,Pave,1620,54.02127195801586,1,1,"587.58,349.84,698.36,647.14",587.5845947265625,349.8410949707031,698.3621826171875,647.1388549804688,32933.92873916775,0.9135036468505859,4.171875,4.16796875,4.171875,3-5,True,185,692,0.00390625,False,1822.463436781856,,,,,
Pave2,Pave,1638,54.62150800018571,1,1,"621.09,349.65,724.20,619.02",621.09228515625,349.6455383300781,724.1971435546875,619.0219116210938,27774.012824054807,0.9013820290565491,4.6484375,4.671875,4.6484375,3-5,True,300,575,0.0234375,False,1822.7653612104825,,,,,
Pave2,Pave,1650,55.02166529116221,1,1,"642.83,350.12,728.71,606.26",642.8260498046875,350.1179504394531,728.7093505859375,606.2601928710938,21998.34124954045,0.8843406438827515,4.9453125,4.96875,4.9453125,3-5,True,282,473,0.0234375,False,1919.8129477576451,,,,,
Pave2,Pave,1662,55.421822500182316,1,1,"642.12,349.75,731.42,587.62",642.123779296875,349.7512512207031,731.4180908203125,587.6246337890625,21240.73992619291,0.9159855246543884,5.265625,5.29296875,5.265625,>5,True,217,396,0.02734375,False,2152.120159263387,,,,,
Pave2,Pave,1674,55.821979833068326,1,1,"637.43,353.64,715.00,569.59",637.432373046875,353.64300537109375,715.00146484375,569.5911865234375,16750.904287174344,0.9249764680862427,5.625,5.6484375,5.625,>5,True,159,311,0.0234375,False,2286.952366617851,,,,,
Pave2,Pave,1686,56.22213712497614,1,1,"631.35,353.27,711.43,563.92",631.354248046875,353.27362060546875,711.4310302734375,563.9203491210938,16867.912206083536,0.921427309513092,6.01171875,6.03515625,6.01171875,>5,True,2,295,0.0234375,False,2039.3451924807118,,,,,
Pave2,Pave,1698,56.622294374974445,1,1,"620.17,352.80,684.75,549.79",620.1685791015625,352.7974853515625,684.748779296875,549.7926025390625,12721.984105467796,0.8788706064224243,6.1640625,6.263671875,6.1640625,>5,True,3,142,0.099609375,False,2468.4804775022953,,,,,
Pave2,Pave,1710,57.02245166618377,1,1,"597.29,354.50,664.36,541.64",597.2883911132812,354.4967041015625,664.363037109375,541.6376342773438,12552.411642920226,0.8893851041793823,6.6640625,6.7109375,6.6640625,>5,True,69,241,0.046875,False,2514.9142259087553,,,,,
Pave2,Pave,1722,57.422609040979296,1,1,"576.89,354.53,645.92,536.97",576.8904418945312,354.529296875,645.9223022460938,536.9664306640625,12593.974742665887,0.8704378604888916,,8.4296875,8.4296875,>5,False,0,24,,False,3031.145057810637,,,,,
Pave2,Pave,1740,58.02284479117952,1,1,"538.20,355.61,625.22,544.56",538.1959838867188,355.6079406738281,625.2234497070312,544.5565185546875,16443.715903323144,0.9310038089752197,7.67578125,7.8515625,7.67578125,>5,True,38,88,0.17578125,False,3191.639733290074,,,,,
Pave2,Pave,1752,58.42300216597505,1,1,"534.18,355.63,609.28,546.19",534.177734375,355.6319580078125,609.2816162109375,546.1934814453125,14311.910138726234,0.9030559659004211,6.4921875,6.53515625,6.4921875,>5,True,43,227,0.04296875,False,3533.3385967795907,,,,,
Pave2,Pave,1764,58.82315933308564,1,1,"519.36,353.49,594.16,560.34",519.3627319335938,353.49420166015625,594.1638793945312,560.3380126953125,15472.154410623014,0.905336856842041,5.94140625,5.990234375,5.94140625,>5,True,32,264,0.048828125,False,3474.153651474418,,,,,
Pave2,Pave,1806,60.223709791200235,1,1,"488.52,353.34,585.95,614.95",488.5199890136719,353.3360595703125,585.953369140625,614.9537353515625,25490.29445232451,0.8942874670028687,5.73828125,4.8046875,5.73828125,>5,True,6,395,0.93359375,True,2884.775612857527,,,,,
