recording,loc,r3d_path,frame_id,time_sec,person_count,count_bucket,primary_band,primary_dist_conf2,primary_dist_conf1,primary_gt_distance_m,primary_yolo_conf,primary_bbox_area,primary_sharpness,quality_score,dist_bin_05,boundary_bin_01
Garage1,Garage,E:\Research\Proximity\Analysis\Expe1\Garage1\Shareable\2026-06-25--15-00-36.r3d,0,0.0,1,1,<3,2.96875,2.97265625,2.96875,0.8987530469894409,31912.27095723711,529.7536103732328,0.10595056434394226,2.5,2.9000000000000004
Garage1,Garage,E:\Research\Proximity\Analysis\Expe1\Garage1\Shareable\2026-06-25--15-00-36.r3d,36,0.6002368750050664,1,1,3-5,3.45703125,3.4755859375,3.45703125,0.8997597098350525,40775.6043209685,931.5880024901495,0.1588739068126354,3.0,
Garage1,Garage,E:\Research\Proximity\Analysis\Expe1\Garage1\Shareable\2026-06-25--15-00-36.r3d,60,1.0003945000935346,1,1,3-5,3.806640625,3.814453125,3.806640625,0.8854735493659973,33403.6538171377,1315.660793030763,0.2061373103491299,3.5,
Garage1,Garage,E:\Research\Proximity\Analysis\Expe1\Garage1\Shareable\2026-06-25--15-00-36.r3d,108,1.8007089160382748,1,1,3-5,4.578125,4.5859375,4.578125,0.8689025640487671,28552.512578822672,1420.6043572820222,0.1695488183196518,4.5,
Garage1,Garage,E:\Research\Proximity\Analysis\Expe1\Garage1\Shareable\2026-06-25--15-00-36.r3d,132,2.2008658749982715,1,1,3-5,4.83984375,4.78125,4.83984375,0.7950270771980286,20536.447778385133,1797.7512133277803,0.020146260105220262,4.5,4.800000000000001
Garage1,Garage,E:\Research\Proximity\Analysis\Expe1\Garage1\Shareable\2026-06-25--15-00-36.r3d,588,9.803841958055273,1,1,>5,6.72265625,6.76171875,6.72265625,0.8521971702575684,17212.94514477253,899.7538977974241,0.005748954894729166,6.5,
Garage1,Garage,E:\Research\Proximity\Analysis\Expe1\Garage1\Shareable\2026-06-25--15-00-36.r3d,612,10.20399820804596,1,1,>5,7.04296875,7.06640625,7.04296875,0.8270724415779114,14838.405478896573,1425.3987201621494,0.04101313542028552,7.0,
Garage1,Garage,E:\Research\Proximity\Analysis\Expe1\Garage1\Shareable\2026-06-25--15-00-36.r3d,672,11.204388833139092,1,1,>5,7.2578125,7.2734375,7.2578125,0.8410266041755676,8488.709371343255,1726.1456866281378,0.03613685406489381,7.0,
Garage1,Garage,E:\Research\Proximity\Analysis\Expe1\Garage1\Shareable\2026-06-25--15-00-36.r3d,720,12.004701416008174,1,1,>5,,9.6015625,9.6015625,0.8137252330780029,7530.66576532647,1642.2629029302477,0.0,9.5,
Garage1,Garage,E:\Research\Proximity\Analysis\Expe1\Garage1\Shareable\2026-06-25--15-00-36.r3d,804,13.405248166061938,1,1,>5,,8.66796875,8.66796875,0.8152837157249451,4990.735006481409,3721.2660838148786,0.0,8.5,
Garage1,Garage,E:\Research\Proximity\Analysis\Expe1\Garage1\Shareable\2026-06-25--15-00-36.r3d,840,14.005482291104272,1,1,>5,,8.546875,8.546875,0.8060327768325806,7331.53238171339,3306.968303020495,0.0,8.5,
Garage1,Garage,E:\Research\Proximity\Analysis\Expe1\Garage1\Shareable\2026-06-25--15-00-36.r3d,888,14.805794625077397,1,1,>5,8.07421875,7.40625,8.07421875,0.8771430850028992,9118.805118444376,3097.115012467154,0.0065178270506952365,8.0,
Garage1,Garage,E:\Research\Proximity\Analysis\Expe1\Garage1\Shareable\2026-06-25--15-00-36.r3d,984,16.40641887509264,1,1,>5,5.58203125,5.58984375,5.58203125,0.8514887094497681,17062.010949689895,2512.5692523860657,0.15334863109806218,5.5,
Garage1,Garage,E:\Research\Proximity\Analysis\Expe1\Garage1\Shareable\2026-06-25--15-00-36.r3d,1008,16.806574875023216,1,1,>5,5.1953125,5.203125,5.1953125,0.9012460708618164,18992.130228672177,2572.9945830883526,0.22671743756770657,5.0,5.1000000000000005
Garage1,Garage,E:\Research\Proximity\Analysis\Expe1\Garage1\Shareable\2026-06-25--15-00-36.r3d,1032,17.206730875186622,1,1,3-5,4.72265625,4.73828125,4.72265625,0.8548537492752075,23177.04200981185,2413.819506904444,0.15718655585742553,4.5,4.7
Garage1,Garage,E:\Research\Proximity\Analysis\Expe1\Garage1\Shareable\2026-06-25--15-00-36.r3d,1056,17.60688691609539,1,1,3-5,4.484375,4.5,4.484375,0.9050442576408386,40048.83229753934,1454.3364375929987,0.17724178352662104,4.0,
Garage1,Garage,E:\Research\Proximity\Analysis\Expe1\Garage1\Shareable\2026-06-25--15-00-36.r3d,1356,22.608834458049387,1,1,3-5,4.265625,4.28515625,4.265625,0.8449285626411438,26497.29543032497,1502.672761741531,0.14812183213082272,4.0,
Garage1,Garage,E:\Research\Proximity\Analysis\Expe1\Garage1\Shareable\2026-06-25--15-00-36.r3d,1380,23.00899004121311,1,1,3-5,4.265625,4.296875,4.265625,0.892087459564209,42165.77508375049,1003.347141462247,0.12697109380748337,4.0,
Garage1,Garage,E:\Research\Proximity\Analysis\Expe1\Garage1\Shareable\2026-06-25--15-00-36.r3d,1428,23.809300958178937,1,1,3-5,4.3203125,4.328125,4.3203125,0.8266228437423706,19806.196957509965,1101.2340136485855,0.11029439758367855,4.0,
Garage1,Garage,E:\Research\Proximity\Analysis\Expe1\Garage1\Shareable\2026-06-25--15-00-36.r3d,1704,28.41108625009656,2,2,3-5,4.234375,4.23828125,4.234375,0.8733850121498108,28450.27157785371,2060.421937901317,0.2428619523895238,4.0,
Garage1,Garage,E:\Research\Proximity\Analysis\Expe1\Garage1\Shareable\2026-06-25--15-00-36.r3d,1728,28.81124141602777,2,2,3-5,4.890625,4.13671875,4.890625,0.9055755734443665,32535.67442073673,2182.146736196592,0.01777931290323222,4.5,4.800000000000001
Garage1,Garage,E:\Research\Proximity\Analysis\Expe1\Garage1\Shareable\2026-06-25--15-00-36.r3d,1752,29.21139641618356,2,2,3-5,4.171875,4.18359375,4.171875,0.8739671111106873,36020.15390905738,1405.964959632496,0.24211406777750386,4.0,
Garage1,Garage,E:\Research\Proximity\Analysis\Expe1\Garage1\Shareable\2026-06-25--15-00-36.r3d,1776,29.611551333218813,2,2,3-5,4.17578125,4.1796875,4.17578125,0.8044403195381165,19668.425088543445,2149.698193027211,0.21315631871208693,4.0,
Garage1,Garage,E:\Research\Proximity\Analysis\Expe1\Garage1\Shareable\2026-06-25--15-00-36.r3d,1800,30.011706290999427,2,2,3-5,4.25,4.2734375,4.25,0.8362821936607361,22363.34169987589,2214.1628218594346,0.18658930603777918,4.0,
Garage1,Garage,E:\Research\Proximity\Analysis\Expe1\Garage1\Shareable\2026-06-25--15-00-36.r3d,1824,30.411861166125163,2,2,3-5,4.25390625,4.2578125,4.25390625,0.8468683362007141,20076.087465770543,2019.616992282441,0.24108369396882182,4.0,
Garage1,Garage,E:\Research\Proximity\Analysis\Expe1\Garage1\Shareable\2026-06-25--15-00-36.r3d,1848,30.812016083160415,2,2,3-5,4.28125,4.2890625,4.28125,0.8629082441329956,25343.823770955205,1918.8852508352213,0.1720190616853259,4.0,
Garage1,Garage,E:\Research\Proximity\Analysis\Expe1\Garage1\Shareable\2026-06-25--15-00-36.r3d,1872,31.212171000195667,1,1,3-5,4.4765625,4.4765625,4.4765625,0.897250235080719,24351.885311041027,2002.6241199741823,0.21070500358026872,4.0,
Garage1,Garage,E:\Research\Proximity\Analysis\Expe1\Garage1\Shareable\2026-06-25--15-00-36.r3d,1896,31.612325875088573,1,1,3-5,4.6953125,4.703125,4.6953125,0.8630111217498779,23447.818663988262,1641.191722002219,0.15929129615755044,4.5,
Garage1,Garage,E:\Research\Proximity\Analysis\Expe1\Garage1\Shareable\2026-06-25--15-00-36.r3d,1932,32.21255829115398,1,1,>5,5.0546875,5.05859375,5.0546875,0.7923562526702881,19730.909307468683,1768.7945628500245,0.13954717073705275,5.0,5.0
Garage1,Garage,E:\Research\Proximity\Analysis\Expe1\Garage1\Shareable\2026-06-25--15-00-36.r3d,2064,34.41341016604565,2,2,>5,,11.48046875,11.48046875,0.6820501089096069,3376.3842192068696,2066.718228666975,0.0,11.0,
Garage1,Garage,E:\Research\Proximity\Analysis\Expe1\Garage1\Shareable\2026-06-25--15-00-36.r3d,2304,38.41495654103346,1,1,>5,8.40625,7.62109375,8.40625,0.7756804823875427,7683.869127200916,2039.9862979268933,0.0004745644288205907,8.0,
Garage1,Garage,E:\Research\Proximity\Analysis\Expe1\Garage1\Shareable\2026-06-25--15-00-36.r3d,2340,39.01518820808269,1,1,>5,7.75390625,7.83203125,7.75390625,0.8054837584495544,6259.739076085389,2302.4344194875594,0.025028892828432625,7.5,
Garage1,Garage,E:\Research\Proximity\Analysis\Expe1\Garage1\Shareable\2026-06-25--15-00-36.r3d,2376,39.61541979108006,1,1,>5,7.810546875,7.818359375,7.810546875,0.8423591256141663,6187.5661851502955,2541.2069968757755,0.024395290397650152,7.5,
Garage1,Garage,E:\Research\Proximity\Analysis\Expe1\Garage1\Shareable\2026-06-25--15-00-36.r3d,2472,41.21603700006381,2,2,>5,6.705078125,6.71875,6.705078125,0.8800843954086304,11746.531679998152,2819.070611209322,0.019048259903441285,6.5,
Garage1,Garage,E:\Research\Proximity\Analysis\Expe1\Garage1\Shareable\2026-06-25--15-00-36.r3d,2532,42.216422458179295,2,2,>5,6.34375,6.373046875,6.34375,0.8046076893806458,10058.321995865554,2022.5044668280523,0.019131314151490542,6.0,
Garage1,Garage,E:\Research\Proximity\Analysis\Expe1\Garage1\Shareable\2026-06-25--15-00-36.r3d,2568,42.816653666086495,1,1,>5,6.9296875,6.953125,6.9296875,0.8660253286361694,10453.134744286537,1446.1542047879423,0.016526578211353553,6.5,
Garage1,Garage,E:\Research\Proximity\Analysis\Expe1\Garage1\Shareable\2026-06-25--15-00-36.r3d,2616,43.616961958119646,2,2,>5,8.80859375,7.8359375,8.80859375,0.8249759674072266,7836.903387419879,1626.076586428439,0.000643705684658907,8.5,
Garage1,Garage,E:\Research\Proximity\Analysis\Expe1\Garage1\Shareable\2026-06-25--15-00-36.r3d,2652,44.21719304122962,2,2,>5,,8.578125,8.578125,0.8537525534629822,6496.683604611084,1627.554109969256,0.0,8.5,
Garage1,Garage,E:\Research\Proximity\Analysis\Expe1\Garage1\Shareable\2026-06-25--15-00-36.r3d,2676,44.61734712519683,2,2,>5,9.0,9.0625,9.0,0.8307268023490906,5645.77953954041,1977.9170994288836,0.0055191144284676055,9.0,
Garage1,Garage,E:\Research\Proximity\Analysis\Expe1\Garage1\Shareable\2026-06-25--15-00-36.r3d,2700,45.01750108320266,2,2,>5,,9.578125,9.578125,0.8268386721611023,5290.94892154634,1913.3853259529878,0.0,9.5,
Garage1,Garage,E:\Research\Proximity\Analysis\Expe1\Garage1\Shareable\2026-06-25--15-00-36.r3d,2784,46.418040291173384,2,2,>5,,17.578125,17.578125,0.7403966784477234,4386.895086775534,2116.2374636068416,0.0,17.5,
Garage1,Garage,E:\Research\Proximity\Analysis\Expe1\Garage1\Shareable\2026-06-25--15-00-36.r3d,2856,47.618502125144005,2,2,>5,,11.3984375,11.3984375,0.8119503259658813,4300.706973485649,3111.7677638255423,0.0,11.0,
Garage1,Garage,E:\Research\Proximity\Analysis\Expe1\Garage1\Shareable\2026-06-25--15-00-36.r3d,2892,48.21873320802115,2,2,>5,,10.75,10.75,0.8052302002906799,5717.836404651403,3086.8573364124245,0.0,10.5,
Garage1,Garage,E:\Research\Proximity\Analysis\Expe1\Garage1\Shareable\2026-06-25--15-00-36.r3d,2916,48.61888716602698,2,2,>5,,9.046875,9.046875,0.8269230723381042,5846.71681664139,3480.4007373348086,0.0,9.0,
Garage1,Garage,E:\Research\Proximity\Analysis\Expe1\Garage1\Shareable\2026-06-25--15-00-36.r3d,2988,49.81934912502766,2,2,>5,7.830078125,7.8359375,7.830078125,0.8568481206893921,8318.963337779045,3240.9073190943172,0.03597818702399939,7.5,
Garage1,Garage,E:\Research\Proximity\Analysis\Expe1\Garage1\Shareable\2026-06-25--15-00-36.r3d,3012,50.21950316615403,2,2,>5,7.328125,7.3515625,7.328125,0.8603209853172302,9267.67051602155,2905.866854625686,0.053982599299628106,7.0,
Garage1,Garage,E:\Research\Proximity\Analysis\Expe1\Garage1\Shareable\2026-06-25--15-00-36.r3d,3048,50.819734333083034,2,2,>5,6.6171875,6.62109375,6.6171875,0.8475678563117981,11022.546506870538,2370.5763337289213,0.06845289527712373,6.5,
Garage1,Garage,E:\Research\Proximity\Analysis\Expe1\Garage1\Shareable\2026-06-25--15-00-36.r3d,3072,51.219888291088864,1,1,>5,6.265625,6.27734375,6.265625,0.8908342719078064,14291.190770414658,1641.1784763433438,0.0828704317799918,6.0,
Garage1,Garage,E:\Research\Proximity\Analysis\Expe1\Garage1\Shareable\2026-06-25--15-00-36.r3d,3108,51.82011937513016,2,2,>5,5.53125,5.54296875,5.53125,0.8708744049072266,14703.610837072134,1720.832576986468,0.10175497137249812,5.5,
Garage1,Garage,E:\Research\Proximity\Analysis\Expe1\Garage1\Shareable\2026-06-25--15-00-36.r3d,3132,52.22027345816605,2,2,>5,5.2265625,5.24609375,5.2265625,0.9020313024520874,27284.062224106863,1329.4547423762158,0.09322131644285639,5.0,5.2
Garage1,Garage,E:\Research\Proximity\Analysis\Expe1\Garage1\Shareable\2026-06-25--15-00-36.r3d,3156,52.620427458081394,2,2,3-5,4.8515625,4.859375,4.8515625,0.7877689599990845,19246.423635352403,1711.2516003457938,0.08668073414941234,4.5,4.800000000000001
Garage2,Garage,E:\Research\Proximity\Analysis\Expe1\Garage2\Shareable\2026-06-25--15-02-11.r3d,0,0.0,1,1,<3,2.091796875,2.080078125,2.091796875,0.90962153673172,50488.14725867892,1014.6693590960612,0.046502856412103284,2.0,
Garage2,Garage,E:\Research\Proximity\Analysis\Expe1\Garage2\Shareable\2026-06-25--15-02-11.r3d,24,0.4001566250808537,1,1,<3,2.375,2.376953125,2.375,0.8818378448486328,46110.164527222514,557.1588212708549,0.16179129535926237,2.0,
Garage2,Garage,E:\Research\Proximity\Analysis\Expe1\Garage2\Shareable\2026-06-25--15-02-11.r3d,60,1.0003912500105798,1,1,<3,2.947265625,2.951171875,2.947265625,0.8819544315338135,37599.74365399778,1094.9069642022341,0.23255408800005273,2.5,2.9000000000000004
Garage2,Garage,E:\Research\Proximity\Analysis\Expe1\Garage2\Shareable\2026-06-25--15-02-11.r3d,84,1.4005475419107825,1,1,3-5,3.275390625,3.298828125,3.275390625,0.8855903148651123,40389.94162428193,869.6533488056097,0.13997056775111796,3.0,3.2
Garage2,Garage,E:\Research\Proximity\Analysis\Expe1\Garage2\Shareable\2026-06-25--15-02-11.r3d,120,2.0007817500736564,1,1,3-5,3.931640625,3.9609375,3.931640625,0.8842340111732483,40022.53728985414,888.3021343623047,0.14911340907961473,3.5,
Garage2,Garage,E:\Research\Proximity\Analysis\Expe1\Garage2\Shareable\2026-06-25--15-02-11.r3d,144,2.4009379579219967,1,1,3-5,4.2890625,4.31640625,4.2890625,0.8843225836753845,36431.88535294309,950.3104015512139,0.14139176904763784,4.0,
Garage2,Garage,E:\Research\Proximity\Analysis\Expe1\Garage2\Shareable\2026-06-25--15-02-11.r3d,168,2.8010939999949187,1,1,3-5,4.62890625,4.66796875,4.62890625,0.9248294234275818,38064.69251152687,1193.5730315695732,0.12149594076175749,4.5,
Garage2,Garage,E:\Research\Proximity\Analysis\Expe1\Garage2\Shareable\2026-06-25--15-02-11.r3d,216,3.6014061248861253,1,1,>5,5.25,5.28125,5.25,0.8971468210220337,19177.27936412394,1073.5018998966564,0.059211391739049296,5.0,5.2
Garage2,Garage,E:\Research\Proximity\Analysis\Expe1\Garage2\Shareable\2026-06-25--15-02-11.r3d,444,7.402886291965842,1,1,>5,,17.484375,17.484375,0.8212814331054688,13102.603599451482,1228.3755949494948,0.0,17.0,
Garage2,Garage,E:\Research\Proximity\Analysis\Expe1\Garage2\Shareable\2026-06-25--15-02-11.r3d,468,7.803041874896735,1,1,>5,,8.3046875,8.3046875,0.8141403794288635,8134.0560618415475,2143.958346011257,0.0,8.0,
Garage2,Garage,E:\Research\Proximity\Analysis\Expe1\Garage2\Shareable\2026-06-25--15-02-11.r3d,492,8.203197374939919,1,1,>5,,8.4453125,8.4453125,0.722063422203064,5824.689076635987,2062.347252079434,0.0,8.0,
Garage2,Garage,E:\Research\Proximity\Analysis\Expe1\Garage2\Shareable\2026-06-25--15-02-11.r3d,516,8.603353000013158,1,1,>5,,8.9609375,8.9609375,0.8472281694412231,10812.009957119823,1458.6798841633595,0.0,8.5,
Garage2,Garage,E:\Research\Proximity\Analysis\Expe1\Garage2\Shareable\2026-06-25--15-02-11.r3d,552,9.203586291987449,1,1,>5,9.109375,8.65625,9.109375,0.760676920413971,8411.671783756465,1780.5361388359115,0.0012185892853508761,9.0,
Garage2,Garage,E:\Research\Proximity\Analysis\Expe1\Garage2\Shareable\2026-06-25--15-02-11.r3d,648,10.804207999957725,1,1,>5,,13.0859375,13.0859375,0.79732346534729,8198.697414899245,1657.4188125109638,0.0,13.0,
Garage2,Garage,E:\Research\Proximity\Analysis\Expe1\Garage2\Shareable\2026-06-25--15-02-11.r3d,672,11.204363292083144,1,1,>5,,9.8515625,9.8515625,0.8707215189933777,8769.682190879248,2698.1903884246885,0.0,9.5,
Garage2,Garage,E:\Research\Proximity\Analysis\Expe1\Garage2\Shareable\2026-06-25--15-02-11.r3d,912,15.205915041966364,1,1,>5,8.6953125,8.9921875,8.6953125,0.888767421245575,10663.733238615096,1876.1519055058475,0.002500409831637032,8.5,
Garage2,Garage,E:\Research\Proximity\Analysis\Expe1\Garage2\Shareable\2026-06-25--15-02-11.r3d,960,16.006224875105545,1,1,>5,7.5390625,7.55078125,7.5390625,0.8319619297981262,8517.646113736555,2226.797835602899,0.04278189696072325,7.5,
Garage2,Garage,E:\Research\Proximity\Analysis\Expe1\Garage2\Shareable\2026-06-25--15-02-11.r3d,996,16.606457124929875,1,1,>5,6.8671875,6.88671875,6.8671875,0.8701013326644897,13292.257683947682,2006.8621500378176,0.07069785096328622,6.5,
Garage2,Garage,E:\Research\Proximity\Analysis\Expe1\Garage2\Shareable\2026-06-25--15-02-11.r3d,1056,17.606844166992232,1,1,>5,5.6328125,5.65625,5.6328125,0.8756043314933777,14175.140471443534,1760.12466062887,0.11231626962383456,5.5,
Garage2,Garage,E:\Research\Proximity\Analysis\Expe1\Garage2\Shareable\2026-06-25--15-02-11.r3d,1080,18.006998874945566,1,1,>5,5.22265625,5.2265625,5.22265625,0.8871135711669922,27251.14643096924,918.4477897569435,0.006108840321717586,5.0,5.2
Garage2,Garage,E:\Research\Proximity\Analysis\Expe1\Garage2\Shareable\2026-06-25--15-02-11.r3d,1308,21.808466957882047,2,2,>5,5.330078125,5.88671875,5.330078125,0.8768243193626404,35579.35343463905,1421.620377484992,0.02018715207579038,5.0,
Garage2,Garage,E:\Research\Proximity\Analysis\Expe1\Garage2\Shareable\2026-06-25--15-02-11.r3d,1332,22.208621375029907,1,1,3-5,4.14453125,4.1640625,4.14453125,0.8669294714927673,30211.151829108596,1638.9512805288566,0.15809159779080878,4.0,
Garage2,Garage,E:\Research\Proximity\Analysis\Expe1\Garage2\Shareable\2026-06-25--15-02-11.r3d,1356,22.608775625005364,1,1,3-5,3.7734375,3.810546875,3.7734375,0.891627311706543,39462.222005892545,1536.0019549641916,0.15238215432014923,3.5,
Garage2,Garage,E:\Research\Proximity\Analysis\Expe1\Garage2\Shareable\2026-06-25--15-02-11.r3d,1380,23.008930082898587,1,1,3-5,3.31640625,3.337890625,3.31640625,0.9331954717636108,58258.30495905876,1083.481075983124,0.25077516842055625,3.0,
Garage2,Garage,E:\Research\Proximity\Analysis\Expe1\Garage2\Shareable\2026-06-25--15-02-11.r3d,1404,23.40908437501639,1,1,<3,2.98046875,2.978515625,2.98046875,0.906173825263977,42509.59895093925,890.2261019793533,0.18943432182519915,2.5,2.9000000000000004
Garage2,Garage,E:\Research\Proximity\Analysis\Expe1\Garage2\Shareable\2026-06-25--15-02-11.r3d,1428,23.80923862499185,1,1,<3,2.62890625,2.64453125,2.62890625,0.9390770196914673,75572.66461808793,641.9449291673933,0.16614970139475396,2.5,
Garage2,Garage,E:\Research\Proximity\Analysis\Expe1\Garage2\Shareable\2026-06-25--15-02-11.r3d,1452,24.209392958087847,1,1,<3,2.376953125,2.3828125,2.376953125,0.8798856735229492,45210.70851903409,1062.2742256371284,0.07680659662868732,2.0,
Garage2,Garage,E:\Research\Proximity\Analysis\Expe1\Garage2\Shareable\2026-06-25--15-02-11.r3d,1476,24.60954724997282,1,1,<3,2.9140625,2.130859375,2.9140625,0.8884151577949524,71900.59653888177,641.9009607830801,0.1602539136268381,2.5,2.9000000000000004
Garage2,Garage,E:\Research\Proximity\Analysis\Expe1\Garage2\Shareable\2026-06-25--15-02-11.r3d,1704,28.411010999931023,1,1,>5,5.15625,5.16015625,5.15625,0.8439168930053711,18329.53147973679,1303.1525333509844,0.12500264745266296,5.0,5.1000000000000005
Garage2,Garage,E:\Research\Proximity\Analysis\Expe1\Garage2\Shareable\2026-06-25--15-02-11.r3d,1728,28.81116491695866,1,1,>5,6.02734375,6.05078125,6.02734375,0.884777307510376,16630.11327372305,766.7212047350929,0.03417950743063615,6.0,
Garage2,Garage,E:\Research\Proximity\Analysis\Expe1\Garage2\Shareable\2026-06-25--15-02-11.r3d,1764,29.411395832896233,1,1,>5,7.171875,7.1796875,7.171875,0.8107496500015259,10002.185544244945,1287.7489284004553,0.02567538044557687,7.0,
Garage2,Garage,E:\Research\Proximity\Analysis\Expe1\Garage2\Shareable\2026-06-25--15-02-11.r3d,1824,30.411780582973734,1,1,>5,,10.29296875,10.29296875,0.7612518668174744,6978.322141723707,1190.7490346558627,0.0,10.0,
Garage2,Garage,E:\Research\Proximity\Analysis\Expe1\Garage2\Shareable\2026-06-25--15-02-11.r3d,2256,37.61454858304933,1,1,>5,,15.625,15.625,0.7738640904426575,7678.526584524661,1605.6235431558289,0.0,15.5,
Garage2,Garage,E:\Research\Proximity\Analysis\Expe1\Garage2\Shareable\2026-06-25--15-02-11.r3d,2916,48.61877245805226,1,1,>5,,12.4609375,12.4609375,0.8149808645248413,6950.48923170194,2170.414249035048,0.0,12.0,
Garage2,Garage,E:\Research\Proximity\Analysis\Expe1\Garage2\Shareable\2026-06-25--15-02-11.r3d,3000,50.01930983294733,1,1,>5,7.828125,7.83203125,7.828125,0.8558268547058105,7896.657454188913,2912.9771688147503,0.038878670240023415,7.5,
Garage2,Garage,E:\Research\Proximity\Analysis\Expe1\Garage2\Shareable\2026-06-25--15-02-11.r3d,3060,51.019693417008966,1,1,>5,7.3046875,6.48046875,7.3046875,0.8544387817382812,12165.390536785126,2428.767733483378,0.005601373265564565,7.0,
Garage2,Garage,E:\Research\Proximity\Analysis\Expe1\Garage2\Shareable\2026-06-25--15-02-11.r3d,3408,56.82191716693342,1,1,>5,,16.6484375,16.6484375,0.7704542279243469,12343.92312439531,2317.0048886709105,0.0,16.5,
Garage2,Garage,E:\Research\Proximity\Analysis\Expe1\Garage2\Shareable\2026-06-25--15-02-11.r3d,3504,58.42253000009805,1,1,3-5,4.90234375,4.94140625,4.90234375,0.9010696411132812,31035.385148257017,1010.4329686196221,0.09966525866485228,4.5,4.9
Garage2,Garage,E:\Research\Proximity\Analysis\Expe1\Garage2\Shareable\2026-06-25--15-02-11.r3d,3576,59.62298945803195,1,1,3-5,4.8984375,4.91015625,4.8984375,0.8492405414581299,17991.973357187584,1709.0886210447597,0.12449342134934543,4.5,4.800000000000001
Garage2,Garage,E:\Research\Proximity\Analysis\Expe1\Garage2\Shareable\2026-06-25--15-02-11.r3d,3600,60.0231426670216,1,1,>5,5.04296875,5.0703125,5.04296875,0.8642690777778625,30208.586041286588,1857.9232696444678,0.1502506678567606,5.0,5.0
Garage2,Garage,E:\Research\Proximity\Analysis\Expe1\Garage2\Shareable\2026-06-25--15-02-11.r3d,3756,62.62413829192519,2,2,3-5,,4.7734375,4.7734375,0.672082781791687,19952.22915122565,1923.787872012485,0.0,4.5,4.7
Garage2,Garage,E:\Research\Proximity\Analysis\Expe1\Garage2\Shareable\2026-06-25--15-02-11.r3d,3780,63.02429141709581,1,1,3-5,4.05078125,4.07421875,4.05078125,0.8920010328292847,37910.33101001289,1629.6974446793724,0.1966228341467542,4.0,
Garage2,Garage,E:\Research\Proximity\Analysis\Expe1\Garage2\Shareable\2026-06-25--15-02-11.r3d,3804,63.42444458301179,1,1,3-5,3.8359375,3.85546875,3.8359375,0.8738831281661987,36808.19544699043,1648.9710180265624,0.2580036063157236,3.5,
Garage2,Garage,E:\Research\Proximity\Analysis\Expe1\Garage2\Shareable\2026-06-25--15-02-11.r3d,3840,64.0246743329335,1,1,3-5,3.38671875,3.396484375,3.38671875,0.9143031239509583,40689.97855849564,1320.28526918449,0.24292128493421306,3.0,
Garage2,Garage,E:\Research\Proximity\Analysis\Expe1\Garage2\Shareable\2026-06-25--15-02-11.r3d,3864,64.4248274168931,1,1,3-5,3.02734375,3.033203125,3.02734375,0.9335553050041199,53338.26499591023,1026.4104617351823,0.3069145247544711,3.0,3.0
Garage2,Garage,E:\Research\Proximity\Analysis\Expe1\Garage2\Shareable\2026-06-25--15-02-11.r3d,3900,65.02505712490529,1,1,<3,2.375,2.375,2.375,0.9388440251350403,62900.3364594318,1487.2104621276578,0.532017130130085,2.0,
Garage2,Garage,E:\Research\Proximity\Analysis\Expe1\Garage2\Shareable\2026-06-25--15-02-11.r3d,3924,65.42521029198542,1,1,<3,1.9169921875,1.9248046875,1.9169921875,0.9324249625205994,73343.92198265344,835.6863854931526,0.2615004095279926,1.5,
Garage2,Garage,E:\Research\Proximity\Analysis\Expe1\Garage2\Shareable\2026-06-25--15-02-11.r3d,3948,65.82536333310418,1,1,<3,1.4755859375,1.4912109375,1.4755859375,0.9257251024246216,114891.97969799303,866.9026219586078,0.30542110712520376,1.0,
Garage2,Garage,E:\Research\Proximity\Analysis\Expe1\Garage2\Shareable\2026-06-25--15-02-11.r3d,3972,66.22551645804197,1,1,<3,1.1171875,1.1123046875,1.1171875,0.9297531843185425,97423.82320296206,496.82305314867074,0.05361242441307611,1.0,
Garage3,Garage,E:\Research\Proximity\Analysis\Expe1\Garage3\Shareable\2026-06-25--15-04-14.r3d,36,0.6002341671846807,1,1,<3,,2.970703125,2.970703125,0.8636334538459778,26994.017055917066,807.7029271436112,0.0,2.5,2.9000000000000004
Garage3,Garage,E:\Research\Proximity\Analysis\Expe1\Garage3\Shareable\2026-06-25--15-04-14.r3d,60,1.0003901252057403,4,3+,<3,,1.8701171875,1.8701171875,0.7920361757278442,50860.84042978147,872.8963480197449,0.0,1.5,
Garage3,Garage,E:\Research\Proximity\Analysis\Expe1\Garage3\Shareable\2026-06-25--15-04-14.r3d,96,1.6006238751579076,2,2,<3,2.193359375,2.1953125,2.193359375,0.8966205716133118,56508.311610653065,697.5318810239725,0.22414328587959675,2.0,
Garage3,Garage,E:\Research\Proximity\Analysis\Expe1\Garage3\Shareable\2026-06-25--15-04-14.r3d,132,2.2008575000800192,2,2,<3,2.59375,2.595703125,2.59375,0.937455952167511,65191.668884798884,1374.83295403933,0.49108937921691176,2.5,
Garage3,Garage,E:\Research\Proximity\Analysis\Expe1\Garage3\Shareable\2026-06-25--15-04-14.r3d,156,2.6010130420327187,2,2,<3,2.853515625,2.857421875,2.853515625,0.9099153876304626,41380.137880682945,1117.419094249433,0.28328128239868994,2.5,2.8000000000000003
Garage3,Garage,E:\Research\Proximity\Analysis\Expe1\Garage3\Shareable\2026-06-25--15-04-14.r3d,180,3.001168749993667,2,2,3-5,3.138671875,3.1484375,3.138671875,0.8991492986679077,42347.38544506021,959.0121808598101,0.212058094056561,3.0,3.1
Garage3,Garage,E:\Research\Proximity\Analysis\Expe1\Garage3\Shareable\2026-06-25--15-04-14.r3d,204,3.4013241671491414,2,2,3-5,3.443359375,3.4453125,3.443359375,0.9087360501289368,46365.52381391078,887.638597581304,0.20828699542866688,3.0,
Garage3,Garage,E:\Research\Proximity\Analysis\Expe1\Garage3\Shareable\2026-06-25--15-04-14.r3d,240,4.001557417213917,2,2,3-5,3.927734375,3.94140625,3.927734375,0.9097589254379272,38878.92199777253,733.6637602105656,0.1517321690137546,3.5,
Garage3,Garage,E:\Research\Proximity\Analysis\Expe1\Garage3\Shareable\2026-06-25--15-04-14.r3d,264,4.401712750084698,2,2,3-5,4.14453125,4.1484375,4.14453125,0.9251390099525452,41499.828065726906,1321.7381939264337,0.2548721054626195,4.0,
Garage3,Garage,E:\Research\Proximity\Analysis\Expe1\Garage3\Shareable\2026-06-25--15-04-14.r3d,288,4.8018680000677705,2,2,3-5,4.55859375,4.58203125,4.55859375,0.871548056602478,26172.028836362064,1763.2783282290732,0.13236760539061215,4.5,
Garage3,Garage,E:\Research\Proximity\Analysis\Expe1\Garage3\Shareable\2026-06-25--15-04-14.r3d,312,5.202023416990414,1,1,3-5,4.9375,4.94140625,4.9375,0.8996630907058716,23470.406573161483,1691.2391043109808,0.18161556054890962,4.5,4.9
Garage3,Garage,E:\Research\Proximity\Analysis\Expe1\Garage3\Shareable\2026-06-25--15-04-14.r3d,348,5.802256125025451,1,1,>5,5.62109375,5.6328125,5.62109375,0.9156431555747986,19581.626758212224,1840.3274759790913,0.1500938442290544,5.5,
Garage3,Garage,E:\Research\Proximity\Analysis\Expe1\Garage3\Shareable\2026-06-25--15-04-14.r3d,384,6.4024887080304325,1,1,>5,6.27734375,6.28125,6.27734375,0.8836967349052429,14856.881682783365,2155.1623256056137,0.10281129040299322,6.0,
Garage3,Garage,E:\Research\Proximity\Analysis\Expe1\Garage3\Shareable\2026-06-25--15-04-14.r3d,408,6.802643625065684,1,1,>5,6.6484375,6.671875,6.6484375,0.912829577922821,13465.541841253638,1820.2825905321079,0.08023049347131847,6.5,
Garage3,Garage,E:\Research\Proximity\Analysis\Expe1\Garage3\Shareable\2026-06-25--15-04-14.r3d,432,7.202798625221476,1,1,>5,7.06640625,7.08203125,7.06640625,0.8644738793373108,11816.643289731815,1872.3742379831294,0.02330080030228884,7.0,
Garage3,Garage,E:\Research\Proximity\Analysis\Expe1\Garage3\Shareable\2026-06-25--15-04-14.r3d,492,8.203185667051002,1,1,>5,,8.140625,8.140625,0.8474704027175903,8449.41208447516,1633.9093447142343,0.0,8.0,
Garage3,Garage,E:\Research\Proximity\Analysis\Expe1\Garage3\Shareable\2026-06-25--15-04-14.r3d,540,9.0034950831905,1,1,>5,,9.23828125,9.23828125,0.7875865697860718,6512.873245975934,2180.7261629099444,0.0,9.0,
Garage3,Garage,E:\Research\Proximity\Analysis\Expe1\Garage3\Shareable\2026-06-25--15-04-14.r3d,852,14.205503458157182,1,1,>5,9.328125,8.15625,9.328125,0.862937331199646,9022.695160746574,2812.727286186282,0.0029117356442221612,9.0,
Garage3,Garage,E:\Research\Proximity\Analysis\Expe1\Garage3\Shareable\2026-06-25--15-04-14.r3d,876,14.60565770813264,1,1,>5,8.5078125,7.6328125,8.5078125,0.824819803237915,9631.246969560161,3059.088799563339,0.011350826632596381,8.5,
Garage3,Garage,E:\Research\Proximity\Analysis\Expe1\Garage3\Shareable\2026-06-25--15-04-14.r3d,912,15.205889042001218,1,1,>5,7.283203125,7.2109375,7.283203125,0.8689653277397156,11421.981249645352,2497.81558330795,0.02473611456202498,7.0,
Garage3,Garage,E:\Research\Proximity\Analysis\Expe1\Garage3\Shareable\2026-06-25--15-04-14.r3d,948,15.806120333028957,1,1,>5,6.7421875,6.7421875,6.7421875,0.8668947815895081,10737.22132081166,2378.0109470761595,0.06862593665770358,6.5,
Garage3,Garage,E:\Research\Proximity\Analysis\Expe1\Garage3\Shareable\2026-06-25--15-04-14.r3d,1224,20.407890833215788,1,1,>5,5.4453125,5.45703125,5.4453125,0.8929458856582642,17669.08113721758,2279.7970728873993,0.15934810667803226,5.0,
Garage3,Garage,E:\Research\Proximity\Analysis\Expe1\Garage3\Shareable\2026-06-25--15-04-14.r3d,1248,20.808044500183314,1,1,>5,5.0078125,5.01171875,5.0078125,0.89121013879776,29924.516219297424,1742.9760296746563,0.12485081888720814,5.0,5.0
Garage3,Garage,E:\Research\Proximity\Analysis\Expe1\Garage3\Shareable\2026-06-25--15-04-14.r3d,1272,21.208198208129033,1,1,3-5,4.453125,4.46484375,4.453125,0.8622447848320007,33667.51552377641,1470.614348355342,0.2045958022718366,4.0,
Garage3,Garage,E:\Research\Proximity\Analysis\Expe1\Garage3\Shareable\2026-06-25--15-04-14.r3d,1296,21.60835179220885,1,1,3-5,3.751953125,3.80859375,3.751953125,0.882693886756897,42721.42989065498,1554.6758821831163,0.21154276047319603,3.5,
Garage3,Garage,E:\Research\Proximity\Analysis\Expe1\Garage3\Shareable\2026-06-25--15-04-14.r3d,1320,22.008505375124514,1,1,3-5,3.294921875,3.302734375,3.294921875,0.9254034161567688,49448.25184108317,1250.7417574614847,0.30338579921625747,3.0,3.2
Garage3,Garage,E:\Research\Proximity\Analysis\Expe1\Garage3\Shareable\2026-06-25--15-04-14.r3d,1356,22.608735542045906,1,1,<3,2.529296875,2.53125,2.529296875,0.9369507431983948,66938.14163600653,1029.4392454690287,0.32947788774381753,2.5,
Garage3,Garage,E:\Research\Proximity\Analysis\Expe1\Garage3\Shareable\2026-06-25--15-04-14.r3d,1524,25.409808333031833,1,1,3-5,3.037109375,2.9296875,3.037109375,0.9304386973381042,80632.93793532439,591.2141246287179,0.062360477749503214,3.0,3.0
Garage3,Garage,E:\Research\Proximity\Analysis\Expe1\Garage3\Shareable\2026-06-25--15-04-14.r3d,1548,25.809961333172396,1,1,<3,2.2890625,2.30078125,2.2890625,0.8940938711166382,47086.21626889333,848.8102413463535,0.18026191417270104,2.0,
Garage3,Garage,E:\Research\Proximity\Analysis\Expe1\Garage3\Shareable\2026-06-25--15-04-14.r3d,1572,26.210114333080128,1,1,<3,2.64453125,2.646484375,2.64453125,0.8964777588844299,47198.53436334059,925.5635140654173,0.24909493180584483,2.5,
Garage3,Garage,E:\Research\Proximity\Analysis\Expe1\Garage3\Shareable\2026-06-25--15-04-14.r3d,1596,26.61026725010015,1,1,3-5,3.001953125,3.01953125,3.001953125,0.9336712956428528,63925.63722031005,1194.8605220493844,0.2917512817100866,3.0,3.0
Garage3,Garage,E:\Research\Proximity\Analysis\Expe1\Garage3\Shareable\2026-06-25--15-04-14.r3d,1620,27.01042008306831,1,1,3-5,3.4375,3.4453125,3.4375,0.8903834819793701,37594.5932803005,1118.6689539709043,0.1783356131082038,3.0,
Garage3,Garage,E:\Research\Proximity\Analysis\Expe1\Garage3\Shareable\2026-06-25--15-04-14.r3d,1668,27.810725750168785,2,2,<3,2.494140625,2.49609375,2.494140625,0.9317190647125244,49649.62652479112,940.3728843140548,0.23938036500497115,2.0,
Garage3,Garage,E:\Research\Proximity\Analysis\Expe1\Garage3\Shareable\2026-06-25--15-04-14.r3d,1692,28.210878500016406,2,2,<3,2.921875,2.9453125,2.921875,0.900721549987793,57072.090332703665,1175.058907814598,0.05173957596159734,2.5,2.9000000000000004
Garage3,Garage,E:\Research\Proximity\Analysis\Expe1\Garage3\Shareable\2026-06-25--15-04-14.r3d,1716,28.61103120818734,2,2,3-5,3.494140625,3.501953125,3.494140625,0.924858570098877,42780.196747899055,1274.4285821600215,0.17179565105130631,3.0,
Garage3,Garage,E:\Research\Proximity\Analysis\Expe1\Garage3\Shareable\2026-06-25--15-04-14.r3d,1752,29.211260000010952,2,2,3-5,4.24609375,4.26953125,4.24609375,0.8927783370018005,32949.276631087065,1456.6589806841707,0.13767697267574178,4.0,
Garage3,Garage,E:\Research\Proximity\Analysis\Expe1\Garage3\Shareable\2026-06-25--15-04-14.r3d,1788,29.811488792067394,2,2,>5,5.0390625,5.0625,5.0390625,0.8875524401664734,23233.788262968883,1638.848007168628,0.10731313315958073,5.0,5.0
Garage3,Garage,E:\Research\Proximity\Analysis\Expe1\Garage3\Shareable\2026-06-25--15-04-14.r3d,1812,30.211641375208274,2,2,>5,5.59765625,5.625,5.59765625,0.8952240943908691,18941.070781186223,1793.545613003612,0.14397942833158586,5.5,
Garage3,Garage,E:\Research\Proximity\Analysis\Expe1\Garage3\Shareable\2026-06-25--15-04-14.r3d,1848,30.811870083212852,2,2,>5,6.36328125,6.38671875,6.36328125,0.8861462473869324,14683.73161867261,2150.4007099439127,0.08343777632372913,6.0,
Garage3,Garage,E:\Research\Proximity\Analysis\Expe1\Garage3\Shareable\2026-06-25--15-04-14.r3d,1908,31.812251042108983,2,2,>5,7.64453125,7.6640625,7.64453125,0.8369514346122742,10200.519373714924,2192.2219803305597,0.011555510827534369,7.5,
Garage3,Garage,E:\Research\Proximity\Analysis\Expe1\Garage3\Shareable\2026-06-25--15-04-14.r3d,1932,32.212403333047405,2,2,>5,8.0703125,8.1015625,8.0703125,0.8128281831741333,10203.42313510552,1823.640292871529,0.007112839081723917,8.0,
Garage3,Garage,E:\Research\Proximity\Analysis\Expe1\Garage3\Shareable\2026-06-25--15-04-14.r3d,1956,32.61255570803769,2,2,>5,,8.703125,8.703125,0.8146088123321533,6753.9014546871185,1879.5530010845675,0.0,8.5,
Garage3,Garage,E:\Research\Proximity\Analysis\Expe1\Garage3\Shareable\2026-06-25--15-04-14.r3d,1980,33.01270787511021,2,2,>5,,9.328125,9.328125,0.7372779250144958,7672.42295242846,1641.7992395540377,0.0,9.0,
Garage3,Garage,E:\Research\Proximity\Analysis\Expe1\Garage3\Shareable\2026-06-25--15-04-14.r3d,2148,35.81377287511714,1,1,>5,,13.87109375,13.87109375,0.7487755417823792,3270.449353516102,1951.4379848267808,0.0,13.5,
Garage3,Garage,E:\Research\Proximity\Analysis\Expe1\Garage3\Shareable\2026-06-25--15-04-14.r3d,2580,43.0165065000765,2,2,>5,,10.3828125,10.3828125,0.8220366835594177,5844.442737948149,3013.248284868891,0.0,10.0,
Garage3,Garage,E:\Research\Proximity\Analysis\Expe1\Garage3\Shareable\2026-06-25--15-04-14.r3d,2604,43.4166581670288,2,2,>5,,9.87109375,9.87109375,0.8432344198226929,7227.570489244536,2941.7238033726803,0.0,9.5,
Garage3,Garage,E:\Research\Proximity\Analysis\Expe1\Garage3\Shareable\2026-06-25--15-04-14.r3d,2652,44.21696141711436,2,2,>5,8.0390625,8.0859375,8.0390625,0.8342732191085815,9510.727301582694,2834.2509121625967,0.0005673115855333088,8.0,
Garage3,Garage,E:\Research\Proximity\Analysis\Expe1\Garage3\Shareable\2026-06-25--15-04-14.r3d,2676,44.61711308313534,2,2,>5,7.5625,7.5625,7.5625,0.8419737219810486,10376.055870149285,3042.900528896874,0.010449855125330192,7.5,
Garage3,Garage,E:\Research\Proximity\Analysis\Expe1\Garage3\Shareable\2026-06-25--15-04-14.r3d,2700,45.01726462505758,2,2,>5,7.00390625,7.015625,7.00390625,0.8460085391998291,10869.100529383868,3165.677495284167,0.11309128489326953,7.0,
Garage3,Garage,E:\Research\Proximity\Analysis\Expe1\Garage3\Shareable\2026-06-25--15-04-14.r3d,2796,46.61787100019865,2,2,>5,5.05078125,5.0859375,5.05078125,0.8698747754096985,23305.626490741968,2212.7328476886455,0.04017723340360213,5.0,5.0
Garage3,Garage,E:\Research\Proximity\Analysis\Expe1\Garage3\Shareable\2026-06-25--15-04-14.r3d,2820,47.01802250021137,2,2,3-5,4.720703125,4.73046875,4.720703125,0.8723264932632446,26220.189337307587,2028.5133795531688,0.15538642666301017,4.5,4.7
Garage3,Garage,E:\Research\Proximity\Analysis\Expe1\Garage3\Shareable\2026-06-25--15-04-14.r3d,2844,47.418174042133614,2,2,3-5,4.20703125,4.21875,4.20703125,0.8991013765335083,35784.6243246831,1874.263694025674,0.22398770245477312,4.0,
Garage3,Garage,E:\Research\Proximity\Analysis\Expe1\Garage3\Shareable\2026-06-25--15-04-14.r3d,2868,47.81832554214634,2,2,3-5,3.744140625,3.75390625,3.744140625,0.8933659791946411,38494.59007511847,1950.171224157825,0.22739248537966414,3.5,
Garage3,Garage,E:\Research\Proximity\Analysis\Expe1\Garage3\Shareable\2026-06-25--15-04-14.r3d,2892,48.218477042159066,2,2,3-5,3.296875,3.31640625,3.296875,0.8966760635375977,44032.23666112963,1682.243376703813,0.154173260765556,3.0,3.2
Garage3,Garage,E:\Research\Proximity\Analysis\Expe1\Garage3\Shareable\2026-06-25--15-04-14.r3d,2916,48.6186286250595,2,2,<3,2.9013671875,2.9296875,2.9013671875,0.9371049404144287,61229.035236581694,1363.6176837098594,0.23055457671670693,2.5,2.9000000000000004
Garage3,Garage,E:\Research\Proximity\Analysis\Expe1\Garage3\Shareable\2026-06-25--15-04-14.r3d,2940,49.018780125072226,3,3+,<3,2.548828125,2.55859375,2.548828125,0.8723835945129395,50922.106691552326,1087.0726922804815,0.2097838504129521,2.5,
Garage3,Garage,E:\Research\Proximity\Analysis\Expe1\Garage3\Shareable\2026-06-25--15-04-14.r3d,2964,49.41893162508495,2,2,<3,2.1748046875,2.1875,2.1748046875,0.8923600912094116,59515.38730023941,783.5255023076132,0.05233869921461103,2.0,
Garage3,Garage,E:\Research\Proximity\Analysis\Expe1\Garage3\Shareable\2026-06-25--15-04-14.r3d,2988,49.81908308318816,1,1,<3,,2.9814453125,2.9814453125,0.7099605798721313,8358.220460826444,263.50030350463476,0.0,2.5,2.9000000000000004
Garage3,Garage,E:\Research\Proximity\Analysis\Expe1\Garage3\Shareable\2026-06-25--15-04-14.r3d,3228,53.82059845817275,1,1,>5,,9.5859375,9.5859375,0.7619022727012634,6292.288265468553,3431.2913398830606,0.0,9.5,
Garage3,Garage,E:\Research\Proximity\Analysis\Expe1\Garage3\Shareable\2026-06-25--15-04-14.r3d,3336,55.62128070811741,1,1,>5,8.8984375,8.2734375,8.8984375,0.8899117708206177,12423.407109126449,1369.3374951642363,0.0010963867393519653,8.5,
Garage3,Garage,E:\Research\Proximity\Analysis\Expe1\Garage3\Shareable\2026-06-25--15-04-14.r3d,3372,56.22150816721842,1,1,>5,,9.5859375,9.5859375,0.7819045782089233,10672.904207512736,1675.9177591293972,0.0,9.5,
Garage3,Garage,E:\Research\Proximity\Analysis\Expe1\Garage3\Shareable\2026-06-25--15-04-14.r3d,3420,57.02181150019169,2,2,3-5,4.703125,4.7109375,4.703125,0.8836864829063416,32326.914688118733,1535.4122589315687,0.09603295370885374,4.5,4.7
Garage3,Garage,E:\Research\Proximity\Analysis\Expe1\Garage3\Shareable\2026-06-25--15-04-14.r3d,3456,57.62203895812854,2,2,3-5,4.9609375,4.96875,4.9609375,0.8764761090278625,22241.092454522848,1256.6313313129435,0.10438067884565778,4.5,4.9
Garage3,Garage,E:\Research\Proximity\Analysis\Expe1\Garage3\Shareable\2026-06-25--15-04-14.r3d,3480,58.02219058317132,2,2,>5,5.19140625,5.205078125,5.19140625,0.8901282548904419,26976.410803869367,858.0660771410624,0.03298533353838013,5.0,5.1000000000000005
Garage3,Garage,E:\Research\Proximity\Analysis\Expe1\Garage3\Shareable\2026-06-25--15-04-14.r3d,3588,59.82287250016816,1,1,>5,6.296875,6.30859375,6.296875,0.8364854454994202,11786.542483069003,1646.2899734650093,0.0896209460214145,6.0,
Garage4,Garage,E:\Research\Proximity\Analysis\Expe1\Garage4\Shareable\2026-06-25--15-06-13.r3d,114,3.8014624170027673,2,2,<3,,2.041015625,2.041015625,0.9120753407478333,69464.79272688925,742.8267159747685,0.0,2.0,
Garage4,Garage,E:\Research\Proximity\Analysis\Expe1\Garage4\Shareable\2026-06-25--15-06-13.r3d,132,4.401693334104493,2,2,<3,1.7939453125,1.810546875,1.7939453125,0.8669652342796326,65758.3209840469,660.9398881293745,0.21206249795120313,1.5,
Garage4,Garage,E:\Research\Proximity\Analysis\Expe1\Garage4\Shareable\2026-06-25--15-06-13.r3d,144,4.801847208989784,2,2,<3,2.3671875,2.376953125,2.3671875,0.9251383543014526,69030.04672562331,861.2635553402973,0.18089380922499218,2.0,
Garage4,Garage,E:\Research\Proximity\Analysis\Expe1\Garage4\Shareable\2026-06-25--15-06-13.r3d,162,5.402078000130132,2,2,<3,2.44140625,2.451171875,2.44140625,0.9352498054504395,73348.72133907024,1140.4290687951295,0.3937667364493058,2.0,
Garage4,Garage,E:\Research\Proximity\Analysis\Expe1\Garage4\Shareable\2026-06-25--15-06-13.r3d,174,5.802231917157769,2,2,<3,2.7578125,2.76171875,2.7578125,0.9392415881156921,56970.99650636315,1184.8778287145742,0.3320924759452565,2.5,2.7
Garage4,Garage,E:\Research\Proximity\Analysis\Expe1\Garage4\Shareable\2026-06-25--15-06-13.r3d,186,6.202385833952576,2,2,3-5,3.0859375,3.087890625,3.0859375,0.9038271903991699,44072.91566754412,946.9437926830637,0.25000784053070096,3.0,3.0
Garage4,Garage,E:\Research\Proximity\Analysis\Expe1\Garage4\Shareable\2026-06-25--15-06-13.r3d,204,6.802616833942011,2,2,3-5,3.578125,3.5859375,3.578125,0.8821667432785034,39527.98940076493,995.2335867874905,0.20248232232501046,3.5,
Garage4,Garage,E:\Research\Proximity\Analysis\Expe1\Garage4\Shareable\2026-06-25--15-06-13.r3d,216,7.202770750038326,2,2,3-5,3.923828125,3.939453125,3.923828125,0.9050577878952026,39386.577931763604,881.2881447291935,0.13539285212490626,3.5,
Garage4,Garage,E:\Research\Proximity\Analysis\Expe1\Garage4\Shareable\2026-06-25--15-06-13.r3d,228,7.602924792096019,2,2,3-5,4.34375,4.359375,4.34375,0.9202275276184082,36531.56352607347,1049.6111205788375,0.14338836443587863,4.0,
Garage4,Garage,E:\Research\Proximity\Analysis\Expe1\Garage4\Shareable\2026-06-25--15-06-13.r3d,240,8.003078834153712,2,2,3-5,4.6328125,4.640625,4.6328125,0.8835379481315613,30159.733736858703,1293.0694574079891,0.15452852917382798,4.5,
Garage4,Garage,E:\Research\Proximity\Analysis\Expe1\Garage4\Shareable\2026-06-25--15-06-13.r3d,258,8.603309834143147,2,2,>5,5.14453125,5.158203125,5.14453125,0.9072805643081665,21151.62347227335,1584.3062340761633,0.14398334989209585,5.0,5.1000000000000005
Garage4,Garage,E:\Research\Proximity\Analysis\Expe1\Garage4\Shareable\2026-06-25--15-06-13.r3d,282,9.40361783397384,3,3+,>5,5.8671875,5.87890625,5.8671875,0.9221401214599609,16795.263771764934,1888.5743459529876,0.10654823004497926,5.5,
Garage4,Garage,E:\Research\Proximity\Analysis\Expe1\Garage4\Shareable\2026-06-25--15-06-13.r3d,306,10.203925749985501,3,3+,>5,7.40234375,6.244140625,7.40234375,0.5884935855865479,18226.515759564936,1708.4988531993831,0.011820274446823332,7.0,
Garage4,Garage,E:\Research\Proximity\Analysis\Expe1\Garage4\Shareable\2026-06-25--15-06-13.r3d,336,11.204310875153169,3,3+,>5,5.34765625,5.35546875,5.34765625,0.8462837934494019,14756.398471020162,1287.2358683175478,0.060375562752391906,5.0,
Garage4,Garage,E:\Research\Proximity\Analysis\Expe1\Garage4\Shareable\2026-06-25--15-06-13.r3d,354,11.804542083991691,4,3+,>5,5.0859375,5.12109375,5.0859375,0.7844749689102173,17862.85039924085,1728.2515238982794,0.05529807530544027,5.0,5.0
Garage4,Garage,E:\Research\Proximity\Analysis\Expe1\Garage4\Shareable\2026-06-25--15-06-13.r3d,384,12.80492720915936,3,3+,>5,,6.81640625,6.81640625,0.8232758641242981,15724.94128920883,1480.798329078482,0.0,6.5,
Garage4,Garage,E:\Research\Proximity\Analysis\Expe1\Garage4\Shareable\2026-06-25--15-06-13.r3d,396,13.205081291962415,2,2,>5,,8.8984375,8.8984375,0.768246054649353,7610.9324585888535,1912.3875581817308,0.0,8.5,
Garage4,Garage,E:\Research\Proximity\Analysis\Expe1\Garage4\Shareable\2026-06-25--15-06-13.r3d,426,14.205466584069654,2,2,>5,,9.71875,9.71875,0.7276435494422913,5793.242345172912,1960.8859373788525,0.0,9.5,
Garage4,Garage,E:\Research\Proximity\Analysis\Expe1\Garage4\Shareable\2026-06-25--15-06-13.r3d,444,14.805697791976854,2,2,>5,,9.8828125,9.8828125,0.8032088279724121,5402.2442235946655,2414.6207771180248,0.0,9.5,
Garage4,Garage,E:\Research\Proximity\Analysis\Expe1\Garage4\Shareable\2026-06-25--15-06-13.r3d,456,15.205851959064603,2,2,>5,,10.20703125,10.20703125,0.8010688424110413,5038.094677738845,1449.181661659616,0.0,10.0,
Garage4,Garage,E:\Research\Proximity\Analysis\Expe1\Garage4\Shareable\2026-06-25--15-06-13.r3d,474,15.80608320911415,2,2,>5,,10.0546875,10.0546875,0.8983668088912964,6311.875390847214,2266.3675481095356,0.0,10.0,
Garage4,Garage,E:\Research\Proximity\Analysis\Expe1\Garage4\Shareable\2026-06-25--15-06-13.r3d,498,16.60639158403501,2,2,>5,,14.8203125,14.8203125,0.7639978528022766,4531.061147840694,2134.4500358308387,0.0,14.5,
Garage4,Garage,E:\Research\Proximity\Analysis\Expe1\Garage4\Shareable\2026-06-25--15-06-13.r3d,516,17.20662287506275,2,2,>5,,15.4921875,15.4921875,0.7793232798576355,4490.628411993384,2131.506764259552,0.0,15.0,
Garage4,Garage,E:\Research\Proximity\Analysis\Expe1\Garage4\Shareable\2026-06-25--15-06-13.r3d,534,17.806854084134102,2,2,>5,,15.7734375,15.7734375,0.7647789120674133,5462.751814059913,1943.4505989749653,0.0,15.5,
Garage4,Garage,E:\Research\Proximity\Analysis\Expe1\Garage4\Shareable\2026-06-25--15-06-13.r3d,546,18.20700841699727,1,1,>5,,13.45703125,13.45703125,0.8038253784179688,4508.613016605377,2802.128524343622,0.0,13.0,
Garage4,Garage,E:\Research\Proximity\Analysis\Expe1\Garage4\Shareable\2026-06-25--15-06-13.r3d,588,19.60754816699773,1,1,>5,,10.734375,10.734375,0.7642664313316345,3932.9564324039966,2983.293473123318,0.0,10.5,
Garage4,Garage,E:\Research\Proximity\Analysis\Expe1\Garage4\Shareable\2026-06-25--15-06-13.r3d,612,20.407856750069186,2,2,>5,,10.671875,10.671875,0.8173455595970154,5825.951653473079,2927.9875772816727,0.0,10.5,
Garage4,Garage,E:\Research\Proximity\Analysis\Expe1\Garage4\Shareable\2026-06-25--15-06-13.r3d,630,21.00808829208836,3,3+,>5,6.236328125,5.26953125,6.236328125,0.8775196671485901,24939.214478082955,1088.153837028611,0.004581969640449009,6.0,
Garage4,Garage,E:\Research\Proximity\Analysis\Expe1\Garage4\Shareable\2026-06-25--15-06-13.r3d,642,21.408242458943278,3,3+,>5,5.22265625,5.2421875,5.22265625,0.8887078166007996,30460.604698866606,732.2309754159958,0.03278698232990605,5.0,5.2
Garage4,Garage,E:\Research\Proximity\Analysis\Expe1\Garage4\Shareable\2026-06-25--15-06-13.r3d,654,21.808396792039275,3,3+,>5,5.1796875,5.21875,5.1796875,0.9082385301589966,29218.7281882111,1036.1181332360327,0.03770515432309694,5.0,5.1000000000000005
Garage4,Garage,E:\Research\Proximity\Analysis\Expe1\Garage4\Shareable\2026-06-25--15-06-13.r3d,666,22.20855108415708,3,3+,>5,5.08984375,5.125,5.08984375,0.8523767590522766,16032.323738694191,1537.6176979797979,0.06540611578433313,5.0,5.0
Garage4,Garage,E:\Research\Proximity\Analysis\Expe1\Garage4\Shareable\2026-06-25--15-06-13.r3d,678,22.60870537511073,3,3+,3-5,4.79296875,4.8203125,4.79296875,0.8808273673057556,26973.723799696192,798.500887816177,0.05534967840154973,4.5,4.7
Garage4,Garage,E:\Research\Proximity\Analysis\Expe1\Garage4\Shareable\2026-06-25--15-06-13.r3d,690,23.008859750116244,2,2,3-5,4.75390625,4.76171875,4.75390625,0.8976424932479858,36605.15286695212,1248.0747890987097,0.09031467977689905,4.5,4.7
Garage4,Garage,E:\Research\Proximity\Analysis\Expe1\Garage4\Shareable\2026-06-25--15-06-13.r3d,708,23.609091209014878,3,3+,3-5,4.46875,4.48828125,4.46875,0.8979498744010925,40382.87894583866,1571.7739970134162,0.06975646581874062,4.0,
Garage4,Garage,E:\Research\Proximity\Analysis\Expe1\Garage4\Shareable\2026-06-25--15-06-13.r3d,732,24.40939991711639,2,2,>5,6.125,6.13671875,6.125,0.8959388136863708,17236.315222408623,2723.0122995504,0.09731161124386295,6.0,
Garage4,Garage,E:\Research\Proximity\Analysis\Expe1\Garage4\Shareable\2026-06-25--15-06-13.r3d,744,24.809554292121902,2,2,>5,5.69140625,5.6953125,5.69140625,0.890631914138794,17575.603835675865,2438.7421692731755,0.1354916539208281,5.5,
Garage4,Garage,E:\Research\Proximity\Analysis\Expe1\Garage4\Shareable\2026-06-25--15-06-13.r3d,756,25.20970854209736,2,2,>5,5.28515625,5.29296875,5.28515625,0.9069138765335083,25395.610560122877,2187.6369803087327,0.10234221640896773,5.0,5.2
Garage4,Garage,E:\Research\Proximity\Analysis\Expe1\Garage4\Shareable\2026-06-25--15-06-13.r3d,774,25.809940292034298,2,2,3-5,4.58984375,4.61328125,4.58984375,0.8738026022911072,27326.354379331693,1990.04305988425,0.2362430698894251,4.5,
Garage4,Garage,E:\Research\Proximity\Analysis\Expe1\Garage4\Shareable\2026-06-25--15-06-13.r3d,786,26.210094584152102,2,2,3-5,4.19921875,4.19921875,4.19921875,0.8861276507377625,43332.22923890501,1909.7657733643364,0.2623928552503584,4.0,
Garage4,Garage,E:\Research\Proximity\Analysis\Expe1\Garage4\Shareable\2026-06-25--15-06-13.r3d,798,26.610248875105754,2,2,3-5,3.7353515625,3.677734375,3.7353515625,0.8629786372184753,41020.843102902174,1984.4130769232113,0.008217452002001635,3.5,
Garage4,Garage,E:\Research\Proximity\Analysis\Expe1\Garage4\Shareable\2026-06-25--15-06-13.r3d,810,27.01040333416313,2,2,3-5,3.271484375,3.267578125,3.271484375,0.9021090865135193,42957.700778561644,1465.3345013240921,0.2572915938855295,3.0,3.2
Garage4,Garage,E:\Research\Proximity\Analysis\Expe1\Garage4\Shareable\2026-06-25--15-06-13.r3d,828,27.61063504195772,2,2,<3,2.78515625,2.779296875,2.78515625,0.8961719870567322,57632.716839221306,1230.7785636476488,0.2652960136881228,2.5,2.7
Garage4,Garage,E:\Research\Proximity\Analysis\Expe1\Garage4\Shareable\2026-06-25--15-06-13.r3d,840,28.010789416963235,2,2,<3,2.869140625,2.873046875,2.869140625,0.9332433342933655,63364.29974627495,850.5939706185967,0.2706840895984092,2.5,2.8000000000000003
Garage4,Garage,E:\Research\Proximity\Analysis\Expe1\Garage4\Shareable\2026-06-25--15-06-13.r3d,852,28.410943916998804,2,2,<3,2.490234375,2.4873046875,2.490234375,0.9493816494941711,67488.94926192984,802.6419471319124,0.2518426893649697,2.0,
Garage4,Garage,E:\Research\Proximity\Analysis\Expe1\Garage4\Shareable\2026-06-25--15-06-13.r3d,864,28.811098375124857,1,1,<3,1.962890625,1.9423828125,1.962890625,0.9196000099182129,96265.99917669222,1025.6162477217113,0.2735239765714461,1.5,
Garage4,Garage,E:\Research\Proximity\Analysis\Expe1\Garage4\Shareable\2026-06-25--15-06-13.r3d,882,29.41133000003174,1,1,<3,1.1904296875,1.14453125,1.1904296875,0.9441204071044922,116136.56835398823,626.8688844582089,0.02218703046074695,1.0,
Garage4,Garage,E:\Research\Proximity\Analysis\Expe1\Garage4\Shareable\2026-06-25--15-06-13.r3d,894,29.811484459089115,1,1,>5,,6.732421875,6.732421875,0.9227138757705688,97961.07993274927,706.6581496232958,0.0,6.5,
Garage4,Garage,E:\Research\Proximity\Analysis\Expe1\Garage4\Shareable\2026-06-25--15-06-13.r3d,948,31.61217979202047,1,1,<3,0.62841796875,0.61865234375,0.62841796875,0.9031575918197632,198088.21967501566,568.8162268525955,0.19574706163227815,0.5,
Garage4,Garage,E:\Research\Proximity\Analysis\Expe1\Garage4\Shareable\2026-06-25--15-06-13.r3d,960,32.01233416702598,2,2,<3,0.7294921875,0.74365234375,0.7294921875,0.9436677694320679,118781.53310020268,300.2720206478201,0.0863741353999095,0.5,
Garage4,Garage,E:\Research\Proximity\Analysis\Expe1\Garage4\Shareable\2026-06-25--15-06-13.r3d,972,32.41248862515204,1,1,<3,0.8916015625,0.90185546875,0.8916015625,0.9255442023277283,143544.09686786495,514.6766545548587,0.1815061611323699,0.5,
Garage4,Garage,E:\Research\Proximity\Analysis\Expe1\Garage4\Shareable\2026-06-25--15-06-13.r3d,984,32.81264316709712,2,2,<3,1.1474609375,1.1484375,1.1474609375,0.9262549877166748,81605.73960728478,229.10493214680702,0.08085832411108063,1.0,
Garage4,Garage,E:\Research\Proximity\Analysis\Expe1\Garage4\Shareable\2026-06-25--15-06-13.r3d,1002,33.412874875124544,3,3+,<3,1.5830078125,1.5849609375,1.5830078125,0.9240272045135498,67750.11500102724,266.035022936924,0.08765778544809733,1.5,
Garage4,Garage,E:\Research\Proximity\Analysis\Expe1\Garage4\Shareable\2026-06-25--15-06-13.r3d,1014,33.81302937516011,3,3+,<3,1.94921875,1.9521484375,1.94921875,0.9340635538101196,80630.2056694706,451.1319947853865,0.1284487197469849,1.5,
Garage4,Garage,E:\Research\Proximity\Analysis\Expe1\Garage4\Shareable\2026-06-25--15-06-13.r3d,1026,34.21318379207514,3,3+,<3,2.45703125,2.458984375,2.45703125,0.9333257079124451,54945.57826624438,600.364890801133,0.19107067947808196,2.0,
Garage4,Garage,E:\Research\Proximity\Analysis\Expe1\Garage4\Shareable\2026-06-25--15-06-13.r3d,1044,34.81341558415443,3,3+,3-5,3.21484375,3.216796875,3.21484375,0.9328882694244385,47999.619764048606,1015.5634640540896,0.3116939667679907,3.0,3.2
Garage4,Garage,E:\Research\Proximity\Analysis\Expe1\Garage4\Shareable\2026-06-25--15-06-13.r3d,1056,35.21357004204765,3,3+,3-5,3.67578125,3.67578125,3.67578125,0.9061850905418396,42498.71785179712,1235.280934929173,0.28636289900989936,3.5,
Garage4,Garage,E:\Research\Proximity\Analysis\Expe1\Garage4\Shareable\2026-06-25--15-06-13.r3d,1068,35.61372454208322,3,3+,3-5,4.15625,4.16015625,4.15625,0.8829202651977539,34392.15411502076,1221.8094795516147,0.18945719868362454,4.0,
Garage4,Garage,E:\Research\Proximity\Analysis\Expe1\Garage4\Shareable\2026-06-25--15-06-13.r3d,1086,36.21395645895973,2,2,3-5,4.90234375,4.90625,4.90234375,0.8968168497085571,27264.94924686849,1271.3364301519393,0.19319583840509744,4.5,4.9
Garage4,Garage,E:\Research\Proximity\Analysis\Expe1\Garage4\Shareable\2026-06-25--15-06-13.r3d,1128,37.61449712514877,2,2,>5,8.109375,6.828125,8.109375,0.8924393653869629,15692.487062036991,1362.9045829932911,0.014591140187198792,8.0,
Garage4,Garage,E:\Research\Proximity\Analysis\Expe1\Garage4\Shareable\2026-06-25--15-06-13.r3d,1242,41.41596420900896,4,3+,>5,,7.15234375,7.15234375,0.561474084854126,15371.585367321968,2152.1749235324482,0.0,7.0,
Garage4,Garage,E:\Research\Proximity\Analysis\Expe1\Garage4\Shareable\2026-06-25--15-06-13.r3d,1296,43.21665891702287,3,3+,3-5,4.4609375,4.48046875,4.4609375,0.8938551545143127,35104.24774662405,1927.0148289047697,0.03554067828080973,4.0,
Garage4,Garage,E:\Research\Proximity\Analysis\Expe1\Garage4\Shareable\2026-06-25--15-06-13.r3d,1308,43.6168133339379,3,3+,3-5,3.939453125,3.951171875,3.939453125,0.8741892576217651,40563.97843336314,2094.8160453569653,0.054920745686305436,3.5,
Garage4,Garage,E:\Research\Proximity\Analysis\Expe1\Garage4\Shareable\2026-06-25--15-06-13.r3d,1326,44.217044834047556,3,3+,3-5,3.197265625,3.20703125,3.197265625,0.932836651802063,49526.11931251362,1962.840325688829,0.35979036593382513,3.0,3.1
Garage4,Garage,E:\Research\Proximity\Analysis\Expe1\Garage4\Shareable\2026-06-25--15-06-13.r3d,1338,44.61719920905307,3,3+,<3,2.642578125,2.61328125,2.642578125,0.8871281147003174,59625.174460949376,1727.4814800613542,0.0926563821957434,2.5,
Garage4,Garage,E:\Research\Proximity\Analysis\Expe1\Garage4\Shareable\2026-06-25--15-06-13.r3d,1350,45.017353625036776,3,3+,<3,2.0546875,2.056640625,2.0546875,0.9301977753639221,71911.17417903244,968.31772684516,0.23231470382911443,2.0,
Garage4,Garage,E:\Research\Proximity\Analysis\Expe1\Garage4\Shareable\2026-06-25--15-06-13.r3d,1362,45.417507959064096,3,3+,<3,,1.55615234375,1.55615234375,0.9153851866722107,48607.400053124875,819.8526277029501,0.0,1.5,
Garage4,Garage,E:\Research\Proximity\Analysis\Expe1\Garage4\Shareable\2026-06-25--15-06-13.r3d,1386,46.21781679196283,2,2,>5,,11.02734375,11.02734375,0.8882787823677063,10157.640654880553,721.8124379183168,0.0,11.0,
Garage4,Garage,E:\Research\Proximity\Analysis\Expe1\Garage4\Shareable\2026-06-25--15-06-13.r3d,1428,47.61835708399303,2,2,>5,7.5078125,7.5625,7.5078125,0.8511131405830383,10351.682259751484,3039.769803580793,0.03786455719453401,7.5,
Garage4,Garage,E:\Research\Proximity\Analysis\Expe1\Garage4\Shareable\2026-06-25--15-06-13.r3d,1500,50.01928341714665,2,2,>5,5.078125,5.078125,5.078125,0.8878486752510071,26697.149759448133,2236.5788584814813,0.26680026000005386,5.0,5.0
Garage4,Garage,E:\Research\Proximity\Analysis\Expe1\Garage4\Shareable\2026-06-25--15-06-13.r3d,1512,50.419437792152166,3,3+,3-5,4.58984375,4.60546875,4.58984375,0.8712546825408936,28212.100542388856,2320.3106025688626,0.18964572716157485,4.5,
Garage4,Garage,E:\Research\Proximity\Analysis\Expe1\Garage4\Shareable\2026-06-25--15-06-13.r3d,1530,51.01966937514953,3,3+,<3,2.599609375,2.609375,2.599609375,0.9311812520027161,70046.06086711399,872.4380622690434,0.26021069865747376,2.5,
Garage4,Garage,E:\Research\Proximity\Analysis\Expe1\Garage4\Shareable\2026-06-25--15-06-13.r3d,1542,51.41982383397408,3,3+,3-5,3.515625,3.53125,3.515625,0.9096779823303223,45313.9326628251,1994.715810326232,0.2176776161031549,3.5,
Garage4,Garage,E:\Research\Proximity\Analysis\Expe1\Garage4\Shareable\2026-06-25--15-06-13.r3d,1560,52.02005529194139,3,3+,<3,2.876953125,2.884765625,2.876953125,0.9137560129165649,58648.385724023916,1359.9574994873128,0.10546954870990852,2.5,2.8000000000000003
Garage4,Garage,E:\Research\Proximity\Analysis\Expe1\Garage4\Shareable\2026-06-25--15-06-13.r3d,1572,52.4202096669469,3,3+,<3,2.52734375,2.533203125,2.52734375,0.9216616153717041,70258.74943829747,1242.5456534835057,0.41077130993293026,2.5,
Garage4,Garage,E:\Research\Proximity\Analysis\Expe1\Garage4\Shareable\2026-06-25--15-06-13.r3d,1584,52.82036416698247,3,3+,<3,2.16796875,2.142578125,2.16796875,0.8994067907333374,57125.50701254886,767.1978135137474,0.10988618802498037,2.0,
Garage4,Garage,E:\Research\Proximity\Analysis\Expe1\Garage4\Shareable\2026-06-25--15-06-13.r3d,1596,53.220518541987985,3,3+,<3,2.787109375,2.791015625,2.787109375,0.9289138913154602,61025.9904710087,894.5839362532417,0.3166330836016057,2.5,2.7
Garage4,Garage,E:\Research\Proximity\Analysis\Expe1\Garage4\Shareable\2026-06-25--15-06-13.r3d,1614,53.820750209037215,2,2,<3,2.078125,2.0859375,2.078125,0.9363817572593689,84718.63470306667,736.991963630833,0.2629513675363412,2.0,
Garage4,Garage,E:\Research\Proximity\Analysis\Expe1\Garage4\Shareable\2026-06-25--15-06-13.r3d,1626,54.22090454213321,2,2,<3,1.65625,1.650390625,1.65625,0.9347461462020874,106393.09011466336,594.5315515120473,0.16940191486365452,1.5,
Garage4,Garage,E:\Research\Proximity\Analysis\Expe1\Garage4\Shareable\2026-06-25--15-06-13.r3d,1638,54.62105912505649,2,2,<3,1.30078125,1.298828125,1.30078125,0.9351128935813904,131541.45326344296,442.9607930560273,0.12626385876298818,1.0,
Garage4,Garage,E:\Research\Proximity\Analysis\Expe1\Garage4\Shareable\2026-06-25--15-06-13.r3d,1650,55.02121354197152,2,2,<3,1.01708984375,1.0205078125,1.01708984375,0.9181010723114014,107593.09201433882,678.4953821501588,0.18203702705711,1.0,
Garage4,Garage,E:\Research\Proximity\Analysis\Expe1\Garage4\Shareable\2026-06-25--15-06-13.r3d,1662,55.42136787506752,1,1,<3,0.97412109375,0.9853515625,0.97412109375,0.9359222054481506,114396.36858629063,306.7562468335038,0.109393849301792,0.5,
Garage4,Garage,E:\Research\Proximity\Analysis\Expe1\Garage4\Shareable\2026-06-25--15-06-13.r3d,1674,55.82152229198255,2,2,<3,1.2822265625,1.263671875,1.2822265625,0.9374921917915344,138989.7181495428,833.8970385187064,0.23830316762792608,1.0,
Garage4,Garage,E:\Research\Proximity\Analysis\Expe1\Garage4\Shareable\2026-06-25--15-06-13.r3d,1686,56.2216767501086,3,3+,<3,1.693359375,1.662109375,1.693359375,0.9389857053756714,106304.49688482471,638.2261131686184,0.082244077602938,1.5,
Garage4,Garage,E:\Research\Proximity\Analysis\Expe1\Garage4\Shareable\2026-06-25--15-06-13.r3d,1698,56.62183116702363,3,3+,<3,2.134765625,2.0625,2.134765625,0.9390453100204468,83312.65173306316,620.2867867574605,0.00013975074541944853,2.0,
Garage4,Garage,E:\Research\Proximity\Analysis\Expe1\Garage4\Shareable\2026-06-25--15-06-13.r3d,1710,57.02198562514968,3,3+,<3,2.513671875,2.49609375,2.513671875,0.9368526935577393,77250.44512204081,691.4689423982963,0.03186199053540546,2.5,
Garage4,Garage,E:\Research\Proximity\Analysis\Expe1\Garage4\Shareable\2026-06-25--15-06-13.r3d,1728,57.62221737508662,3,3+,3-5,,3.05078125,3.05078125,0.9079433083534241,51741.884243611246,687.0732618897915,0.0,3.0,3.0
Garage4,Garage,E:\Research\Proximity\Analysis\Expe1\Garage4\Shareable\2026-06-25--15-06-13.r3d,1740,58.022371750092134,3,3+,3-5,,3.498046875,3.498046875,0.907227635383606,43965.298505913466,705.0443016502485,0.0,3.0,
Garage4,Garage,E:\Research\Proximity\Analysis\Expe1\Garage4\Shareable\2026-06-25--15-06-13.r3d,1752,58.4225262501277,2,2,3-5,3.48828125,3.505859375,3.48828125,0.917344868183136,46944.29735272098,1159.557576950719,0.22905219932935342,3.0,
Garage4,Garage,E:\Research\Proximity\Analysis\Expe1\Garage4\Shareable\2026-06-25--15-06-13.r3d,1764,58.822680625133216,2,2,3-5,3.873046875,3.875,3.873046875,0.8959134817123413,39182.19087430835,658.0105169651056,0.12163888014753368,3.5,
Garage4,Garage,E:\Research\Proximity\Analysis\Expe1\Garage4\Shareable\2026-06-25--15-06-13.r3d,1776,59.222835124935955,3,3+,3-5,4.1875,4.203125,4.1875,0.8859031200408936,32953.30270931125,1235.9907081327872,0.14948195135309278,4.0,
Garage4,Garage,E:\Research\Proximity\Analysis\Expe1\Garage4\Shareable\2026-06-25--15-06-13.r3d,1788,59.62298966711387,3,3+,3-5,4.5078125,4.51171875,4.5078125,0.8797541260719299,26741.067751809955,1518.761330647734,0.13335804771902066,4.5,
Garage4,Garage,E:\Research\Proximity\Analysis\Expe1\Garage4\Shareable\2026-06-25--15-06-13.r3d,1800,60.023144042119384,2,2,3-5,4.91015625,4.9140625,4.91015625,0.8921610713005066,22625.738652782515,1493.9899999268364,0.10872888436531149,4.5,4.9
Garage4,Garage,E:\Research\Proximity\Analysis\Expe1\Garage4\Shareable\2026-06-25--15-06-13.r3d,1812,60.42329858406447,2,2,>5,5.16015625,5.16796875,5.16015625,0.8748904466629028,23323.920345742255,1640.9354313658432,0.14509756883430178,5.0,5.1000000000000005
Garage4,Garage,E:\Research\Proximity\Analysis\Expe1\Garage4\Shareable\2026-06-25--15-06-13.r3d,1824,60.82345304195769,2,2,>5,5.54296875,5.55859375,5.54296875,0.9046865105628967,20489.38594274409,2054.5543091852496,0.14214807703834972,5.5,
Garage4,Garage,E:\Research\Proximity\Analysis\Expe1\Garage4\Shareable\2026-06-25--15-06-13.r3d,1842,61.423684834036976,2,2,>5,6.16015625,6.171875,6.16015625,0.8767844438552856,15342.845256401226,2134.6303636100283,0.10462765570891845,6.0,
Garage4,Garage,E:\Research\Proximity\Analysis\Expe1\Garage4\Shareable\2026-06-25--15-06-13.r3d,1854,61.82383929216303,2,2,>5,6.5,6.51953125,6.5,0.8045429587364197,12180.000691458583,2128.0109560240867,0.06613388395544305,6.5,
Garage4,Garage,E:\Research\Proximity\Analysis\Expe1\Garage4\Shareable\2026-06-25--15-06-13.r3d,1866,62.223993834108114,3,3+,>5,6.8359375,6.890625,6.8359375,0.6378974914550781,11521.62858903408,1929.6668193104767,0.006201940184346339,6.5,
Garage4,Garage,E:\Research\Proximity\Analysis\Expe1\Garage4\Shareable\2026-06-25--15-06-13.r3d,1878,62.62414825009182,1,1,>5,,7.18359375,7.18359375,0.7372291088104248,10298.147434003651,1855.1129893522102,0.0,7.0,
Garage4,Garage,E:\Research\Proximity\Analysis\Expe1\Garage4\Shareable\2026-06-25--15-06-13.r3d,1914,63.82461187499575,2,2,>5,9.4609375,8.2578125,9.4609375,0.8387029767036438,9688.39554939419,1579.1438591970743,0.0019860261046998383,9.0,
Garage4,Garage,E:\Research\Proximity\Analysis\Expe1\Garage4\Shareable\2026-06-25--15-06-13.r3d,1980,66.02546179201454,2,2,>5,8.28125,8.33203125,8.28125,0.9002026915550232,9889.609030410647,1105.1104148071588,0.011218089277421942,8.0,
Garage4,Garage,E:\Research\Proximity\Analysis\Expe1\Garage4\Shareable\2026-06-25--15-06-13.r3d,1992,66.42561633395962,2,2,>5,7.6796875,7.76953125,7.6796875,0.8781821131706238,10021.200797975063,1359.1784080395355,0.016323412838512213,7.5,
Garage4,Garage,E:\Research\Proximity\Analysis\Expe1\Garage4\Shareable\2026-06-25--15-06-13.r3d,2010,67.02584820915945,2,2,>5,7.0546875,7.06640625,7.0546875,0.8972030282020569,12547.064343508333,1387.0058942634198,0.06777506607693534,7.0,
Garage4,Garage,E:\Research\Proximity\Analysis\Expe1\Garage4\Shareable\2026-06-25--15-06-13.r3d,2028,67.62607995909639,3,3+,>5,6.22265625,6.2265625,6.22265625,0.887284517288208,15647.881869086064,1779.3117349749816,0.09810468903963408,6.0,
Garage4,Garage,E:\Research\Proximity\Analysis\Expe1\Garage4\Shareable\2026-06-25--15-06-13.r3d,2064,68.82654379215091,3,3+,3-5,4.71484375,4.71875,4.71484375,0.8389503955841064,27741.93921476975,1714.5342259815193,0.22121548635123314,4.5,4.7
Garage4,Garage,E:\Research\Proximity\Analysis\Expe1\Garage4\Shareable\2026-06-25--15-06-13.r3d,2076,69.226698334096,3,3+,3-5,4.14453125,4.140625,4.14453125,0.8881482481956482,36629.06277556904,1392.4417685716805,0.18277562302390304,4.0,
Garage4,Garage,E:\Research\Proximity\Analysis\Expe1\Garage4\Shareable\2026-06-25--15-06-13.r3d,2088,69.62685304204933,3,3+,3-5,3.556640625,3.5625,3.556640625,0.9540969133377075,52039.60167465918,1345.251604513319,0.28577158319404494,3.5,
Garage4,Garage,E:\Research\Proximity\Analysis\Expe1\Garage4\Shareable\2026-06-25--15-06-13.r3d,2100,70.02700749994256,3,3+,<3,2.9453125,2.947265625,2.9453125,0.933485209941864,57353.60271272063,1219.6071332875415,0.3470380718273557,2.5,2.9000000000000004
Garage4,Garage,E:\Research\Proximity\Analysis\Expe1\Garage4\Shareable\2026-06-25--15-06-13.r3d,2112,70.42716220906004,3,3+,<3,2.326171875,2.330078125,2.326171875,0.92315673828125,83386.01868456602,785.2280716257986,0.2209637265024619,2.0,
Garage4,Garage,E:\Research\Proximity\Analysis\Expe1\Garage4\Shareable\2026-06-25--15-06-13.r3d,2124,70.82731687510386,3,3+,<3,1.689453125,1.6865234375,1.689453125,0.9337805509567261,115321.29723000526,687.868952571391,0.1957943955200883,1.5,
Garage4,Garage,E:\Research\Proximity\Analysis\Expe1\Garage4\Shareable\2026-06-25--15-06-13.r3d,2136,71.22747141704895,3,3+,<3,1.11328125,1.1181640625,1.11328125,0.9305572509765625,100349.75478101894,434.4951000154891,0.12324738263762162,1.0,
Garage4,Garage,E:\Research\Proximity\Analysis\Expe1\Garage4\Shareable\2026-06-25--15-06-13.r3d,2220,74.02855391707271,1,1,>5,8.6171875,8.0078125,8.6171875,0.8321302533149719,9610.827665135264,3381.540708922892,0.0032748140626327107,8.5,
Garage4,Garage,E:\Research\Proximity\Analysis\Expe1\Garage4\Shareable\2026-06-25--15-06-13.r3d,2238,74.62878587516025,1,1,>5,,7.19140625,7.19140625,0.8422514796257019,9561.050220603123,3391.44470504648,0.0,7.0,
Garage4,Garage,E:\Research\Proximity\Analysis\Expe1\Garage4\Shareable\2026-06-25--15-06-13.r3d,2250,75.02894049999304,1,1,>5,6.83984375,6.87890625,6.83984375,0.818199634552002,14378.855742705055,2827.6297559401532,0.0027754083069004183,6.5,
Pave1,Pave,E:\Research\Proximity\Analysis\Expe1\Pave1\Shareable\2026-06-25--16-34-28.r3d,246,8.203155667055398,1,1,<3,1.36669921875,1.3505859375,1.36669921875,0.9325461387634277,83651.5000739398,1489.1684294704667,0.045813334414510985,1.0,
Pave1,Pave,E:\Research\Proximity\Analysis\Expe1\Pave1\Shareable\2026-06-25--16-34-28.r3d,258,8.603309708181769,1,1,<3,1.70703125,1.7099609375,1.70703125,0.9425680637359619,76800.41931710206,1447.5978226706154,0.5139671350906372,1.5,
Pave1,Pave,E:\Research\Proximity\Analysis\Expe1\Pave1\Shareable\2026-06-25--16-34-28.r3d,276,9.20354100014083,2,2,<3,2.185546875,2.189453125,2.185546875,0.9238630533218384,92720.24636849575,1732.5603262114564,0.4650666131369084,2.0,
Pave1,Pave,E:\Research\Proximity\Analysis\Expe1\Pave1\Shareable\2026-06-25--16-34-28.r3d,336,11.20431216713041,2,2,<3,1.87109375,1.8798828125,1.87109375,0.9311631917953491,88381.41927033663,1652.0046926556304,0.5861338651493376,1.5,
Pave1,Pave,E:\Research\Proximity\Analysis\Expe1\Pave1\Shareable\2026-06-25--16-34-28.r3d,354,11.804543583188206,2,2,<3,2.37890625,2.38671875,2.37890625,0.9298412203788757,70632.70314001665,1584.6228945482924,0.5536953294736215,2.0,
Pave1,Pave,E:\Research\Proximity\Analysis\Expe1\Pave1\Shareable\2026-06-25--16-34-28.r3d,366,12.204697833163664,2,2,<3,2.767578125,2.78125,2.767578125,0.9275369644165039,67075.00196760893,1854.35757215857,0.3858436650687299,2.5,2.7
Pave1,Pave,E:\Research\Proximity\Analysis\Expe1\Pave1\Shareable\2026-06-25--16-34-28.r3d,378,12.604852250078693,2,2,3-5,3.0546875,3.056640625,3.0546875,0.9298753142356873,55675.99794600159,1828.898752387659,0.5176848939701603,3.0,3.0
Pave1,Pave,E:\Research\Proximity\Analysis\Expe1\Pave1\Shareable\2026-06-25--16-34-28.r3d,396,13.205083667067811,2,2,3-5,3.64453125,3.646484375,3.64453125,0.9049801230430603,44365.433641947806,1573.2076683571358,0.35653045933473937,3.5,
Pave1,Pave,E:\Research\Proximity\Analysis\Expe1\Pave1\Shareable\2026-06-25--16-34-28.r3d,414,13.805315167177469,2,2,3-5,4.2578125,4.265625,4.2578125,0.9111522436141968,35697.63900029473,1668.2217341333017,0.2726032165980395,4.0,
Pave1,Pave,E:\Research\Proximity\Analysis\Expe1\Pave1\Shareable\2026-06-25--16-34-28.r3d,432,14.405546750174835,2,2,3-5,4.9140625,4.92578125,4.9140625,0.8477362394332886,23861.163910655305,1821.3488465111272,0.1611455050971171,4.5,4.9
Pave1,Pave,E:\Research\Proximity\Analysis\Expe1\Pave1\Shareable\2026-06-25--16-34-28.r3d,444,14.805701083038002,2,2,>5,6.26953125,5.26953125,6.26953125,0.8642836213111877,26051.74968391657,2645.265076674981,0.018512893958465185,6.0,
Pave1,Pave,E:\Research\Proximity\Analysis\Expe1\Pave1\Shareable\2026-06-25--16-34-28.r3d,456,15.205855542095378,2,2,>5,,6.09765625,6.09765625,0.9129889011383057,34827.125838386826,2913.510755140709,0.0,6.0,
Pave1,Pave,E:\Research\Proximity\Analysis\Expe1\Pave1\Shareable\2026-06-25--16-34-28.r3d,468,15.606010042130947,2,2,3-5,4.828125,4.85546875,4.828125,0.8638948202133179,25309.16000311356,3183.5873285394914,0.11382608322728553,4.5,4.800000000000001
Pave1,Pave,E:\Research\Proximity\Analysis\Expe1\Pave1\Shareable\2026-06-25--16-34-28.r3d,480,16.006164458114654,2,2,3-5,4.63671875,4.46484375,4.63671875,0.8643069267272949,33681.71008280548,2968.376635581574,0.04862830639935294,4.5,
Pave1,Pave,E:\Research\Proximity\Analysis\Expe1\Pave1\Shareable\2026-06-25--16-34-28.r3d,492,16.406318792141974,2,2,3-5,4.70703125,4.15625,4.70703125,0.8873215913772583,37879.08403482055,3095.2940127598386,0.005765886181610981,4.5,4.7
Pave1,Pave,E:\Research\Proximity\Analysis\Expe1\Pave1\Shareable\2026-06-25--16-34-28.r3d,516,17.206627833191305,2,2,>5,5.63671875,3.65625,5.63671875,0.878218412399292,39890.17174437083,2774.4238738873737,0.00759965292230359,5.5,
Pave1,Pave,E:\Research\Proximity\Analysis\Expe1\Pave1\Shareable\2026-06-25--16-34-28.r3d,540,18.006936667021364,2,2,3-5,3.111328125,3.15234375,3.111328125,0.9088746905326843,51614.53652256355,2446.7449039329363,0.2961152269524041,3.0,3.1
Pave1,Pave,E:\Research\Proximity\Analysis\Expe1\Pave1\Shareable\2026-06-25--16-34-28.r3d,552,18.407090958207846,3,3+,<3,2.9296875,2.935546875,2.9296875,0.9035753011703491,59858.89731213078,2743.821614340901,0.10885449538420613,2.5,2.9000000000000004
Pave1,Pave,E:\Research\Proximity\Analysis\Expe1\Pave1\Shareable\2026-06-25--16-34-28.r3d,564,18.807245083153248,1,1,<3,,2.619140625,2.619140625,0.9010132551193237,52262.043036086485,2727.247359881418,0.0,2.5,
Pave1,Pave,E:\Research\Proximity\Analysis\Expe1\Pave1\Shareable\2026-06-25--16-34-28.r3d,618,20.60793941700831,3,3+,<3,1.7763671875,1.8056640625,1.7763671875,0.9151296019554138,69654.63371348754,1873.6616497354735,0.10243495328180885,1.5,
Pave1,Pave,E:\Research\Proximity\Analysis\Expe1\Pave1\Shareable\2026-06-25--16-34-28.r3d,630,21.008093792013824,2,2,>5,,14.3046875,14.3046875,0.8621670603752136,34555.364586208016,1452.8289844063563,0.0,14.0,
Pave1,Pave,E:\Research\Proximity\Analysis\Expe1\Pave1\Shareable\2026-06-25--16-34-28.r3d,654,21.808402792084962,2,2,>5,5.66796875,5.68359375,5.66796875,0.8305116891860962,21719.399198228493,3202.9425223065514,0.004467535268424793,5.5,
Pave1,Pave,E:\Research\Proximity\Analysis\Expe1\Pave1\Shareable\2026-06-25--16-34-28.r3d,666,22.208557333098724,1,1,>5,,5.095703125,5.095703125,0.8841704726219177,24243.309571556747,3378.188107635036,0.0,5.0,5.0
Pave1,Pave,E:\Research\Proximity\Analysis\Expe1\Pave1\Shareable\2026-06-25--16-34-28.r3d,702,23.409021000145003,2,2,<3,1.732421875,1.7412109375,1.732421875,0.9363718628883362,102117.22089055926,1627.6508661538564,0.5807234268709018,1.5,
Pave1,Pave,E:\Research\Proximity\Analysis\Expe1\Pave1\Shareable\2026-06-25--16-34-28.r3d,732,24.409407625207677,2,2,3-5,3.013671875,3.01953125,3.013671875,0.9272445440292358,57384.86391606834,2170.9487997451747,0.7051341990676947,3.0,3.0
Pave1,Pave,E:\Research\Proximity\Analysis\Expe1\Pave1\Shareable\2026-06-25--16-34-28.r3d,744,24.809562292182818,2,2,<3,2.541015625,2.541015625,2.541015625,0.9352307915687561,67262.98194962274,1751.9587257329415,0.6243130384354285,2.5,
Pave1,Pave,E:\Research\Proximity\Analysis\Expe1\Pave1\Shareable\2026-06-25--16-34-28.r3d,762,25.409794375067577,2,2,<3,1.875,1.8759765625,1.875,0.9347191452980042,83563.42979275668,1797.279585799798,0.5501796036119597,1.5,
Pave1,Pave,E:\Research\Proximity\Analysis\Expe1\Pave1\Shareable\2026-06-25--16-34-28.r3d,786,26.210103917168453,2,2,<3,1.22265625,1.2333984375,1.22265625,0.9228439331054688,116834.2721507186,1353.5435319709813,0.47594878973896365,1.0,
Pave1,Pave,E:\Research\Proximity\Analysis\Expe1\Pave1\Shareable\2026-06-25--16-34-28.r3d,798,26.610258750151843,2,2,<3,0.81591796875,0.859375,0.81591796875,0.8831175565719604,130084.25470153615,1171.166367255509,0.06544924397329495,0.5,
Pave1,Pave,E:\Research\Proximity\Analysis\Expe1\Pave1\Shareable\2026-06-25--16-34-28.r3d,816,27.210491000209004,1,1,>5,5.310546875,5.33203125,5.310546875,0.8947071433067322,17783.774848736823,2089.7323926062422,0.061680705526208704,5.0,
Pave1,Pave,E:\Research\Proximity\Analysis\Expe1\Pave1\Shareable\2026-06-25--16-34-28.r3d,828,27.61064587510191,1,1,>5,5.62890625,5.62890625,5.62890625,0.8761679530143738,13516.375530090183,2251.1563434271607,0.027801994186350234,5.5,
Pave1,Pave,E:\Research\Proximity\Analysis\Expe1\Pave1\Shareable\2026-06-25--16-34-28.r3d,840,28.010800749994814,1,1,>5,,6.33984375,6.33984375,0.8980143666267395,19914.711247511208,1997.333609569163,0.0,6.0,
Pave1,Pave,E:\Research\Proximity\Analysis\Expe1\Pave1\Shareable\2026-06-25--16-34-28.r3d,858,28.61103312508203,1,1,>5,7.068359375,6.5,7.068359375,0.9081941843032837,15564.068352518603,2082.0583277152655,0.009073537932042911,7.0,
Pave1,Pave,E:\Research\Proximity\Analysis\Expe1\Pave1\Shareable\2026-06-25--16-34-28.r3d,876,29.211265583056957,1,1,>5,,7.208984375,7.208984375,0.888705849647522,14697.17112471722,2882.8814101226517,0.0,7.0,
Pave1,Pave,E:\Research\Proximity\Analysis\Expe1\Pave1\Shareable\2026-06-25--16-34-28.r3d,888,29.611420625122264,2,2,>5,,7.81640625,7.81640625,0.8339728713035583,11660.430196523666,4130.997708490266,0.0,7.5,
Pave1,Pave,E:\Research\Proximity\Analysis\Expe1\Pave1\Shareable\2026-06-25--16-34-28.r3d,942,31.412118333159015,2,2,>5,,5.146484375,5.146484375,0.9268192648887634,39591.32386009395,2042.9286999376052,0.0,5.0,5.1000000000000005
Pave1,Pave,E:\Research\Proximity\Analysis\Expe1\Pave1\Shareable\2026-06-25--16-34-28.r3d,954,31.81227337499149,2,2,>5,5.20703125,4.7734375,5.20703125,0.8874173760414124,25827.603600444272,3029.338074291484,0.03950543239406981,5.0,5.2
Pave1,Pave,E:\Research\Proximity\Analysis\Expe1\Pave1\Shareable\2026-06-25--16-34-28.r3d,978,32.61258379206993,2,2,3-5,4.1875,4.19921875,4.1875,0.9041640758514404,36082.157328062225,3023.781422295077,0.27468030267804533,4.0,
Pave1,Pave,E:\Research\Proximity\Analysis\Expe1\Pave1\Shareable\2026-06-25--16-34-28.r3d,990,33.01273887511343,2,2,3-5,3.84375,3.859375,3.84375,0.8985428214073181,36775.31454962678,2728.957419403695,0.29121637544410695,3.5,
Pave1,Pave,E:\Research\Proximity\Analysis\Expe1\Pave1\Shareable\2026-06-25--16-34-28.r3d,1014,33.81304925004952,2,2,3-5,3.294921875,3.333984375,3.294921875,0.9105917811393738,57294.04920458794,2580.2462027030247,0.3168080762536846,3.0,3.2
Pave1,Pave,E:\Research\Proximity\Analysis\Expe1\Pave1\Shareable\2026-06-25--16-34-28.r3d,1044,34.81343733309768,1,1,<3,2.44140625,2.453125,2.44140625,0.8964742422103882,56444.35191732645,2462.5082713882375,0.6335961353452119,2.0,
Pave1,Pave,E:\Research\Proximity\Analysis\Expe1\Pave1\Shareable\2026-06-25--16-34-28.r3d,1086,36.21398083306849,1,1,>5,,16.171875,16.171875,0.8880459070205688,12285.930346574634,2653.867201867858,0.0,16.0,
Pave1,Pave,E:\Research\Proximity\Analysis\Expe1\Pave1\Shareable\2026-06-25--16-34-28.r3d,1098,36.61413620808162,1,1,>5,,7.70703125,7.70703125,0.8783188462257385,10954.366258397698,3557.9570569321168,0.0,7.5,
Pave1,Pave,E:\Research\Proximity\Analysis\Expe1\Pave1\Shareable\2026-06-25--16-34-28.r3d,1110,37.014291583094746,1,1,>5,7.791015625,7.84375,7.791015625,0.7859220504760742,7141.61143184267,4863.953669262944,0.023197226991619663,7.5,
Pave1,Pave,E:\Research\Proximity\Analysis\Expe1\Pave1\Shareable\2026-06-25--16-34-28.r3d,1122,37.414446875220165,1,1,>5,8.88671875,7.8125,8.88671875,0.8480098247528076,13922.658301122487,3505.8681372767155,0.006674614913442012,8.5,
Pave1,Pave,E:\Research\Proximity\Analysis\Expe1\Pave1\Shareable\2026-06-25--16-34-28.r3d,1134,37.81460216711275,1,1,>5,,7.7578125,7.7578125,0.8417028784751892,14369.864295719191,4302.765294437687,0.0,7.5,
Pave1,Pave,E:\Research\Proximity\Analysis\Expe1\Pave1\Shareable\2026-06-25--16-34-28.r3d,1146,38.214757583104074,1,1,>5,6.8359375,6.8515625,6.8359375,0.7753439545631409,12857.050179021433,4283.358175067674,0.0602638453468006,6.5,
Pave1,Pave,E:\Research\Proximity\Analysis\Expe1\Pave1\Shareable\2026-06-25--16-34-28.r3d,1164,38.8149906671606,1,1,>5,,5.87109375,5.87109375,0.873593270778656,17567.984349024482,3713.289805089198,0.0,5.5,
Pave1,Pave,E:\Research\Proximity\Analysis\Expe1\Pave1\Shareable\2026-06-25--16-34-28.r3d,1176,39.21514600003138,1,1,>5,,5.296875,5.296875,0.836300790309906,19373.71182479337,3702.422221341693,0.0,5.0,5.2
Pave1,Pave,E:\Research\Proximity\Analysis\Expe1\Pave1\Shareable\2026-06-25--16-34-28.r3d,1188,39.61530154221691,1,1,>5,6.96875,5.21875,6.96875,0.8921924233436584,24292.882442247123,3152.4004968492673,0.0008434998043384311,6.5,
Pave1,Pave,E:\Research\Proximity\Analysis\Expe1\Pave1\Shareable\2026-06-25--16-34-28.r3d,1236,41.21592325018719,2,2,3-5,3.896484375,3.8828125,3.896484375,0.8808982968330383,35784.20988803543,2811.701909367562,0.22655828763416536,3.5,
Pave1,Pave,E:\Research\Proximity\Analysis\Expe1\Pave1\Shareable\2026-06-25--16-34-28.r3d,1254,41.816156667191535,2,2,3-5,3.552734375,3.53125,3.552734375,0.872887909412384,54861.34371953085,2197.930411483679,0.18815043940242474,3.5,
Pave1,Pave,E:\Research\Proximity\Analysis\Expe1\Pave1\Shareable\2026-06-25--16-34-28.r3d,1272,42.41638983320445,2,2,3-5,3.08203125,3.083984375,3.08203125,0.866008996963501,57699.03462919593,2439.777638005423,0.4942564222333127,3.0,3.0
Pave1,Pave,E:\Research\Proximity\Analysis\Expe1\Pave1\Shareable\2026-06-25--16-34-28.r3d,1326,44.217089832993224,2,2,>5,6.81640625,5.38671875,6.81640625,0.8923435807228088,25376.383515162393,2294.8999159082323,0.00098265462956694,6.5,
Pave1,Pave,E:\Research\Proximity\Analysis\Expe1\Pave1\Shareable\2026-06-25--16-34-28.r3d,1344,44.817323125200346,2,2,>5,,5.638671875,5.638671875,0.847810685634613,22554.308497460093,3005.6545811309934,0.0,5.5,
Pave1,Pave,E:\Research\Proximity\Analysis\Expe1\Pave1\Shareable\2026-06-25--16-34-28.r3d,1380,46.01778995804489,2,2,<3,1.3583984375,1.31884765625,1.3583984375,0.9088628888130188,145640.0867775958,1644.442074887728,0.3743626426601319,1.0,
Pave1,Pave,E:\Research\Proximity\Analysis\Expe1\Pave1\Shareable\2026-06-25--16-34-28.r3d,1428,47.61841233307496,2,2,<3,2.193359375,2.1953125,2.193359375,0.9382255673408508,75844.36464917846,1729.4800066034386,0.4946209803158896,2.0,
Pave1,Pave,E:\Research\Proximity\Analysis\Expe1\Pave1\Shareable\2026-06-25--16-34-28.r3d,1452,48.41872354201041,1,1,<3,2.919921875,2.92578125,2.919921875,0.9100257158279419,61705.083691221895,1684.7911091154044,0.5126956851429594,2.5,2.9000000000000004
Pave1,Pave,E:\Research\Proximity\Analysis\Expe1\Pave1\Shareable\2026-06-25--16-34-28.r3d,1464,48.81887925020419,1,1,3-5,3.337890625,3.34765625,3.337890625,0.8684693574905396,53090.263234301936,2030.9846448210913,0.4639228899070943,3.0,
Pave1,Pave,E:\Research\Proximity\Analysis\Expe1\Pave1\Shareable\2026-06-25--16-34-28.r3d,1482,49.41911262506619,1,1,3-5,3.927734375,3.92578125,3.927734375,0.8644213676452637,39189.44443340879,2012.9402142855836,0.28127439756410366,3.5,
Pave1,Pave,E:\Research\Proximity\Analysis\Expe1\Pave1\Shareable\2026-06-25--16-34-28.r3d,1500,50.03601916716434,1,1,3-5,4.38671875,4.39453125,4.38671875,0.7877273559570312,30893.82890796475,2136.3055485282134,0.009084412985956325,4.0,
Pave1,Pave,E:\Research\Proximity\Analysis\Expe1\Pave1\Shareable\2026-06-25--16-34-28.r3d,1536,51.23648608312942,1,1,<3,1.794921875,1.8037109375,1.794921875,0.9298381209373474,64280.83363371156,2017.3254484617846,0.619940453862691,1.5,
Pave1,Pave,E:\Research\Proximity\Analysis\Expe1\Pave1\Shareable\2026-06-25--16-34-28.r3d,1554,51.83671941701323,2,2,<3,1.884765625,1.8857421875,1.884765625,0.9192232489585876,60158.55643238872,1448.9302454445428,0.5040955934784562,1.5,
Pave1,Pave,E:\Research\Proximity\Analysis\Expe1\Pave1\Shareable\2026-06-25--16-34-28.r3d,1566,52.23687529214658,2,2,<3,2.013671875,2.025390625,2.013671875,0.9300723671913147,98719.8139815554,1579.709113357804,0.46398859372630685,2.0,
Pave1,Pave,E:\Research\Proximity\Analysis\Expe1\Pave1\Shareable\2026-06-25--16-34-28.r3d,1596,53.23726449999958,2,2,<3,2.66015625,2.67578125,2.66015625,0.9336873888969421,73313.07618524693,2010.5752035563546,0.5748209990943584,2.5,
Pave1,Pave,E:\Research\Proximity\Analysis\Expe1\Pave1\Shareable\2026-06-25--16-34-28.r3d,1614,53.83749800012447,2,2,3-5,3.203125,3.232421875,3.203125,0.9058812260627747,50902.32246981561,2172.1090172936765,0.3941979925503946,3.0,3.2
Pave1,Pave,E:\Research\Proximity\Analysis\Expe1\Pave1\Shareable\2026-06-25--16-34-28.r3d,1626,54.23765370808542,2,2,3-5,3.5625,3.607421875,3.5625,0.8977874517440796,42403.242824077606,2014.007984257444,0.2830676829759215,3.5,
Pave1,Pave,E:\Research\Proximity\Analysis\Expe1\Pave1\Shareable\2026-06-25--16-34-28.r3d,1644,54.83788733300753,2,2,3-5,4.125,4.17578125,4.125,0.8716827034950256,33796.2159909904,1849.2369435492683,0.13971206135806724,4.0,
Pave1,Pave,E:\Research\Proximity\Analysis\Expe1\Pave1\Shareable\2026-06-25--16-34-28.r3d,1674,55.83827662514523,1,1,3-5,3.75390625,3.763671875,3.75390625,0.887704074382782,39274.822376310825,2783.186899918323,0.12151768880912736,3.5,
Pave1,Pave,E:\Research\Proximity\Analysis\Expe1\Pave1\Shareable\2026-06-25--16-34-28.r3d,1686,56.238432333106175,2,2,3-5,3.359375,3.375,3.359375,0.865302562713623,54099.38119702041,2597.670532703526,0.3855965634495108,3.0,
Pave1,Pave,E:\Research\Proximity\Analysis\Expe1\Pave1\Shareable\2026-06-25--16-34-28.r3d,1698,56.638588125118986,2,2,3-5,3.005859375,3.0078125,3.005859375,0.8978859186172485,59051.25490189344,2212.690819507768,0.4714256855429178,3.0,3.0
Pave1,Pave,E:\Research\Proximity\Analysis\Expe1\Pave1\Shareable\2026-06-25--16-34-28.r3d,1710,57.03874395810999,2,2,<3,2.591796875,2.59375,2.591796875,0.9260590672492981,69063.09723168612,2418.209585657018,0.8532815675960843,2.5,
Pave1,Pave,E:\Research\Proximity\Analysis\Expe1\Pave1\Shareable\2026-06-25--16-34-28.r3d,1722,57.438899625092745,2,2,<3,2.2421875,2.24609375,2.2421875,0.9326311945915222,86653.09037965536,2276.7819104973023,0.6472634656879982,2.0,
Pave1,Pave,E:\Research\Proximity\Analysis\Expe1\Pave1\Shareable\2026-06-25--16-34-28.r3d,1734,57.839055417105556,2,2,<3,1.8603515625,1.8681640625,1.8603515625,0.9241521954536438,117163.03645568714,2015.9474536309285,0.709875920649612,1.5,
Pave1,Pave,E:\Research\Proximity\Analysis\Expe1\Pave1\Shareable\2026-06-25--16-34-28.r3d,1746,58.239211208187044,2,2,<3,1.5595703125,1.5771484375,1.5595703125,0.9256082773208618,121391.58029700257,1718.9441753489557,0.6062457957813765,1.5,
Pave1,Pave,E:\Research\Proximity\Analysis\Expe1\Pave1\Shareable\2026-06-25--16-34-28.r3d,1776,59.239600625121966,1,1,<3,1.3720703125,1.369140625,1.3720703125,0.858277440071106,87708.48749411479,1459.3030683477637,0.36511067072551495,1.0,
Pave1,Pave,E:\Research\Proximity\Analysis\Expe1\Pave1\Shareable\2026-06-25--16-34-28.r3d,1830,61.0403016670607,1,1,3-5,,4.20703125,4.20703125,0.8935143947601318,28105.08441091329,3592.8613588473686,0.0,4.0,
Pave1,Pave,E:\Research\Proximity\Analysis\Expe1\Pave1\Shareable\2026-06-25--16-34-28.r3d,1842,61.44045750005171,1,1,3-5,4.51171875,4.5,4.51171875,0.8419619798660278,30004.32981017232,3299.8244950464245,0.010768895846377767,4.5,
Pave1,Pave,E:\Research\Proximity\Analysis\Expe1\Pave1\Shareable\2026-06-25--16-34-28.r3d,1854,61.84061333304271,1,1,3-5,,4.1875,4.1875,0.8748643398284912,36828.88881930895,3027.5097024380098,0.0,4.0,
Pave1,Pave,E:\Research\Proximity\Analysis\Expe1\Pave1\Shareable\2026-06-25--16-34-28.r3d,1866,62.24076920817606,1,1,3-5,3.8486328125,3.7958984375,3.8486328125,0.879313051700592,40491.60970212892,2652.436249600946,0.01119163466497988,3.5,
Pave1,Pave,E:\Research\Proximity\Analysis\Expe1\Pave1\Shareable\2026-06-25--16-34-28.r3d,1878,62.640924958046526,1,1,3-5,3.517578125,3.525390625,3.517578125,0.9120421409606934,45150.10117369238,2727.3961258892746,0.3125807405304631,3.5,
Pave1,Pave,E:\Research\Proximity\Analysis\Expe1\Pave1\Shareable\2026-06-25--16-34-28.r3d,1896,63.24115858320147,1,1,3-5,3.130859375,3.14453125,3.130859375,0.9060503244400024,50635.75922834873,2345.415400021491,0.3205716745167742,3.0,3.1
Pave1,Pave,E:\Research\Proximity\Analysis\Expe1\Pave1\Shareable\2026-06-25--16-34-28.r3d,1908,63.64131445810199,1,1,<3,2.806640625,2.755859375,2.806640625,0.8930153250694275,49410.072764508426,2193.9229762174946,0.13161742039826535,2.5,2.8000000000000003
Pave1,Pave,E:\Research\Proximity\Analysis\Expe1\Pave1\Shareable\2026-06-25--16-34-28.r3d,1920,64.04147020820528,2,2,<3,2.6005859375,2.609375,2.6005859375,0.9312017560005188,79733.6749015376,2108.7413232814592,0.42496062054329453,2.5,
Pave1,Pave,E:\Research\Proximity\Analysis\Expe1\Pave1\Shareable\2026-06-25--16-34-28.r3d,1950,65.04185987520032,2,2,<3,1.8857421875,1.8916015625,1.8857421875,0.9006075263023376,58451.882388632745,2181.218887646541,0.5099612036831365,1.5,
Pave1,Pave,E:\Research\Proximity\Analysis\Expe1\Pave1\Shareable\2026-06-25--16-34-28.r3d,2004,66.84256100002676,2,2,<3,2.158203125,2.16015625,2.158203125,0.9253047108650208,70289.93892294914,1683.7063631033207,0.4748985580164956,2.0,
Pave1,Pave,E:\Research\Proximity\Analysis\Expe1\Pave1\Shareable\2026-06-25--16-34-28.r3d,2022,67.44279479212128,2,2,<3,2.5078125,2.517578125,2.5078125,0.8908082842826843,56963.39076982252,2073.617176072347,0.42933826737020775,2.5,
Pave1,Pave,E:\Research\Proximity\Analysis\Expe1\Pave1\Shareable\2026-06-25--16-34-28.r3d,2040,68.04302845802158,2,2,<3,2.9140625,2.92578125,2.9140625,0.9265718460083008,59224.22290172428,2047.3291045502322,0.39096238848288156,2.5,2.9000000000000004
Pave1,Pave,E:\Research\Proximity\Analysis\Expe1\Pave1\Shareable\2026-06-25--16-34-28.r3d,2076,69.24349600006826,2,2,3-5,3.7353515625,3.775390625,3.7353515625,0.898285984992981,40750.63915131241,1982.193547157941,0.16148327060144663,3.5,
Pave1,Pave,E:\Research\Proximity\Analysis\Expe1\Pave1\Shareable\2026-06-25--16-34-28.r3d,2088,69.64365187520161,2,2,3-5,4.04296875,4.08203125,4.04296875,0.8635425567626953,26693.83229613304,2151.399336863123,0.11633766369428494,4.0,
Pave1,Pave,E:\Research\Proximity\Analysis\Expe1\Pave1\Shareable\2026-06-25--16-34-28.r3d,2106,70.24388562515378,2,2,3-5,4.48828125,4.53125,4.48828125,0.8825401067733765,27644.47976468131,1960.2239160066963,0.1286698762798994,4.0,
Pave1,Pave,E:\Research\Proximity\Analysis\Expe1\Pave1\Shareable\2026-06-25--16-34-28.r3d,2118,70.64404154219665,2,2,3-5,4.82421875,4.8203125,4.82421875,0.8902827501296997,24214.10459034145,1952.6374694051628,0.03837182542023566,4.5,4.800000000000001
Pave1,Pave,E:\Research\Proximity\Analysis\Expe1\Pave1\Shareable\2026-06-25--16-34-28.r3d,2148,71.64443104201928,2,2,>5,6.1875,5.6484375,6.1875,0.9006855487823486,18661.148145973682,2039.3744077342214,0.004847724157998557,6.0,
Pave1,Pave,E:\Research\Proximity\Analysis\Expe1\Pave1\Shareable\2026-06-25--16-34-28.r3d,2160,72.04458691715263,2,2,>5,5.97265625,6.0078125,5.97265625,0.8469928503036499,12497.043316289783,2697.9465508551434,0.004934357943334738,5.5,
Pave1,Pave,E:\Research\Proximity\Analysis\Expe1\Pave1\Shareable\2026-06-25--16-34-28.r3d,2172,72.44474275014363,2,2,>5,,6.4921875,6.4921875,0.8717935085296631,11288.603589361534,2979.8304947450197,0.0,6.0,
Pave1,Pave,E:\Research\Proximity\Analysis\Expe1\Pave1\Shareable\2026-06-25--16-34-28.r3d,2190,73.04497658321634,2,2,>5,6.734375,6.75,6.734375,0.8241355419158936,10490.607659898698,2937.4337449444697,0.0034849217360839297,6.5,
Pave1,Pave,E:\Research\Proximity\Analysis\Expe1\Pave1\Shareable\2026-06-25--16-34-28.r3d,2202,73.4451323330868,2,2,>5,,6.88671875,6.88671875,0.8198037147521973,9918.778747608885,3345.0825105406743,0.0,6.5,
Pave1,Pave,E:\Research\Proximity\Analysis\Expe1\Pave1\Shareable\2026-06-25--16-34-28.r3d,2214,73.84528820822015,2,2,>5,8.25390625,7.1640625,8.25390625,0.8415076732635498,11889.361629341729,3301.891973190519,0.003311718509498425,8.0,
Pave1,Pave,E:\Research\Proximity\Analysis\Expe1\Pave1\Shareable\2026-06-25--16-34-28.r3d,2232,74.44552200008184,2,2,>5,7.953125,7.890625,7.953125,0.8956071734428406,14809.68584335316,2972.4863499767816,0.0006387229005477495,7.5,
Pave1,Pave,E:\Research\Proximity\Analysis\Expe1\Pave1\Shareable\2026-06-25--16-34-28.r3d,2244,74.84567783307284,2,2,>5,7.625,7.89453125,7.625,0.8922262787818909,12283.230090603232,3333.9365944215583,0.005266979213588494,7.5,
Pave1,Pave,E:\Research\Proximity\Analysis\Expe1\Pave1\Shareable\2026-06-25--16-34-28.r3d,2262,75.44591162516735,2,2,>5,6.5078125,6.54296875,6.5078125,0.8945654630661011,14075.123670354486,3367.752189795525,0.009681444405477285,6.5,
Pave1,Pave,E:\Research\Proximity\Analysis\Expe1\Pave1\Shareable\2026-06-25--16-34-28.r3d,2274,75.84606750006787,2,2,>5,6.173828125,6.19140625,6.173828125,0.8993638157844543,16472.96369960904,3388.171478388952,0.1433460627283369,6.0,
Pave1,Pave,E:\Research\Proximity\Analysis\Expe1\Pave1\Shareable\2026-06-25--16-34-28.r3d,2286,76.24622333305888,2,2,>5,5.73828125,5.76171875,5.73828125,0.8960110545158386,16521.382186646573,3323.7929795697664,0.11724662559091553,5.5,
Pave1,Pave,E:\Research\Proximity\Analysis\Expe1\Pave1\Shareable\2026-06-25--16-34-28.r3d,2298,76.64637912507169,2,2,>5,5.416015625,5.4375,5.416015625,0.9208496809005737,20977.95380146522,2949.304113108263,0.09936952119150103,5.0,
Pave1,Pave,E:\Research\Proximity\Analysis\Expe1\Pave1\Shareable\2026-06-25--16-34-28.r3d,2310,77.04653500020504,2,2,>5,5.05859375,5.10546875,5.05859375,0.899692714214325,21623.172613363713,3157.0222605687904,0.0913170138352852,5.0,5.0
Pave1,Pave,E:\Research\Proximity\Analysis\Expe1\Pave1\Shareable\2026-06-25--16-34-28.r3d,2322,77.44669083319604,2,2,3-5,4.74609375,4.77734375,4.74609375,0.8802375197410583,26077.486100519076,2786.1257796888885,0.10664823326400882,4.5,4.7
Pave1,Pave,E:\Research\Proximity\Analysis\Expe1\Pave1\Shareable\2026-06-25--16-34-28.r3d,2334,77.84684675000608,2,2,3-5,4.34765625,4.41015625,4.34765625,0.8905977606773376,31115.451763024554,2776.8976544580496,0.12163831308539641,4.0,
Pave1,Pave,E:\Research\Proximity\Analysis\Expe1\Pave1\Shareable\2026-06-25--16-34-28.r3d,2346,78.24700254201889,2,2,3-5,3.98828125,4.01953125,3.98828125,0.8896419405937195,34795.57996924035,2700.512908205336,0.21111261958693567,3.5,
Pave1,Pave,E:\Research\Proximity\Analysis\Expe1\Pave1\Shareable\2026-06-25--16-34-28.r3d,2424,80.84801529208198,2,2,<3,1.6923828125,1.701171875,1.6923828125,0.9250713586807251,79809.68060056213,1736.9133663682862,0.6122279177309619,1.5,
Pave1,Pave,E:\Research\Proximity\Analysis\Expe1\Pave1\Shareable\2026-06-25--16-34-28.r3d,2436,81.24817104218528,2,2,<3,1.44140625,1.439453125,1.44140625,0.9245889782905579,110993.52706693113,1414.5311693509043,0.49833451890120595,1.0,
Pave1,Pave,E:\Research\Proximity\Analysis\Expe1\Pave1\Shareable\2026-06-25--16-34-28.r3d,2454,81.84840483311564,2,2,<3,1.1337890625,1.138671875,1.1337890625,0.9253768920898438,147506.02876666188,1414.5253240484724,0.4987571272634094,1.0,
Pave1,Pave,E:\Research\Proximity\Analysis\Expe1\Pave1\Shareable\2026-06-25--16-34-28.r3d,2472,82.4486385001801,2,2,<3,0.84814453125,0.8798828125,0.84814453125,0.9431934952735901,122352.26721344143,1280.8091193607738,0.23006152881941147,0.5,
Pave1,Pave,E:\Research\Proximity\Analysis\Expe1\Pave1\Shareable\2026-06-25--16-34-28.r3d,2490,83.0488721251022,2,2,<3,1.099609375,1.1103515625,1.099609375,0.9157432913780212,108255.23269995861,1066.7403092005493,0.37221355888683855,1.0,
Pave1,Pave,E:\Research\Proximity\Analysis\Expe1\Pave1\Shareable\2026-06-25--16-34-28.r3d,2502,83.4490278752055,2,2,<3,1.712890625,1.73046875,1.712890625,0.9520102739334106,132064.09571216814,1567.9682868799339,0.568772574746653,1.5,
Pave1,Pave,E:\Research\Proximity\Analysis\Expe1\Pave1\Shareable\2026-06-25--16-34-28.r3d,2514,83.8491837081965,2,2,<3,1.146484375,1.1484375,1.146484375,0.8855003714561462,115455.52862704732,1423.9141395743595,0.45377322270995946,1.0,
Pave1,Pave,E:\Research\Proximity\Analysis\Expe1\Pave1\Shareable\2026-06-25--16-34-28.r3d,2526,84.24933945806697,1,1,<3,1.951171875,1.9599609375,1.951171875,0.9293413758277893,77755.25391661562,1316.3684345841552,0.4366010364028447,1.5,
Pave1,Pave,E:\Research\Proximity\Analysis\Expe1\Pave1\Shareable\2026-06-25--16-34-28.r3d,2538,84.64949520817026,1,1,<3,2.265625,2.263671875,2.265625,0.938542366027832,55897.62042803876,1553.4497003722663,0.3607365054652059,2.0,
Pave1,Pave,E:\Research\Proximity\Analysis\Expe1\Pave1\Shareable\2026-06-25--16-34-28.r3d,2550,85.04965095804073,1,1,<3,2.5078125,2.5205078125,2.5078125,0.8758805990219116,52250.57091448922,1625.6692450031799,0.3369296010142038,2.5,
Pave1,Pave,E:\Research\Proximity\Analysis\Expe1\Pave1\Shareable\2026-06-25--16-34-28.r3d,2562,85.44980679219589,1,1,<3,2.7392578125,2.755859375,2.7392578125,0.886738657951355,47732.57363788597,2125.082007116488,0.18649635339414466,2.5,2.7
Pave1,Pave,E:\Research\Proximity\Analysis\Expe1\Pave1\Shareable\2026-06-25--16-34-28.r3d,2580,86.05004037520848,1,1,<3,2.724609375,2.71484375,2.724609375,0.9410908222198486,53587.03426241875,2185.6601624817868,0.073408475347058,2.5,2.7
Pave1,Pave,E:\Research\Proximity\Analysis\Expe1\Pave1\Shareable\2026-06-25--16-34-28.r3d,2592,86.45019608316943,1,1,<3,2.517578125,2.53125,2.517578125,0.9075018763542175,67282.34913897514,2364.283933573485,0.7843970223291047,2.5,
Pave1,Pave,E:\Research\Proximity\Analysis\Expe1\Pave1\Shareable\2026-06-25--16-34-28.r3d,2610,87.05042962520383,1,1,<3,2.1484375,2.154296875,2.1484375,0.9258242845535278,79615.2651399225,2299.8511524349074,0.8113122526580839,2.0,
Pave1,Pave,E:\Research\Proximity\Analysis\Expe1\Pave1\Shareable\2026-06-25--16-34-28.r3d,2622,87.45058545819484,1,1,<3,1.9033203125,1.904296875,1.9033203125,0.9231091737747192,62078.113666042686,2072.1404749046533,0.41705347072449656,1.5,
Pave1,Pave,E:\Research\Proximity\Analysis\Expe1\Pave1\Shareable\2026-06-25--16-34-28.r3d,2634,87.85074116708711,1,1,<3,1.6708984375,1.68359375,1.6708984375,0.9439461827278137,120680.244650295,1791.6779518964804,0.6444168999944955,1.5,
Pave1,Pave,E:\Research\Proximity\Analysis\Expe1\Pave1\Shareable\2026-06-25--16-34-28.r3d,2646,88.2508969581686,1,1,<3,1.4365234375,1.4326171875,1.4365234375,0.9154301285743713,75567.23134589195,1217.2493533779616,0.007686305791478374,1.0,
Pave2,Pave,E:\Research\Proximity\Analysis\Expe1\Pave2\Shareable\2026-06-25--16-27-50.r3d,0,0.0,1,1,<3,1.24609375,1.2509765625,1.24609375,0.9367852210998535,126226.71265335009,1148.20467451689,0.4098444691826076,1.0,
Pave2,Pave,E:\Research\Proximity\Analysis\Expe1\Pave2\Shareable\2026-06-25--16-27-50.r3d,12,0.4001583750359714,1,1,<3,1.5869140625,1.59716796875,1.5869140625,0.9411929249763489,116401.35701555945,1539.352776698448,0.5520476313072663,1.5,
Pave2,Pave,E:\Research\Proximity\Analysis\Expe1\Pave2\Shareable\2026-06-25--16-27-50.r3d,24,0.8003164161927998,2,2,<3,1.8759765625,1.8798828125,1.8759765625,0.9266113638877869,64247.045206759125,1398.0286280861815,0.3648856960100088,1.5,
Pave2,Pave,E:\Research\Proximity\Analysis\Expe1\Pave2\Shareable\2026-06-25--16-27-50.r3d,36,1.2004744161386043,2,2,<3,2.169921875,2.18359375,2.169921875,0.936244785785675,89719.32552957907,1446.1680574828217,0.26475296990156555,2.0,
Pave2,Pave,E:\Research\Proximity\Analysis\Expe1\Pave2\Shareable\2026-06-25--16-27-50.r3d,48,1.6006322500761598,2,2,<3,2.52734375,2.5390625,2.52734375,0.9300017952919006,66756.59399472177,1558.986976543899,0.35481461550360993,2.5,
Pave2,Pave,E:\Research\Proximity\Analysis\Expe1\Pave2\Shareable\2026-06-25--16-27-50.r3d,66,2.2008689581416547,2,2,<3,2.916015625,2.94921875,2.916015625,0.9245248436927795,61248.773029491305,1938.7453018221352,0.29243093451570623,2.5,2.9000000000000004
Pave2,Pave,E:\Research\Proximity\Analysis\Expe1\Pave2\Shareable\2026-06-25--16-27-50.r3d,84,2.80110558308661,2,2,3-5,3.453125,3.474609375,3.453125,0.9063381552696228,45766.48639771342,2025.0164207789908,0.191110081305053,3.0,
Pave2,Pave,E:\Research\Proximity\Analysis\Expe1\Pave2\Shareable\2026-06-25--16-27-50.r3d,96,3.201263208175078,2,2,3-5,3.728515625,3.765625,3.728515625,0.8964996337890625,42002.17541411519,1960.1746931777677,0.03372950257604235,3.5,
Pave2,Pave,E:\Research\Proximity\Analysis\Expe1\Pave2\Shareable\2026-06-25--16-27-50.r3d,120,4.001578791067004,1,1,3-5,4.37109375,4.44140625,4.37109375,0.8759899735450745,38860.32494020276,1990.1658346191002,0.1160717264683764,4.0,
Pave2,Pave,E:\Research\Proximity\Analysis\Expe1\Pave2\Shareable\2026-06-25--16-27-50.r3d,132,4.401736541185528,1,1,3-5,4.72265625,4.724609375,4.72265625,0.8688789010047913,24341.47073210217,2105.475413509906,0.07790814039236044,4.5,4.7
Pave2,Pave,E:\Research\Proximity\Analysis\Expe1\Pave2\Shareable\2026-06-25--16-27-50.r3d,144,4.801894125062972,1,1,>5,5.03515625,5.05078125,5.03515625,0.8987849354743958,21731.87300413847,2043.542505523656,0.08923588654749454,5.0,5.0
Pave2,Pave,E:\Research\Proximity\Analysis\Expe1\Pave2\Shareable\2026-06-25--16-27-50.r3d,156,5.202051791129634,1,1,>5,5.44140625,5.421875,5.44140625,0.9183116555213928,22656.36311563477,1928.7417581081284,0.0748976791681228,5.0,
Pave2,Pave,E:\Research\Proximity\Analysis\Expe1\Pave2\Shareable\2026-06-25--16-27-50.r3d,168,5.602209541015327,1,1,>5,5.83984375,5.87109375,5.83984375,0.8903943300247192,16110.14420273155,2339.9215886599136,0.08872726661389632,5.5,
Pave2,Pave,E:\Research\Proximity\Analysis\Expe1\Pave2\Shareable\2026-06-25--16-27-50.r3d,180,6.0023672501556575,1,1,>5,6.259765625,6.265625,6.259765625,0.8678832650184631,11792.372017359361,2397.2854471597225,0.08610834013160565,6.0,
Pave2,Pave,E:\Research\Proximity\Analysis\Expe1\Pave2\Shareable\2026-06-25--16-27-50.r3d,192,6.402524958131835,1,1,>5,7.2265625,7.44140625,7.2265625,0.9004456996917725,17194.028283333406,2060.982211835943,0.0016696986444164534,7.0,
Pave2,Pave,E:\Research\Proximity\Analysis\Expe1\Pave2\Shareable\2026-06-25--16-27-50.r3d,210,7.002761458046734,1,1,>5,7.8125,7.30859375,7.8125,0.8789020776748657,12642.977711044252,2667.2688434863535,0.0007030599374489891,7.5,
Pave2,Pave,E:\Research\Proximity\Analysis\Expe1\Pave2\Shareable\2026-06-25--16-27-50.r3d,222,7.402919125044718,1,1,>5,,7.689453125,7.689453125,0.8411124348640442,11020.498326983303,2803.138154106674,0.0,7.5,
Pave2,Pave,E:\Research\Proximity\Analysis\Expe1\Pave2\Shareable\2026-06-25--16-27-50.r3d,234,7.803076833020896,1,1,>5,,8.2578125,8.2578125,0.7946929335594177,6710.832502102479,3889.9395795890987,0.0,8.0,
Pave2,Pave,E:\Research\Proximity\Analysis\Expe1\Pave2\Shareable\2026-06-25--16-27-50.r3d,246,8.20323450001888,1,1,>5,,9.79296875,9.79296875,0.80106520652771,9901.176520768553,3062.4890878633837,0.0,9.5,
Pave2,Pave,E:\Research\Proximity\Analysis\Expe1\Pave2\Shareable\2026-06-25--16-27-50.r3d,258,8.603392166085541,1,1,>5,8.3515625,9.6484375,8.3515625,0.8981340527534485,12650.992049060762,2658.70097734244,0.0136065908962037,8.0,
Pave2,Pave,E:\Research\Proximity\Analysis\Expe1\Pave2\Shareable\2026-06-25--16-27-50.r3d,270,9.003549916204065,1,1,>5,,19.1015625,19.1015625,0.8898149728775024,13200.826212074608,3089.977722110382,0.0,19.0,
Pave2,Pave,E:\Research\Proximity\Analysis\Expe1\Pave2\Shareable\2026-06-25--16-27-50.r3d,282,9.40370750008151,1,1,>5,7.40625,7.39453125,7.40625,0.8833967447280884,8678.542422093451,3881.1973229822456,0.009560570830390566,7.0,
Pave2,Pave,E:\Research\Proximity\Analysis\Expe1\Pave2\Shareable\2026-06-25--16-27-50.r3d,300,10.003944040974602,1,1,>5,,7.203125,7.203125,0.8891882300376892,13156.677437892184,3822.695069080378,0.0,7.0,
Pave2,Pave,E:\Research\Proximity\Analysis\Expe1\Pave2\Shareable\2026-06-25--16-27-50.r3d,312,10.404101625084877,1,1,>5,,6.6328125,6.6328125,0.8842999339103699,13195.167257729918,3576.0622764986388,0.0,6.5,
Pave2,Pave,E:\Research\Proximity\Analysis\Expe1\Pave2\Shareable\2026-06-25--16-27-50.r3d,324,10.804259416181594,1,1,>5,,6.58984375,6.58984375,0.8993901014328003,15177.627341397107,3848.6350883505897,0.0,6.5,
Pave2,Pave,E:\Research\Proximity\Analysis\Expe1\Pave2\Shareable\2026-06-25--16-27-50.r3d,342,11.40449595800601,1,1,>5,5.58203125,5.609375,5.58203125,0.8921827077865601,19608.90406839084,3515.2064212337145,0.0359892670397963,5.5,
Pave2,Pave,E:\Research\Proximity\Analysis\Expe1\Pave2\Shareable\2026-06-25--16-27-50.r3d,360,12.00473245815374,1,1,>5,5.560546875,5.09375,5.560546875,0.8506798148155212,22630.47870883718,3393.4822568238815,0.031804243371694026,5.5,
Pave2,Pave,E:\Research\Proximity\Analysis\Expe1\Pave2\Shareable\2026-06-25--16-27-50.r3d,384,12.805047790985554,1,1,3-5,4.3203125,4.359375,4.3203125,0.8710548281669617,30158.33840891719,3185.789314120568,0.2588260596204213,4.0,
Pave2,Pave,E:\Research\Proximity\Analysis\Expe1\Pave2\Shareable\2026-06-25--16-27-50.r3d,396,13.205205416074023,1,1,3-5,3.8984375,3.916015625,3.8984375,0.9008565545082092,43034.908515796065,2913.687852551201,0.2172665240152387,3.5,
Pave2,Pave,E:\Research\Proximity\Analysis\Expe1\Pave2\Shareable\2026-06-25--16-27-50.r3d,408,13.60536304116249,1,1,3-5,3.466796875,3.4951171875,3.466796875,0.8924095630645752,40055.44607044011,2967.565860046144,0.3478754333018958,3.0,
Pave2,Pave,E:\Research\Proximity\Analysis\Expe1\Pave2\Shareable\2026-06-25--16-27-50.r3d,420,14.00552075006999,1,1,3-5,3.138671875,3.1796875,3.138671875,0.9155355095863342,52328.96814233903,2554.167429679477,0.4418248853352577,3.0,3.1
Pave2,Pave,E:\Research\Proximity\Analysis\Expe1\Pave2\Shareable\2026-06-25--16-27-50.r3d,432,14.405678375158459,1,1,<3,2.78515625,2.806640625,2.78515625,0.8912946581840515,61302.61680740118,2163.699509220442,0.3475984172916327,2.5,2.7
Pave2,Pave,E:\Research\Proximity\Analysis\Expe1\Pave2\Shareable\2026-06-25--16-27-50.r3d,456,15.205993583193049,1,1,<3,2.197265625,2.19921875,2.197265625,0.9329425692558289,67556.14507284947,2216.2043557074962,0.6610084127297371,2.0,
Pave2,Pave,E:\Research\Proximity\Analysis\Expe1\Pave2\Shareable\2026-06-25--16-27-50.r3d,468,15.606151333078742,1,1,<3,1.859375,1.865234375,1.859375,0.9264912009239197,68955.63050933182,2099.524130106615,0.5536221403418068,1.5,
Pave2,Pave,E:\Research\Proximity\Analysis\Expe1\Pave2\Shareable\2026-06-25--16-27-50.r3d,618,20.608121666125953,1,1,<3,2.8203125,2.9130859375,2.8203125,0.8901790976524353,53677.68179565668,1969.4166817790324,0.049948641177104694,2.5,2.8000000000000003
Pave2,Pave,E:\Research\Proximity\Analysis\Expe1\Pave2\Shareable\2026-06-25--16-27-50.r3d,630,21.008279333123937,1,1,3-5,3.25390625,3.26171875,3.25390625,0.9271417260169983,48735.97434972972,2116.8053602157156,0.42966995039902545,3.0,3.2
Pave2,Pave,E:\Research\Proximity\Analysis\Expe1\Pave2\Shareable\2026-06-25--16-27-50.r3d,660,22.008673208067194,1,1,3-5,4.03515625,3.953125,4.03515625,0.892376720905304,28272.45464124717,2150.6910918451113,0.0437446482890341,4.0,
Pave2,Pave,E:\Research\Proximity\Analysis\Expe1\Pave2\Shareable\2026-06-25--16-27-50.r3d,672,22.408830791013315,1,1,3-5,4.4453125,4.421875,4.4453125,0.8792604207992554,31574.369982771575,2046.1334142360558,0.1095298714163305,4.0,
Pave2,Pave,E:\Research\Proximity\Analysis\Expe1\Pave2\Shareable\2026-06-25--16-27-50.r3d,684,22.808988416101784,1,1,3-5,4.8046875,4.89453125,4.8046875,0.8921931385993958,23999.022897670045,2155.220050230498,0.10437924246331362,4.5,4.800000000000001
Pave2,Pave,E:\Research\Proximity\Analysis\Expe1\Pave2\Shareable\2026-06-25--16-27-50.r3d,696,23.209145958069712,1,1,>5,5.09375,5.14453125,5.09375,0.9064786434173584,23526.385329701006,2402.456430084418,0.11821613051454374,5.0,5.0
Pave2,Pave,E:\Research\Proximity\Analysis\Expe1\Pave2\Shareable\2026-06-25--16-27-50.r3d,708,23.60930358315818,1,1,>5,5.55078125,5.57421875,5.55078125,0.900847852230072,17141.873543858528,2781.1495038975813,0.1442653652851485,5.5,
Pave2,Pave,E:\Research\Proximity\Analysis\Expe1\Pave2\Shareable\2026-06-25--16-27-50.r3d,732,24.409618749981746,1,1,>5,,7.09375,7.09375,0.8760383129119873,14189.62780751288,2794.8618474283007,0.0,7.0,
Pave2,Pave,E:\Research\Proximity\Analysis\Expe1\Pave2\Shareable\2026-06-25--16-27-50.r3d,750,25.009855166077614,1,1,>5,6.494140625,6.5546875,6.494140625,0.8738570213317871,13937.529260963202,2976.8660172006325,0.034327123540808996,6.0,
Pave2,Pave,E:\Research\Proximity\Analysis\Expe1\Pave2\Shareable\2026-06-25--16-27-50.r3d,768,25.610091583104804,1,1,>5,,6.859375,6.859375,0.9017381072044373,17118.527110636234,2193.2141115024615,0.0,6.5,
Pave2,Pave,E:\Research\Proximity\Analysis\Expe1\Pave2\Shareable\2026-06-25--16-27-50.r3d,786,26.210327916080132,1,1,>5,6.7578125,6.36328125,6.7578125,0.8916195034980774,18113.844238277525,2865.6928889149276,0.005364043781017923,6.5,
Pave2,Pave,E:\Research\Proximity\Analysis\Expe1\Pave2\Shareable\2026-06-25--16-27-50.r3d,822,27.41080066608265,1,1,>5,5.66015625,5.3203125,5.66015625,0.8736211657524109,20277.69076064229,2954.643573781754,0.01780496604672517,5.5,
Pave2,Pave,E:\Research\Proximity\Analysis\Expe1\Pave2\Shareable\2026-06-25--16-27-50.r3d,840,28.0110369999893,1,1,3-5,4.703125,4.71875,4.703125,0.8854606747627258,25960.886246019974,2671.9680460765403,0.1490063926814539,4.5,4.7
Pave2,Pave,E:\Research\Proximity\Analysis\Expe1\Pave2\Shareable\2026-06-25--16-27-50.r3d,870,29.011431041173637,1,1,3-5,3.830078125,3.85546875,3.830078125,0.897849977016449,34196.33844405413,2709.460070399711,0.2983973123260546,3.5,
Pave2,Pave,E:\Research\Proximity\Analysis\Expe1\Pave2\Shareable\2026-06-25--16-27-50.r3d,888,29.611667458200827,1,1,3-5,3.45703125,3.46484375,3.45703125,0.923797607421875,52964.46372563392,2429.935890963646,0.17840317982413922,3.0,
Pave2,Pave,E:\Research\Proximity\Analysis\Expe1\Pave2\Shareable\2026-06-25--16-27-50.r3d,906,30.2119036661461,1,1,3-5,3.498046875,3.525390625,3.498046875,0.9009488821029663,59432.7714465186,1903.9090679455555,0.30043067135095713,3.0,
Pave2,Pave,E:\Research\Proximity\Analysis\Expe1\Pave2\Shareable\2026-06-25--16-27-50.r3d,918,30.6120613750536,1,1,3-5,3.697265625,3.7724609375,3.697265625,0.8962256908416748,39043.08068610169,1997.0605477055083,0.1540549247120622,3.5,
Pave2,Pave,E:\Research\Proximity\Analysis\Expe1\Pave2\Shareable\2026-06-25--16-27-50.r3d,930,31.012218833202496,1,1,3-5,4.017578125,4.1015625,4.017578125,0.9109435081481934,39394.38166909665,1785.8127953356245,0.08001221470620075,4.0,
Pave2,Pave,E:\Research\Proximity\Analysis\Expe1\Pave2\Shareable\2026-06-25--16-27-50.r3d,948,31.612455249996856,1,1,3-5,4.5703125,4.6015625,4.5703125,0.8769654035568237,25014.226323142648,2093.984663084742,0.15695887789758023,4.5,
Pave2,Pave,E:\Research\Proximity\Analysis\Expe1\Pave2\Shareable\2026-06-25--16-27-50.r3d,960,32.01261279103346,1,1,3-5,4.921875,4.97265625,4.921875,0.9017648696899414,24169.38828463666,2043.4826467724506,0.08455528648162808,4.5,4.9
Pave2,Pave,E:\Research\Proximity\Analysis\Expe1\Pave2\Shareable\2026-06-25--16-27-50.r3d,972,32.41277033300139,1,1,>5,5.296875,5.30859375,5.296875,0.8915887475013733,17274.337075978518,2350.088823902403,0.1332201090776241,5.0,5.2
Pave2,Pave,E:\Research\Proximity\Analysis\Expe1\Pave2\Shareable\2026-06-25--16-27-50.r3d,984,32.81292787520215,1,1,>5,5.703125,5.71875,5.703125,0.9011465907096863,17175.85594551824,2444.9333244391455,0.02180527016789418,5.5,
Pave2,Pave,E:\Research\Proximity\Analysis\Expe1\Pave2\Shareable\2026-06-25--16-27-50.r3d,996,33.21308545814827,1,1,>5,6.07421875,6.03515625,6.07421875,0.8781737685203552,14058.700101748109,2577.8844405210702,0.029194257162859887,6.0,
Pave2,Pave,E:\Research\Proximity\Analysis\Expe1\Pave2\Shareable\2026-06-25--16-27-50.r3d,1014,33.81332166609354,1,1,>5,6.640625,6.63671875,6.640625,0.8915484547615051,12663.70111618191,2841.227905440728,0.02810850938540645,6.5,
Pave2,Pave,E:\Research\Proximity\Analysis\Expe1\Pave2\Shareable\2026-06-25--16-27-50.r3d,1038,34.61363683314994,1,1,>5,,7.61328125,7.61328125,0.8556669354438782,10337.228899936192,2867.7615736014395,0.0,7.5,
Pave2,Pave,E:\Research\Proximity\Analysis\Expe1\Pave2\Shareable\2026-06-25--16-27-50.r3d,1050,35.013794291066006,1,1,>5,6.87109375,6.8984375,6.87109375,0.8919626474380493,11422.615198149346,3258.823568227523,0.007845761353185677,6.5,
Pave2,Pave,E:\Research\Proximity\Analysis\Expe1\Pave2\Shareable\2026-06-25--16-27-50.r3d,1068,35.61403050017543,1,1,>5,6.63671875,6.59375,6.63671875,0.8709160685539246,10693.681128244847,3652.0149303964395,0.0257059052111548,6.5,
Pave2,Pave,E:\Research\Proximity\Analysis\Expe1\Pave2\Shareable\2026-06-25--16-27-50.r3d,1080,36.01418804097921,1,1,>5,7.5234375,6.337890625,7.5234375,0.9124802350997925,15196.109169892967,3367.489239112782,0.002693271059916743,7.5,
Pave2,Pave,E:\Research\Proximity\Analysis\Expe1\Pave2\Shareable\2026-06-25--16-27-50.r3d,1110,37.014581833034754,1,1,>5,6.716796875,5.48046875,6.716796875,0.9255526661872864,20540.33486900758,2789.4581951663868,0.015485885972616438,6.5,
Pave2,Pave,E:\Research\Proximity\Analysis\Expe1\Pave2\Shareable\2026-06-25--16-27-50.r3d,1122,37.414739333093166,1,1,>5,5.109375,5.11328125,5.109375,0.8842028975486755,22077.838360988535,2896.7388778315276,0.16054346648307133,5.0,5.1000000000000005
Pave2,Pave,E:\Research\Proximity\Analysis\Expe1\Pave2\Shareable\2026-06-25--16-27-50.r3d,1134,37.814896875061095,1,1,3-5,4.6484375,4.6640625,4.6484375,0.8750858306884766,25678.82692755293,2721.6941600015366,0.1700012044747855,4.5,
Pave2,Pave,E:\Research\Proximity\Analysis\Expe1\Pave2\Shareable\2026-06-25--16-27-50.r3d,1152,38.41513308300637,1,1,3-5,3.955078125,3.966796875,3.955078125,0.8762772083282471,35759.42104698438,2562.064269188776,0.2026670282820943,3.5,
Pave2,Pave,E:\Research\Proximity\Analysis\Expe1\Pave2\Shareable\2026-06-25--16-27-50.r3d,1170,39.015369249973446,1,1,3-5,3.302734375,3.318359375,3.302734375,0.8763227462768555,41490.80696975067,2420.6049850242985,0.26146580431548305,3.0,
Pave2,Pave,E:\Research\Proximity\Analysis\Expe1\Pave2\Shareable\2026-06-25--16-27-50.r3d,1182,39.41552670812234,1,1,<3,2.958984375,2.978515625,2.958984375,0.917022168636322,60630.34173490852,2291.440921328289,0.337783442190562,2.5,2.9000000000000004
Pave2,Pave,E:\Research\Proximity\Analysis\Expe1\Pave2\Shareable\2026-06-25--16-27-50.r3d,1194,39.81568425009027,1,1,<3,2.529296875,2.52734375,2.529296875,0.9095044732093811,49636.31223447248,2173.001488150775,0.46706373581235006,2.5,
Pave2,Pave,E:\Research\Proximity\Analysis\Expe1\Pave2\Shareable\2026-06-25--16-27-50.r3d,1212,40.41592041612603,1,1,<3,2.09765625,2.099609375,2.09765625,0.9117016792297363,64995.79532317817,2282.1314022885226,0.5422483587463488,2.0,
Pave2,Pave,E:\Research\Proximity\Analysis\Expe1\Pave2\Shareable\2026-06-25--16-27-50.r3d,1422,47.418675541179255,1,1,<3,,2.5,2.5,0.9373698234558105,63515.2433167845,2046.1039722374785,0.0,2.5,
Pave2,Pave,E:\Research\Proximity\Analysis\Expe1\Pave2\Shareable\2026-06-25--16-27-50.r3d,1434,47.81883295811713,1,1,<3,2.0546875,2.064453125,2.0546875,0.9348022937774658,77829.1779960785,1846.3104406752032,0.6149304568061188,2.0,
Pave2,Pave,E:\Research\Proximity\Analysis\Expe1\Pave2\Shareable\2026-06-25--16-27-50.r3d,1452,48.41906908317469,1,1,<3,1.9189453125,1.939453125,1.9189453125,0.9506338834762573,93531.46675527841,1856.3907984643029,0.6684533675711801,1.5,
Pave2,Pave,E:\Research\Proximity\Analysis\Expe1\Pave2\Shareable\2026-06-25--16-27-50.r3d,1470,49.01930516608991,1,1,<3,1.6826171875,1.689453125,1.6826171875,0.9315749406814575,77352.12658891082,1580.1197858558146,0.5608768903004415,1.5,
Pave2,Pave,E:\Research\Proximity\Analysis\Expe1\Pave2\Shareable\2026-06-25--16-27-50.r3d,1482,49.419462541118264,1,1,<3,1.53466796875,1.541015625,1.53466796875,0.9093620181083679,72020.8784153536,1660.5150847644195,0.566981688585664,1.5,
Pave2,Pave,E:\Research\Proximity\Analysis\Expe1\Pave2\Shareable\2026-06-25--16-27-50.r3d,1494,49.81961991614662,1,1,<3,1.3701171875,1.42578125,1.3701171875,0.9189213514328003,91210.72316250298,1656.3991972624212,0.34738661340526156,1.0,
Pave2,Pave,E:\Research\Proximity\Analysis\Expe1\Pave2\Shareable\2026-06-25--16-27-50.r3d,1506,50.219777333084494,1,1,<3,1.2666015625,1.2685546875,1.2666015625,0.9259383678436279,100510.29024136439,1321.6052960212266,0.4662765645417698,1.0,
Pave2,Pave,E:\Research\Proximity\Analysis\Expe1\Pave2\Shareable\2026-06-25--16-27-50.r3d,1518,50.61993470811285,1,1,<3,1.486328125,1.4892578125,1.486328125,0.9431962370872498,96032.0877381647,1245.7272457807946,0.4476975936752308,1.0,
Pave2,Pave,E:\Research\Proximity\Analysis\Expe1\Pave2\Shareable\2026-06-25--16-27-50.r3d,1530,51.02009204099886,1,1,<3,1.7158203125,1.7138671875,1.7158203125,0.9233424663543701,111282.31269027572,1732.2722186049516,0.6094508512478967,1.5,
Pave2,Pave,E:\Research\Proximity\Analysis\Expe1\Pave2\Shareable\2026-06-25--16-27-50.r3d,1542,51.42024925001897,1,1,<3,2.091796875,2.095703125,2.091796875,0.9230618476867676,78099.47132030036,1968.725295440396,0.6924296557850265,2.0,
Pave2,Pave,E:\Research\Proximity\Analysis\Expe1\Pave2\Shareable\2026-06-25--16-27-50.r3d,1554,51.820406625047326,1,1,<3,2.4609375,2.466796875,2.4609375,0.9032967686653137,61662.43927750038,2070.280992195596,0.6674085729076009,2.0,
Pave2,Pave,E:\Research\Proximity\Analysis\Expe1\Pave2\Shareable\2026-06-25--16-27-50.r3d,1572,52.42064275010489,1,1,<3,2.9140625,2.916015625,2.9140625,0.9318466782569885,54983.49266662449,1754.7606000752835,0.32513291105115394,2.5,2.9000000000000004
Pave2,Pave,E:\Research\Proximity\Analysis\Expe1\Pave2\Shareable\2026-06-25--16-27-50.r3d,1590,53.020878666080534,1,1,3-5,3.349609375,3.392578125,3.349609375,0.9146422743797302,48598.715064033866,1914.6445060574843,0.2841330501708696,3.0,
Pave2,Pave,E:\Research\Proximity\Analysis\Expe1\Pave2\Shareable\2026-06-25--16-27-50.r3d,1608,53.62111462512985,1,1,3-5,3.833984375,3.861328125,3.833984375,0.8900918364524841,30171.734994295985,2091.260057470198,0.20041137937638542,3.5,
Pave2,Pave,E:\Research\Proximity\Analysis\Expe1\Pave2\Shareable\2026-06-25--16-27-50.r3d,1620,54.02127195801586,1,1,3-5,4.171875,4.16796875,4.171875,0.9135036468505859,32933.92873916775,1822.463436781856,0.09236892855249479,4.0,
Pave2,Pave,E:\Research\Proximity\Analysis\Expe1\Pave2\Shareable\2026-06-25--16-27-50.r3d,1638,54.62150800018571,1,1,3-5,4.6484375,4.671875,4.6484375,0.9013820290565491,27774.012824054807,1822.7653612104825,0.1478243523572308,4.5,
Pave2,Pave,E:\Research\Proximity\Analysis\Expe1\Pave2\Shareable\2026-06-25--16-27-50.r3d,1650,55.02166529116221,1,1,3-5,4.9453125,4.96875,4.9453125,0.8843406438827515,21998.34124954045,1919.8129477576451,0.1435861921058953,4.5,4.9
Pave2,Pave,E:\Research\Proximity\Analysis\Expe1\Pave2\Shareable\2026-06-25--16-27-50.r3d,1662,55.421822500182316,1,1,>5,5.265625,5.29296875,5.265625,0.9159855246543884,21240.73992619291,2152.120159263387,0.1282921041347793,5.0,5.2
Pave2,Pave,E:\Research\Proximity\Analysis\Expe1\Pave2\Shareable\2026-06-25--16-27-50.r3d,1674,55.821979833068326,1,1,>5,5.625,5.6484375,5.625,0.9249764680862427,16750.904287174344,2286.952366617851,0.10087185226762109,5.5,
Pave2,Pave,E:\Research\Proximity\Analysis\Expe1\Pave2\Shareable\2026-06-25--16-27-50.r3d,1686,56.22213712497614,1,1,>5,6.01171875,6.03515625,6.01171875,0.921427309513092,16867.912206083536,2039.3451924807118,0.0011271115157956357,6.0,
Pave2,Pave,E:\Research\Proximity\Analysis\Expe1\Pave2\Shareable\2026-06-25--16-27-50.r3d,1698,56.622294374974445,1,1,>5,6.1640625,6.263671875,6.1640625,0.8788706064224243,12721.984105467796,2468.4804775022953,0.00195191526065648,6.0,
Pave2,Pave,E:\Research\Proximity\Analysis\Expe1\Pave2\Shareable\2026-06-25--16-27-50.r3d,1710,57.02245166618377,1,1,>5,6.6640625,6.7109375,6.6640625,0.8893851041793823,12552.411642920226,2514.9142259087553,0.04628573747357519,6.5,
Pave2,Pave,E:\Research\Proximity\Analysis\Expe1\Pave2\Shareable\2026-06-25--16-27-50.r3d,1722,57.422609040979296,1,1,>5,,8.4296875,8.4296875,0.8704378604888916,12593.974742665887,3031.145057810637,0.0,8.0,
Pave2,Pave,E:\Research\Proximity\Analysis\Expe1\Pave2\Shareable\2026-06-25--16-27-50.r3d,1740,58.02284479117952,1,1,>5,7.67578125,7.8515625,7.67578125,0.9310038089752197,16443.715903323144,3191.639733290074,0.03386366705541454,7.5,
Pave2,Pave,E:\Research\Proximity\Analysis\Expe1\Pave2\Shareable\2026-06-25--16-27-50.r3d,1752,58.42300216597505,1,1,>5,6.4921875,6.53515625,6.4921875,0.9030559659004211,14311.910138726234,3533.3385967795907,0.038204847042225605,6.0,
Pave2,Pave,E:\Research\Proximity\Analysis\Expe1\Pave2\Shareable\2026-06-25--16-27-50.r3d,1764,58.82315933308564,1,1,>5,5.94140625,5.990234375,5.94140625,0.905336856842041,15472.154410623014,3474.153651474418,0.028503324890737224,5.5,
Pave2,Pave,E:\Research\Proximity\Analysis\Expe1\Pave2\Shareable\2026-06-25--16-27-50.r3d,1806,60.223709791200235,1,1,>5,5.73828125,4.8046875,5.73828125,0.8942874670028687,25490.29445232451,2884.775612857527,0.004642217675274034,5.5,
