worker_key,image_id,worker_index,bbox,high_visibility_vest,helmet_status,orientation,occlusion_level,phone_status,verified,notes,label_source,reviewed_at,final_gt,finalized_at
Garage1_000000#1,Garage1_000000,1,"477.025,402.486,577.7,719.471",true,absent,Back,none,none,true,,human_verified,2026-06-25T23:48:29-04:00,true,2026-06-26T15:21:03-04:00
Garage1_000036#1,Garage1_000036,1,"357.854,404.487,487.249,719.612",true,absent,Back,none,none,true,,gpt_prelabel,2026-06-26T15:21:03-04:00,true,2026-06-26T15:21:03-04:00
Garage1_000060#1,Garage1_000060,1,"336.194,401.155,441.536,718.25",true,absent,Back,none,none,true,,gpt_prelabel,2026-06-26T15:21:03-04:00,true,2026-06-26T15:21:03-04:00
Garage1_000108#1,Garage1_000108,1,"269.335,405.609,374.014,678.372",true,absent,Back,none,none,true,,gpt_prelabel,2026-06-26T15:21:03-04:00,true,2026-06-26T15:21:03-04:00
Garage1_000132#1,Garage1_000132,1,"233.615,404.874,314.445,658.945",true,absent,Back,none,none,true,,gpt_prelabel,2026-06-26T15:21:03-04:00,true,2026-06-26T15:21:03-04:00
Garage1_000588#1,Garage1_000588,1,"700.882,414.391,763.354,588.984",true,absent,Side,none,none,true,,gpt_prelabel,2026-06-26T15:21:03-04:00,true,2026-06-26T15:21:03-04:00
Garage1_000612#1,Garage1_000612,1,"644.026,408.588,718.336,586.699",true,absent,Side,none,none,true,,gpt_prelabel,2026-06-26T15:21:03-04:00,true,2026-06-26T15:21:03-04:00
Garage1_000672#1,Garage1_000672,1,"537.148,410.566,587.63,578.719",true,absent,Side,none,none,true,,human_verified,2026-06-26T14:50:37-04:00,true,2026-06-26T15:21:03-04:00
Garage1_000720#1,Garage1_000720,1,"475.238,409.726,523.099,567.071",true,absent,Back,none,none,true,,gpt_prelabel,2026-06-26T15:21:03-04:00,true,2026-06-26T15:21:03-04:00
Garage1_000804#1,Garage1_000804,1,"428.281,405.547,463.685,546.51",true,absent,Side,none,none,true,,gpt_prelabel,2026-06-26T15:21:03-04:00,true,2026-06-26T15:21:03-04:00
Garage1_000840#1,Garage1_000840,1,"400.583,409.389,451.613,553.062",true,absent,Facing,none,none,true,,gpt_prelabel,2026-06-26T15:21:03-04:00,true,2026-06-26T15:21:03-04:00
Garage1_000888#1,Garage1_000888,1,"378.615,407.313,432.895,575.308",true,absent,Facing,none,none,true,,gpt_prelabel,2026-06-26T15:21:03-04:00,true,2026-06-26T15:21:03-04:00
Garage1_000984#1,Garage1_000984,1,"339.91,411.456,416.586,633.979",true,absent,Facing,none,none,true,,gpt_prelabel,2026-06-26T15:21:03-04:00,true,2026-06-26T15:21:03-04:00
Garage1_001008#1,Garage1_001008,1,"323.295,408.934,403.479,645.792",true,absent,Facing,none,none,true,,gpt_prelabel,2026-06-26T15:21:03-04:00,true,2026-06-26T15:21:03-04:00
Garage1_001032#1,Garage1_001032,1,"302.932,407.517,390.849,671.143",true,absent,Side,none,none,true,,gpt_prelabel,2026-06-26T15:21:03-04:00,true,2026-06-26T15:21:03-04:00
Garage1_001056#1,Garage1_001056,1,"237.972,405.059,362.819,686.654",true,absent,Side,none,none,true,,gpt_prelabel,2026-06-26T15:21:03-04:00,true,2026-06-26T15:21:03-04:00
Garage1_001356#1,Garage1_001356,1,"292.606,409.267,386.193,692.397",true,absent,Side,none,none,true,,gpt_prelabel,2026-06-26T15:21:03-04:00,true,2026-06-26T15:21:03-04:00
Garage1_001380#1,Garage1_001380,1,"341.33,406.691,489.062,692.11",true,absent,Side,none,none,true,,gpt_prelabel,2026-06-26T15:21:03-04:00,true,2026-06-26T15:21:03-04:00
Garage1_001428#1,Garage1_001428,1,"521.324,405.133,591.15,688.784",true,absent,Side,none,none,true,,gpt_prelabel,2026-06-26T15:21:03-04:00,true,2026-06-26T15:21:03-04:00
Garage1_001704#1,Garage1_001704,1,"665.895,407.358,761.342,705.432",true,absent,Facing,none,none,true,,gpt_prelabel,2026-06-26T15:21:03-04:00,true,2026-06-26T15:21:03-04:00
Garage1_001704#2,Garage1_001704,2,"234.244,420.802,340.251,628.791",false,absent,Side,partial,none,true,,gpt_prelabel,2026-06-26T15:21:03-04:00,true,2026-06-26T15:21:03-04:00
Garage1_001728#1,Garage1_001728,1,"634.701,403.565,741.823,707.289",true,absent,Facing,none,none,true,,gpt_prelabel,2026-06-26T15:21:03-04:00,true,2026-06-26T15:21:03-04:00
Garage1_001728#2,Garage1_001728,2,"321.087,414.208,387.747,608.452",false,absent,Side,none,none,true,,gpt_prelabel,2026-06-26T15:21:03-04:00,true,2026-06-26T15:21:03-04:00
Garage1_001752#1,Garage1_001752,1,"590.725,408.966,713.066,703.391",true,absent,Side,none,none,true,,gpt_prelabel,2026-06-26T15:21:03-04:00,true,2026-06-26T15:21:03-04:00
Garage1_001752#2,Garage1_001752,2,"382.619,417.359,442.151,591.46",false,absent,Side,none,uncertain,true,,human_verified,2026-06-26T13:40:17-04:00,true,2026-06-26T15:21:03-04:00
Garage1_001776#1,Garage1_001776,1,"585.849,406.483,654.386,693.457",true,absent,Side,none,none,true,,gpt_prelabel,2026-06-26T15:21:03-04:00,true,2026-06-26T15:21:03-04:00
Garage1_001776#2,Garage1_001776,2,"416.895,409.889,495.443,581.796",false,absent,Back,none,uncertain,true,,human_verified,2026-06-26T14:43:57-04:00,true,2026-06-26T15:21:03-04:00
Garage1_001800#1,Garage1_001800,1,"574.82,409.168,652.031,698.809",true,absent,Side,none,none,true,,gpt_prelabel,2026-06-26T15:21:03-04:00,true,2026-06-26T15:21:03-04:00
Garage1_001800#2,Garage1_001800,2,"465.462,424.38,531.991,574.458",false,absent,Side,none,none,true,,gpt_prelabel,2026-06-26T15:21:03-04:00,true,2026-06-26T15:21:03-04:00
Garage1_001824#1,Garage1_001824,1,"578.655,407.979,647.989,697.534",true,absent,Side,none,none,true,,human_verified,2026-06-26T14:50:44-04:00,true,2026-06-26T15:21:03-04:00
Garage1_001824#2,Garage1_001824,2,"505.847,419.424,568.512,563.185",false,absent,Back,none,none,true,,gpt_prelabel,2026-06-26T15:21:03-04:00,true,2026-06-26T15:21:03-04:00
Garage1_001848#1,Garage1_001848,1,"573.953,407.516,660.551,700.177",true,absent,Back,none,none,true,,gpt_prelabel,2026-06-26T15:21:03-04:00,true,2026-06-26T15:21:03-04:00
Garage1_001848#2,Garage1_001848,2,"543.959,412.958,574.127,552.324",false,absent,Back,heavy,uncertain,true,,human_verified,2026-06-26T13:43:33-04:00,true,2026-06-26T15:21:03-04:00
Garage1_001872#1,Garage1_001872,1,"565.576,405.88,655.365,677.092",true,absent,Back,none,none,true,,gpt_prelabel,2026-06-26T15:21:03-04:00,true,2026-06-26T15:21:03-04:00
Garage1_001896#1,Garage1_001896,1,"577.556,405.235,666.727,668.189",true,absent,Back,none,none,true,,gpt_prelabel,2026-06-26T15:21:03-04:00,true,2026-06-26T15:21:03-04:00
Garage1_001932#1,Garage1_001932,1,"624.013,408.134,705.477,650.338",true,absent,Back,none,none,true,,gpt_prelabel,2026-06-26T15:21:03-04:00,true,2026-06-26T15:21:03-04:00
Garage1_002064#1,Garage1_002064,1,"709.525,415.402,747.4,504.547",false,absent,Back,none,uncertain,true,,human_verified,2026-06-26T13:44:42-04:00,true,2026-06-26T15:21:03-04:00
Garage1_002064#2,Garage1_002064,2,"900.056,407.063,951.046,463.039",uncertain,absent,Back,heavy,uncertain,true,,human_verified,2026-06-26T13:45:17-04:00,true,2026-06-26T15:21:03-04:00
Garage1_002304#1,Garage1_002304,1,"609.59,409.117,658.732,565.479",true,absent,Side,none,none,true,,human_verified,2026-06-26T14:50:47-04:00,true,2026-06-26T15:21:03-04:00
Garage1_002340#1,Garage1_002340,1,"550.535,410.351,590.714,566.148",true,absent,Side,none,none,true,,human_verified,2026-06-26T13:46:53-04:00,true,2026-06-26T15:21:03-04:00
Garage1_002376#1,Garage1_002376,1,"493.401,410.906,533.807,564.04",true,absent,Side,none,none,true,,human_verified,2026-06-26T14:50:50-04:00,true,2026-06-26T15:21:03-04:00
Garage1_002472#1,Garage1_002472,1,"374.673,405.078,438.475,589.186",true,absent,Facing,none,none,true,,gpt_prelabel,2026-06-26T15:21:03-04:00,true,2026-06-26T15:21:03-04:00
Garage1_002472#2,Garage1_002472,2,"568.123,404.656,581.468,445.956",uncertain,uncertain,uncertain,uncertain,uncertain,true,,human_verified,2026-06-26T13:47:10-04:00,true,2026-06-26T15:21:03-04:00
Garage1_002532#1,Garage1_002532,1,"379.019,411.143,433.652,595.249",true,absent,Side,none,none,true,,human_verified,2026-06-25T23:53:05-04:00,true,2026-06-26T15:21:03-04:00
Garage1_002532#2,Garage1_002532,2,"564.213,405.968,578.211,447.035",false,absent,Facing,none,none,true,,human_verified,2026-06-25T23:53:42-04:00,true,2026-06-26T15:21:03-04:00
Garage1_002568#1,Garage1_002568,1,"423.077,406.199,481.593,584.835",true,absent,Back,none,none,true,,gpt_prelabel,2026-06-26T15:21:03-04:00,true,2026-06-26T15:21:03-04:00
Garage1_002568#2,Garage1_002568,2,"559.333,409.667,575.333,447.667",uncertain,uncertain,uncertain,uncertain,uncertain,true,,human_verified,2026-06-26T13:48:43-04:00,true,2026-06-26T15:21:03-04:00
Garage1_002616#1,Garage1_002616,1,"442.629,410.961,493.465,565.123",true,absent,Back,none,none,true,,gpt_prelabel,2026-06-26T15:21:03-04:00,true,2026-06-26T15:21:03-04:00
Garage1_002616#2,Garage1_002616,2,"555.043,409.125,570.848,449.775",uncertain,uncertain,uncertain,uncertain,uncertain,true,,human_verified,2026-06-26T13:49:11-04:00,true,2026-06-26T15:21:03-04:00
Garage1_002652#1,Garage1_002652,1,"439.227,409.602,485.83,549.006",true,absent,Back,none,none,true,,human_verified,2026-06-26T14:50:54-04:00,true,2026-06-26T15:21:03-04:00
Garage1_002652#2,Garage1_002652,2,"551.751,408.816,566.942,451.232",uncertain,uncertain,uncertain,uncertain,uncertain,true,,human_verified,2026-06-26T13:49:32-04:00,true,2026-06-26T15:21:03-04:00
Garage1_002676#1,Garage1_002676,1,"437.337,409.277,480.145,541.163",true,absent,Back,none,none,true,,human_verified,2026-06-26T14:50:59-04:00,true,2026-06-26T15:21:03-04:00
Garage1_002676#2,Garage1_002676,2,"548.771,406.61,564.637,451.833",uncertain,uncertain,uncertain,uncertain,uncertain,true,,human_verified,2026-06-26T13:49:46-04:00,true,2026-06-26T15:21:03-04:00
Garage1_002700#1,Garage1_002700,1,"441.026,405.937,483.394,530.817",true,absent,Back,partial,none,true,,human_verified,2026-06-26T14:51:01-04:00,true,2026-06-26T15:21:03-04:00
Garage1_002700#2,Garage1_002700,2,"545.457,407.255,561.568,451.203",uncertain,uncertain,uncertain,uncertain,uncertain,true,,human_verified,2026-06-26T13:49:53-04:00,true,2026-06-26T15:21:03-04:00
Garage1_002784#1,Garage1_002784,1,"488.417,411.82,529.475,518.668",true,uncertain,Side,none,none,true,,human_verified,2026-06-26T13:51:18-04:00,true,2026-06-26T15:21:03-04:00
Garage1_002784#2,Garage1_002784,2,"529.696,408.201,548.478,459.887",uncertain,uncertain,uncertain,uncertain,none,true,,human_verified,2026-06-26T13:51:19-04:00,true,2026-06-26T15:21:03-04:00
Garage1_002856#1,Garage1_002856,1,"563.279,409.504,600.868,523.918",true,absent,Facing,none,none,true,,human_verified,2026-06-26T14:51:07-04:00,true,2026-06-26T15:21:03-04:00
Garage1_002856#2,Garage1_002856,2,"516.202,403.595,536.255,458.127",uncertain,uncertain,uncertain,none,uncertain,true,,human_verified,2026-06-26T13:51:54-04:00,true,2026-06-26T15:21:03-04:00
Garage1_002892#1,Garage1_002892,1,"575.84,409.316,621.456,534.663",true,absent,Facing,none,none,true,,human_verified,2026-06-26T14:51:10-04:00,true,2026-06-26T15:21:03-04:00
Garage1_002892#2,Garage1_002892,2,"511.774,405.975,532.6,462.738",uncertain,uncertain,uncertain,none,uncertain,true,,human_verified,2026-06-26T13:52:15-04:00,true,2026-06-26T15:21:03-04:00
Garage1_002916#1,Garage1_002916,1,"580.306,411.118,625.299,541.064",true,absent,Facing,none,none,true,,human_verified,2026-06-26T14:51:13-04:00,true,2026-06-26T15:21:03-04:00
Garage1_002916#2,Garage1_002916,2,"509.045,406.035,529.847,465.376",true,absent,Facing,none,none,true,,gpt_prelabel,2026-06-26T15:21:03-04:00,true,2026-06-26T15:21:03-04:00
Garage1_002988#1,Garage1_002988,1,"557.677,408.194,609.904,567.478",true,absent,Facing,none,none,true,,gpt_prelabel,2026-06-26T15:21:03-04:00,true,2026-06-26T15:21:03-04:00
Garage1_002988#2,Garage1_002988,2,"504.042,406.016,526.785,468.47",uncertain,uncertain,Facing,none,uncertain,true,,human_verified,2026-06-26T13:52:30-04:00,true,2026-06-26T15:21:03-04:00
Garage1_003012#1,Garage1_003012,1,"540.389,411.567,596.05,578.07",true,absent,Facing,none,none,true,,gpt_prelabel,2026-06-26T15:21:03-04:00,true,2026-06-26T15:21:03-04:00
Garage1_003012#2,Garage1_003012,2,"505.196,406.034,526.526,471.628",false,absent,Facing,none,none,true,,human_verified,2026-06-26T13:53:42-04:00,true,2026-06-26T15:21:03-04:00
Garage1_003048#1,Garage1_003048,1,"510.852,408.013,569.94,594.558",true,absent,Facing,none,none,true,,gpt_prelabel,2026-06-26T15:21:03-04:00,true,2026-06-26T15:21:03-04:00
Garage1_003048#2,Garage1_003048,2,"504.811,405.849,525.747,446.081",true,absent,Facing,none,none,true,,gpt_prelabel,2026-06-26T15:21:03-04:00,true,2026-06-26T15:21:03-04:00
Garage1_003072#1,Garage1_003072,1,"473.822,410.738,546.006,608.72",true,absent,Facing,none,none,true,,gpt_prelabel,2026-06-26T15:21:03-04:00,true,2026-06-26T15:21:03-04:00
Garage1_003108#1,Garage1_003108,1,"427.797,407.97,493.411,632.065",true,absent,Facing,none,none,true,,gpt_prelabel,2026-06-26T15:21:03-04:00,true,2026-06-26T15:21:03-04:00
Garage1_003108#2,Garage1_003108,2,"507.113,407.216,533.121,480.866",false,absent,Facing,none,uncertain,true,,human_verified,2026-06-26T13:54:38-04:00,true,2026-06-26T15:21:03-04:00
Garage1_003132#1,Garage1_003132,1,"349.902,412.049,467.388,644.28",true,absent,Side,none,none,true,,gpt_prelabel,2026-06-26T15:21:03-04:00,true,2026-06-26T15:21:03-04:00
Garage1_003132#2,Garage1_003132,2,"510.109,407.833,537.41,483.671",false,absent,Facing,none,none,true,,human_verified,2026-06-26T13:55:15-04:00,true,2026-06-26T15:21:03-04:00
Garage1_003156#1,Garage1_003156,1,"312.937,410.729,392.462,652.747",true,absent,Side,none,none,true,,gpt_prelabel,2026-06-26T15:21:03-04:00,true,2026-06-26T15:21:03-04:00
Garage1_003156#2,Garage1_003156,2,"509.244,407.074,537.42,487.591",false,absent,Facing,none,none,true,,human_verified,2026-06-26T13:56:11-04:00,true,2026-06-26T15:21:03-04:00
Garage2_000000#1,Garage2_000000,1,"0.283,392.894,154.967,719.29",true,worn_unsecured,Side,partial,none,true,,human_verified,2026-06-26T14:51:46-04:00,true,2026-06-26T15:21:03-04:00
Garage2_000024#1,Garage2_000024,1,"119.542,392.065,260.359,719.512",true,worn_unsecured,Side,partial,none,true,,human_verified,2026-06-26T14:51:41-04:00,true,2026-06-26T15:21:03-04:00
Garage2_000060#1,Garage2_000060,1,"286.664,387.78,400.092,719.264",true,worn_unsecured,Side,partial,none,true,,human_verified,2026-06-26T14:51:34-04:00,true,2026-06-26T15:21:03-04:00
Garage2_000084#1,Garage2_000084,1,"355.699,397.748,481.197,719.586",true,worn_unsecured,Side,none,none,true,,human_verified,2026-06-26T14:51:53-04:00,true,2026-06-26T15:21:03-04:00
Garage2_000120#1,Garage2_000120,1,"479.909,400.447,610.77,706.288",true,worn_unsecured,Back,none,none,true,,human_verified,2026-06-26T14:51:56-04:00,true,2026-06-26T15:21:03-04:00
Garage2_000144#1,Garage2_000144,1,"537.893,403.664,662.239,696.653",true,worn_unsecured,Back,none,none,true,,human_verified,2026-06-26T14:51:58-04:00,true,2026-06-26T15:21:03-04:00
Garage2_000168#1,Garage2_000168,1,"579.963,398.19,718.825,672.309",true,worn_unsecured,Back,none,none,true,,human_verified,2026-06-26T14:52:01-04:00,true,2026-06-26T15:21:03-04:00
Garage2_000216#1,Garage2_000216,1,"696.328,406.098,779.692,636.142",true,worn_unsecured,Back,none,none,true,,human_verified,2026-06-26T14:52:04-04:00,true,2026-06-26T15:21:03-04:00
Garage2_000444#1,Garage2_000444,1,"735.41,414.128,822.967,563.775",true,worn_unsecured,Side,none,none,true,,human_verified,2026-06-26T14:52:08-04:00,true,2026-06-26T15:21:03-04:00
Garage2_000468#1,Garage2_000468,1,"701.312,408.661,756.232,556.768",true,worn_unsecured,Facing,none,none,true,,human_verified,2026-06-26T14:52:11-04:00,true,2026-06-26T15:21:03-04:00
Garage2_000492#1,Garage2_000492,1,"666.485,411.761,707.756,552.892",true,worn_unsecured,Side,none,none,true,,human_verified,2026-06-26T14:52:15-04:00,true,2026-06-26T15:21:03-04:00
Garage2_000516#1,Garage2_000516,1,"608.336,412.38,684.479,554.376",true,worn_unsecured,Side,none,none,true,,human_verified,2026-06-26T14:52:18-04:00,true,2026-06-26T15:21:03-04:00
Garage2_000552#1,Garage2_000552,1,"553.116,408.035,612.142,550.545",true,worn_unsecured,Side,none,none,true,,human_verified,2026-06-26T14:52:20-04:00,true,2026-06-26T15:21:03-04:00
Garage2_000648#1,Garage2_000648,1,"395.516,408.379,455.833,544.306",true,worn_secured,Side,partial,none,true,,human_verified,2026-06-26T13:56:41-04:00,true,2026-06-26T15:21:03-04:00
Garage2_000672#1,Garage2_000672,1,"353.892,406.117,417.855,543.222",true,worn_unsecured,Side,none,none,true,,human_verified,2026-06-26T14:52:23-04:00,true,2026-06-26T15:21:03-04:00
Garage2_000912#1,Garage2_000912,1,"416.602,405.86,487.171,556.972",true,worn_unsecured,Side,none,none,true,,human_verified,2026-06-26T14:52:26-04:00,true,2026-06-26T15:21:03-04:00
Garage2_000960#1,Garage2_000960,1,"488.333,404.37,539.25,571.654",true,worn_unknown,Facing,none,none,true,,helmet_auto_worn_unknown,2026-06-26T15:21:03-04:00,true,2026-06-26T15:21:03-04:00
Garage2_000996#1,Garage2_000996,1,"537.097,403.461,608.826,588.773",true,worn_unsecured,Facing,none,none,true,,human_verified,2026-06-26T14:52:32-04:00,true,2026-06-26T15:21:03-04:00
Garage2_001056#1,Garage2_001056,1,"644.804,402.051,710.363,618.273",true,worn_unsecured,Side,none,none,true,,human_verified,2026-06-26T14:52:36-04:00,true,2026-06-26T15:21:03-04:00
Garage2_001080#1,Garage2_001080,1,"688.211,405.099,799.967,648.942",true,worn_unsecured,Side,none,none,true,,human_verified,2026-06-26T14:52:40-04:00,true,2026-06-26T15:21:03-04:00
Garage2_001308#1,Garage2_001308,1,"766.079,415.924,852.277,677.114",true,worn_unsecured,Facing,partial,none,true,,gpt_prelabel,2026-06-26T15:21:03-04:00,true,2026-06-26T15:21:03-04:00
Garage2_001332#1,Garage2_001332,1,"723.403,398.417,824.446,697.409",true,worn_unsecured,Side,none,none,true,,gpt_prelabel,2026-06-26T15:21:03-04:00,true,2026-06-26T15:21:03-04:00
Garage2_001356#1,Garage2_001356,1,"660.835,395.552,782.576,719.7",true,worn_unsecured,Facing,none,none,true,,gpt_prelabel,2026-06-26T15:21:03-04:00,true,2026-06-26T15:21:03-04:00
Garage2_001380#1,Garage2_001380,1,"581.463,396.23,761.627,719.593",true,worn_unsecured,Side,none,none,true,,gpt_prelabel,2026-06-26T15:21:03-04:00,true,2026-06-26T15:21:03-04:00
Garage2_001404#1,Garage2_001404,1,"540.289,394.631,671.125,719.54",true,worn_unsecured,Side,none,none,true,,gpt_prelabel,2026-06-26T15:21:03-04:00,true,2026-06-26T15:21:03-04:00
Garage2_001428#1,Garage2_001428,1,"378.67,384.094,604.044,719.414",true,worn_unsecured,Side,none,none,true,,gpt_prelabel,2026-06-26T15:21:03-04:00,true,2026-06-26T15:21:03-04:00
Garage2_001452#1,Garage2_001452,1,"277.442,380.715,411.203,718.71",true,worn_unsecured,Side,partial,none,true,,gpt_prelabel,2026-06-26T15:21:03-04:00,true,2026-06-26T15:21:03-04:00
Garage2_001476#1,Garage2_001476,1,"31.375,385.631,246.64,719.641",true,worn_unsecured,Side,partial,none,true,,gpt_prelabel,2026-06-26T15:21:03-04:00,true,2026-06-26T15:21:03-04:00
Garage2_001704#1,Garage2_001704,1,"337.277,404.828,415.384,639.501",true,worn_unsecured,Side,none,none,true,,human_verified,2026-06-26T14:52:46-04:00,true,2026-06-26T15:21:03-04:00
Garage2_001728#1,Garage2_001728,1,"453.932,399.64,531.239,614.758",true,worn_unsecured,Back,none,none,true,,human_verified,2026-06-26T14:52:50-04:00,true,2026-06-26T15:21:03-04:00
Garage2_001764#1,Garage2_001764,1,"593.382,412.897,654.606,576.268",true,worn_unsecured,Back,none,none,true,,human_verified,2026-06-26T14:52:53-04:00,true,2026-06-26T15:21:03-04:00
Garage2_001824#1,Garage2_001824,1,"751.127,410.336,785.93,540.67",true,worn_unsecured,Facing,none,none,true,,human_verified,2026-06-26T14:52:58-04:00,true,2026-06-26T15:21:03-04:00
Garage2_002256#1,Garage2_002256,1,"623.598,415.806,664.13,541.787",true,worn_unknown,Facing,none,none,true,,helmet_auto_worn_unknown,2026-06-26T15:21:03-04:00,true,2026-06-26T15:21:03-04:00
Garage2_002916#1,Garage2_002916,1,"462.775,402.34,503.289,532.326",true,worn_unknown,Facing,none,none,true,,helmet_auto_worn_unknown,2026-06-26T15:21:03-04:00,true,2026-06-26T15:21:03-04:00
Garage2_003000#1,Garage2_003000,1,"545.002,405.109,595.019,562.99",true,worn_unknown,Facing,none,none,true,,helmet_auto_worn_unknown,2026-06-26T15:21:03-04:00,true,2026-06-26T15:21:03-04:00
Garage2_003060#1,Garage2_003060,1,"618.811,407.649,682.795,597.78",true,worn_unknown,Facing,none,none,true,,helmet_auto_worn_unknown,2026-06-26T15:21:03-04:00,true,2026-06-26T15:21:03-04:00
Garage2_003408#1,Garage2_003408,1,"835.5,404.354,894.924,541.866",true,worn_unsecured,Side,partial,none,true,,human_verified,2026-06-26T14:53:11-04:00,true,2026-06-26T15:21:03-04:00
Garage2_003504#1,Garage2_003504,1,"534.019,397.393,634.526,657.729",true,worn_unsecured,Side,none,none,true,,human_verified,2026-06-26T14:53:13-04:00,true,2026-06-26T15:21:03-04:00
Garage2_003576#1,Garage2_003576,1,"340.694,398.422,415.114,640.184",true,worn_unsecured,Side,none,none,true,,human_verified,2026-06-26T14:53:16-04:00,true,2026-06-26T15:21:03-04:00
Garage2_003600#1,Garage2_003600,1,"258.434,402.637,381.416,648.272",true,worn_unsecured,Side,none,none,true,,human_verified,2026-06-26T14:53:20-04:00,true,2026-06-26T15:21:03-04:00
Garage2_003756#1,Garage2_003756,1,"213.421,402.231,259.793,702.842",true,worn_unsecured,Facing,partial,none,true,,gpt_prelabel,2026-06-26T15:21:03-04:00,true,2026-06-26T15:21:03-04:00
Garage2_003780#1,Garage2_003780,1,"235.585,397.654,359.088,704.613",true,worn_unsecured,Facing,none,none,true,,human_verified,2026-06-26T14:53:25-04:00,true,2026-06-26T15:21:03-04:00
Garage2_003804#1,Garage2_003804,1,"291.335,396.251,406.34,716.31",true,worn_unknown,Facing,none,none,true,,helmet_auto_worn_unknown,2026-06-26T15:21:03-04:00,true,2026-06-26T15:21:03-04:00
Garage2_003840#1,Garage2_003840,1,"370.381,390.357,493.981,719.565",true,worn_unsecured,Facing,none,none,true,,gpt_prelabel,2026-06-26T15:21:03-04:00,true,2026-06-26T15:21:03-04:00
Garage2_003864#1,Garage2_003864,1,"417.221,390.273,579.245,719.475",true,worn_unsecured,Facing,partial,none,true,,human_verified,2026-06-26T14:53:36-04:00,true,2026-06-26T15:21:03-04:00
Garage2_003900#1,Garage2_003900,1,"476.017,383.507,663.295,719.373",true,worn_unsecured,Facing,partial,none,true,,gpt_prelabel,2026-06-26T15:21:03-04:00,true,2026-06-26T15:21:03-04:00
Garage2_003924#1,Garage2_003924,1,"528.471,383.471,746.835,719.351",true,worn_unsecured,Facing,partial,none,true,,gpt_prelabel,2026-06-26T15:21:03-04:00,true,2026-06-26T15:21:03-04:00
Garage2_003948#1,Garage2_003948,1,"569.93,385.179,913.692,719.399",true,worn_unsecured,Facing,partial,none,true,,human_verified,2026-06-26T14:53:42-04:00,true,2026-06-26T15:21:03-04:00
Garage2_003972#1,Garage2_003972,1,"788.319,343.884,959.336,719.03",true,worn_secured,Facing,partial,none,true,,gpt_prelabel,2026-06-26T15:21:03-04:00,true,2026-06-26T15:21:03-04:00
Garage3_000036#1,Garage3_000036,1,"0,356.379,52.313,712.059",true,worn_secured,Side,heavy,none,true,,human_verified,2026-06-26T13:57:51-04:00,true,2026-06-26T15:21:03-04:00
Garage3_000060#1,Garage3_000060,1,"4.176,370.251,162.608,719.395",true,worn_secured,Side,partial,none,true,,gpt_prelabel,2026-06-26T15:21:03-04:00,true,2026-06-26T15:21:03-04:00
Garage3_000060#2,Garage3_000060,2,"907.368,369.848,959.489,719.896",true,worn_unknown,Side,partial,none,true,,helmet_auto_worn_unknown,2026-06-26T15:21:03-04:00,true,2026-06-26T15:21:03-04:00
Garage3_000096#1,Garage3_000096,1,"127.134,378.741,293.082,719.258",true,worn_secured,Side,partial,none,true,,human_verified,2026-06-26T14:53:57-04:00,true,2026-06-26T15:21:03-04:00
Garage3_000096#2,Garage3_000096,2,"756.49,389.364,918.45,719.493",true,worn_unknown,Back,partial,none,true,,helmet_auto_worn_unknown,2026-06-26T15:21:03-04:00,true,2026-06-26T15:21:03-04:00
Garage3_000132#1,Garage3_000132,1,"214.426,383.263,408.678,718.865",true,worn_secured,Back,none,none,true,,human_verified,2026-06-26T14:54:16-04:00,true,2026-06-26T15:21:03-04:00
Garage3_000132#2,Garage3_000132,2,"660.313,393.268,813.984,719.584",true,worn_unknown,Back,none,none,true,,helmet_auto_worn_unknown,2026-06-26T15:21:03-04:00,true,2026-06-26T15:21:03-04:00
Garage3_000156#1,Garage3_000156,1,"306.442,384.446,430.025,719.282",true,worn_secured,Back,none,none,true,,human_verified,2026-06-26T14:54:25-04:00,true,2026-06-26T15:21:03-04:00
Garage3_000156#2,Garage3_000156,2,"647.355,399.639,764.527,719.441",true,worn_unknown,Back,none,none,true,,helmet_auto_worn_unknown,2026-06-26T15:21:03-04:00,true,2026-06-26T15:21:03-04:00
Garage3_000180#1,Garage3_000180,1,"363.96,384.625,490.434,719.458",true,worn_secured,Back,none,none,true,,human_verified,2026-06-26T14:54:31-04:00,true,2026-06-26T15:21:03-04:00
Garage3_000180#2,Garage3_000180,2,"624.227,396.082,745.144,709.951",true,worn_unknown,Back,none,none,true,,helmet_auto_worn_unknown,2026-06-26T15:21:03-04:00,true,2026-06-26T15:21:03-04:00
Garage3_000204#1,Garage3_000204,1,"402.871,389.198,543.228,719.537",true,worn_secured,Back,none,none,true,,gpt_prelabel,2026-06-26T15:21:03-04:00,true,2026-06-26T15:21:03-04:00
Garage3_000204#2,Garage3_000204,2,"613.55,395.228,728.222,670.896",true,worn_secured,Back,none,none,true,,human_verified,2026-06-26T14:54:40-04:00,true,2026-06-26T15:21:03-04:00
Garage3_000240#1,Garage3_000240,1,"471.506,393.981,590.861,719.722",true,worn_secured,Back,none,none,true,,human_verified,2026-06-26T14:54:47-04:00,true,2026-06-26T15:21:03-04:00
Garage3_000240#2,Garage3_000240,2,"659.257,405.852,762.885,639.923",true,worn_secured,Side,none,none,true,,human_verified,2026-06-26T14:54:49-04:00,true,2026-06-26T15:21:03-04:00
Garage3_000264#1,Garage3_000264,1,"499.489,394.839,633.181,705.253",true,worn_unknown,Back,none,none,true,,helmet_auto_worn_unknown,2026-06-26T15:21:03-04:00,true,2026-06-26T15:21:03-04:00
Garage3_000264#2,Garage3_000264,2,"716.831,403.816,815.892,629.293",true,worn_secured,Side,none,none,true,,human_verified,2026-06-26T14:54:53-04:00,true,2026-06-26T15:21:03-04:00
Garage3_000288#1,Garage3_000288,1,"528.798,394.791,621.622,676.743",true,worn_unknown,Back,none,none,true,,helmet_auto_worn_unknown,2026-06-26T15:21:03-04:00,true,2026-06-26T15:21:03-04:00
Garage3_000288#2,Garage3_000288,2,"794.58,405.892,852.277,623.183",true,worn_secured,Side,partial,none,true,,human_verified,2026-06-26T14:55:03-04:00,true,2026-06-26T15:21:03-04:00
Garage3_000312#1,Garage3_000312,1,"548.838,396.846,638.522,658.546",true,worn_unknown,Back,none,none,true,,helmet_auto_worn_unknown,2026-06-26T15:21:03-04:00,true,2026-06-26T15:21:03-04:00
Garage3_000312#2,Garage3_000312,2,"859.333,410.333,914.333,487.333",true,worn_unknown,uncertain,heavy,uncertain,true,,human_verified,2026-06-26T14:05:08-04:00,true,2026-06-26T15:21:03-04:00
Garage3_000348#1,Garage3_000348,1,"533.876,398.569,618.261,630.62",true,worn_unknown,Back,none,none,true,,helmet_auto_worn_unknown,2026-06-26T15:21:03-04:00,true,2026-06-26T15:21:03-04:00
Garage3_000384#1,Garage3_000384,1,"530.203,400.273,603.292,603.543",true,worn_unknown,Back,none,none,true,,helmet_auto_worn_unknown,2026-06-26T15:21:03-04:00,true,2026-06-26T15:21:03-04:00
Garage3_000408#1,Garage3_000408,1,"519.594,402.218,589.184,595.716",true,worn_unknown,Back,none,none,true,,helmet_auto_worn_unknown,2026-06-26T15:21:03-04:00,true,2026-06-26T15:21:03-04:00
Garage3_000432#1,Garage3_000432,1,"522.721,403.137,587.905,584.417",true,worn_unknown,Back,none,none,true,,helmet_auto_worn_unknown,2026-06-26T15:21:03-04:00,true,2026-06-26T15:21:03-04:00
Garage3_000492#1,Garage3_000492,1,"510.628,404.281,566.215,556.286",true,worn_unknown,Back,none,none,true,,helmet_auto_worn_unknown,2026-06-26T15:21:03-04:00,true,2026-06-26T15:21:03-04:00
Garage3_000540#1,Garage3_000540,1,"502.357,405.266,550.979,539.213",true,worn_unknown,Facing,none,none,true,,helmet_auto_worn_unknown,2026-06-26T15:21:03-04:00,true,2026-06-26T15:21:03-04:00
Garage3_000540#2,Garage3_000540,2,"872.333,406.333,923.333,463.333",uncertain,worn_unknown,Side,heavy,none,true,,human_verified,2026-06-26T14:06:16-04:00,true,2026-06-26T15:21:03-04:00
Garage3_000852#1,Garage3_000852,1,"599.309,406.203,656.818,563.095",true,worn_secured,Facing,none,none,true,,human_verified,2026-06-26T14:55:22-04:00,true,2026-06-26T15:21:03-04:00
Garage3_000876#1,Garage3_000876,1,"586.917,406.568,645.848,569.999",true,worn_secured,Facing,none,uncertain,true,,human_verified,2026-06-26T14:55:26-04:00,true,2026-06-26T15:21:03-04:00
Garage3_000912#1,Garage3_000912,1,"551.923,404.598,617.473,578.845",true,worn_secured,Facing,none,none,true,,human_verified,2026-06-26T14:55:29-04:00,true,2026-06-26T15:21:03-04:00
Garage3_000948#1,Garage3_000948,1,"526.819,401.515,583.28,591.687",true,worn_secured,Side,none,none,true,,human_verified,2026-06-26T14:55:31-04:00,true,2026-06-26T15:21:03-04:00
Garage3_001224#1,Garage3_001224,1,"536.616,402.846,612.597,635.393",true,worn_unknown,Facing,none,none,true,,helmet_auto_worn_unknown,2026-06-26T15:21:03-04:00,true,2026-06-26T15:21:03-04:00
Garage3_001248#1,Garage3_001248,1,"561.271,405.601,674.507,669.869",true,worn_unsecured,Facing,none,none,true,,gpt_prelabel,2026-06-26T15:21:03-04:00,true,2026-06-26T15:21:03-04:00
Garage3_001272#1,Garage3_001272,1,"593.109,403.316,707.987,696.388",true,worn_unsecured,Facing,none,none,true,,gpt_prelabel,2026-06-26T15:21:03-04:00,true,2026-06-26T15:21:03-04:00
Garage3_001296#1,Garage3_001296,1,"627.84,394.645,759.408,719.355",true,worn_unknown,Facing,none,none,true,,helmet_auto_worn_unknown,2026-06-26T15:21:03-04:00,true,2026-06-26T15:21:03-04:00
Garage3_001320#1,Garage3_001320,1,"664.324,394.603,816.493,719.56",true,worn_unknown,Facing,partial,none,true,,helmet_auto_worn_unknown,2026-06-26T15:21:03-04:00,true,2026-06-26T15:21:03-04:00
Garage3_001356#1,Garage3_001356,1,"757.539,387.509,959.319,719.247",true,worn_unknown,Facing,partial,none,true,,helmet_auto_worn_unknown,2026-06-26T15:21:03-04:00,true,2026-06-26T15:21:03-04:00
Garage3_001524#1,Garage3_001524,1,"0.397,368.33,230.084,719.385",true,worn_secured,Side,partial,none,true,,gpt_prelabel,2026-06-26T15:21:03-04:00,true,2026-06-26T15:21:03-04:00
Garage3_001548#1,Garage3_001548,1,"126.509,377.33,264.13,719.473",true,worn_secured,Side,partial,call,true,,human_verified,2026-06-26T14:55:41-04:00,true,2026-06-26T15:21:03-04:00
Garage3_001572#1,Garage3_001572,1,"231.185,384.108,371.97,719.362",true,worn_secured,Back,none,none,true,,human_verified,2026-06-26T14:55:44-04:00,true,2026-06-26T15:21:03-04:00
Garage3_001596#1,Garage3_001596,1,"261.201,384.712,452.391,719.068",true,worn_unknown,Back,none,none,true,,helmet_auto_worn_unknown,2026-06-26T15:21:03-04:00,true,2026-06-26T15:21:03-04:00
Garage3_001620#1,Garage3_001620,1,"336.807,386.719,449.711,719.699",true,worn_unknown,Back,none,none,true,,helmet_auto_worn_unknown,2026-06-26T15:21:03-04:00,true,2026-06-26T15:21:03-04:00
Garage3_001668#1,Garage3_001668,1,"808.663,390.319,959.596,719.271",true,worn_unknown,Back,partial,none,true,,helmet_auto_worn_unknown,2026-06-26T15:21:03-04:00,true,2026-06-26T15:21:03-04:00
Garage3_001668#2,Garage3_001668,2,"386.346,397.627,504.178,701.647",true,worn_unknown,Back,none,none,true,,helmet_auto_worn_unknown,2026-06-26T15:21:03-04:00,true,2026-06-26T15:21:03-04:00
Garage3_001692#1,Garage3_001692,1,"723.461,389.26,896.321,719.423",true,worn_unknown,Back,partial,none,true,,helmet_auto_worn_unknown,2026-06-26T15:21:03-04:00,true,2026-06-26T15:21:03-04:00
Garage3_001692#2,Garage3_001692,2,"424.422,397.741,509.63,671.03",true,worn_unknown,Back,none,none,true,,helmet_auto_worn_unknown,2026-06-26T15:21:03-04:00,true,2026-06-26T15:21:03-04:00
Garage3_001716#1,Garage3_001716,1,"704.865,392.794,835.741,719.671",true,worn_unknown,Back,none,none,true,,helmet_auto_worn_unknown,2026-06-26T15:21:03-04:00,true,2026-06-26T15:21:03-04:00
Garage3_001716#2,Garage3_001716,2,"438.144,396.636,523.569,642.457",true,worn_unknown,Back,none,none,true,,helmet_auto_worn_unknown,2026-06-26T15:21:03-04:00,true,2026-06-26T15:21:03-04:00
Garage3_001752#1,Garage3_001752,1,"669.532,397.867,783.772,686.289",true,worn_unknown,Back,none,none,true,,helmet_auto_worn_unknown,2026-06-26T15:21:03-04:00,true,2026-06-26T15:21:03-04:00
Garage3_001752#2,Garage3_001752,2,"454.206,398.742,527.456,614.027",true,worn_unknown,Back,none,none,true,,helmet_auto_worn_unknown,2026-06-26T15:21:03-04:00,true,2026-06-26T15:21:03-04:00
Garage3_001788#1,Garage3_001788,1,"654.949,400.95,746.228,655.487",true,worn_unknown,Back,none,none,true,,helmet_auto_worn_unknown,2026-06-26T15:21:03-04:00,true,2026-06-26T15:21:03-04:00
Garage3_001788#2,Garage3_001788,2,"464.549,395.528,535.501,597.547",true,worn_unknown,Back,none,none,true,,helmet_auto_worn_unknown,2026-06-26T15:21:03-04:00,true,2026-06-26T15:21:03-04:00
Garage3_001812#1,Garage3_001812,1,"638.244,400.624,723.287,623.346",true,worn_unknown,Back,none,none,true,,helmet_auto_worn_unknown,2026-06-26T15:21:03-04:00,true,2026-06-26T15:21:03-04:00
Garage3_001812#2,Garage3_001812,2,"473.319,397.061,536.167,581.1",true,worn_unknown,Back,none,none,true,,helmet_auto_worn_unknown,2026-06-26T15:21:03-04:00,true,2026-06-26T15:21:03-04:00
Garage3_001848#1,Garage3_001848,1,"627.049,404.114,701.153,602.263",true,worn_unknown,Back,none,none,true,,helmet_auto_worn_unknown,2026-06-26T15:21:03-04:00,true,2026-06-26T15:21:03-04:00
Garage3_001848#2,Garage3_001848,2,"481.28,403.226,541.615,567.242",true,worn_unknown,Back,none,none,true,,helmet_auto_worn_unknown,2026-06-26T15:21:03-04:00,true,2026-06-26T15:21:03-04:00
Garage3_001908#1,Garage3_001908,1,"626.177,407.153,689.87,567.306",true,worn_unknown,Back,none,none,true,,helmet_auto_worn_unknown,2026-06-26T15:21:03-04:00,true,2026-06-26T15:21:03-04:00
Garage3_001908#2,Garage3_001908,2,"494.249,404.349,544.26,545.652",true,worn_unknown,Back,none,none,true,,helmet_auto_worn_unknown,2026-06-26T15:21:03-04:00,true,2026-06-26T15:21:03-04:00
Garage3_001932#1,Garage3_001932,1,"629.005,411.419,698.055,559.187",true,worn_unknown,Back,none,none,true,,helmet_auto_worn_unknown,2026-06-26T15:21:03-04:00,true,2026-06-26T15:21:03-04:00
Garage3_001932#2,Garage3_001932,2,"490.294,405.346,539.876,538.995",true,worn_unknown,Back,none,none,true,,helmet_auto_worn_unknown,2026-06-26T15:21:03-04:00,true,2026-06-26T15:21:03-04:00
Garage3_001956#1,Garage3_001956,1,"655.705,412.678,703.609,553.666",true,worn_unknown,Side,none,none,true,,helmet_auto_worn_unknown,2026-06-26T15:21:03-04:00,true,2026-06-26T15:21:03-04:00
Garage3_001956#2,Garage3_001956,2,"495.181,405.62,534.623,537.043",true,worn_unknown,Facing,none,none,true,,helmet_auto_worn_unknown,2026-06-26T15:21:03-04:00,true,2026-06-26T15:21:03-04:00
Garage3_001980#1,Garage3_001980,1,"667.523,410.561,723.727,547.069",true,worn_unknown,Back,none,none,true,,helmet_auto_worn_unknown,2026-06-26T15:21:03-04:00,true,2026-06-26T15:21:03-04:00
Garage3_001980#2,Garage3_001980,2,"482.667,404.814,524.116,530.78",true,worn_unknown,Back,none,none,true,,human_verified,2026-06-26T14:06:47-04:00,true,2026-06-26T15:21:03-04:00
Garage3_002148#1,Garage3_002148,1,"444.601,400.067,477.104,500.687",true,worn_unknown,Back,none,none,true,,human_verified,2026-06-26T14:07:30-04:00,true,2026-06-26T15:21:03-04:00
Garage3_002148#2,Garage3_002148,2,"779.333,413.333,818.333,514.333",true,worn_unknown,Back,none,none,true,,human_verified,2026-06-26T14:07:51-04:00,true,2026-06-26T15:21:03-04:00
Garage3_002580#1,Garage3_002580,1,"416.165,404.804,460,538.132",true,worn_unknown,Facing,none,none,true,,helmet_auto_worn_unknown,2026-06-26T15:21:03-04:00,true,2026-06-26T15:21:03-04:00
Garage3_002580#2,Garage3_002580,2,"752.317,408.82,784.315,510.954",true,worn_unknown,Side,none,uncertain,true,,human_verified,2026-06-26T14:08:25-04:00,true,2026-06-26T15:21:03-04:00
Garage3_002604#1,Garage3_002604,1,"410.715,406.841,462.434,546.588",true,worn_secured,Facing,none,none,true,,human_verified,2026-06-26T14:56:16-04:00,true,2026-06-26T15:21:03-04:00
Garage3_002604#2,Garage3_002604,2,"740.838,409.698,777.678,510.792",true,worn_unknown,Facing,none,uncertain,true,,human_verified,2026-06-26T14:08:39-04:00,true,2026-06-26T15:21:03-04:00
Garage3_002652#1,Garage3_002652,1,"393.202,403.583,452.7,563.433",true,worn_unknown,Facing,none,none,true,,helmet_auto_worn_unknown,2026-06-26T15:21:03-04:00,true,2026-06-26T15:21:03-04:00
Garage3_002652#2,Garage3_002652,2,"718.553,410.627,754.606,512.535",true,worn_unknown,Facing,none,none,true,,helmet_auto_worn_unknown,2026-06-26T15:21:03-04:00,true,2026-06-26T15:21:03-04:00
Garage3_002676#1,Garage3_002676,1,"391.366,403.362,452.861,572.092",true,worn_unknown,Facing,partial,none,true,,helmet_auto_worn_unknown,2026-06-26T15:21:03-04:00,true,2026-06-26T15:21:03-04:00
Garage3_002676#2,Garage3_002676,2,"710.928,411.081,747.947,524.919",true,worn_unknown,Facing,none,uncertain,true,,human_verified,2026-06-26T14:09:01-04:00,true,2026-06-26T15:21:03-04:00
Garage3_002700#1,Garage3_002700,1,"384.326,405.941,444.859,585.496",true,worn_secured,Facing,none,none,true,,human_verified,2026-06-26T14:56:27-04:00,true,2026-06-26T15:21:03-04:00
Garage3_002700#2,Garage3_002700,2,"702.994,408.461,741.003,518.293",true,worn_unknown,Facing,none,none,true,,helmet_auto_worn_unknown,2026-06-26T15:21:03-04:00,true,2026-06-26T15:21:03-04:00
Garage3_002796#1,Garage3_002796,1,"349.28,400.321,442.174,651.205",true,worn_secured,Facing,none,none,true,,human_verified,2026-06-26T14:56:37-04:00,true,2026-06-26T15:21:03-04:00
Garage3_002796#2,Garage3_002796,2,"616.465,413.079,660.334,534.107",true,worn_unknown,Facing,none,none,true,,helmet_auto_worn_unknown,2026-06-26T15:21:03-04:00,true,2026-06-26T15:21:03-04:00
Garage3_002820#1,Garage3_002820,1,"344.374,399.513,437.009,682.561",true,absent,Facing,none,none,true,,gpt_prelabel,2026-06-26T15:21:03-04:00,true,2026-06-26T15:21:03-04:00
Garage3_002820#2,Garage3_002820,2,"585.949,411.89,623.15,534.119",true,worn_unknown,Side,none,uncertain,true,,human_verified,2026-06-26T14:09:13-04:00,true,2026-06-26T15:21:03-04:00
Garage3_002844#1,Garage3_002844,1,"322.91,394.044,436.624,708.734",true,worn_secured,Facing,none,none,true,,human_verified,2026-06-26T14:56:44-04:00,true,2026-06-26T15:21:03-04:00
Garage3_002844#2,Garage3_002844,2,"533.993,410.342,598.728,535.949",true,worn_unknown,Side,none,none,true,,helmet_auto_worn_unknown,2026-06-26T15:21:03-04:00,true,2026-06-26T15:21:03-04:00
Garage3_002868#1,Garage3_002868,1,"317.085,389.708,433.71,719.779",true,worn_secured,Facing,none,none,true,,human_verified,2026-06-26T14:57:00-04:00,true,2026-06-26T15:21:03-04:00
Garage3_002868#2,Garage3_002868,2,"483.945,409.346,561.708,538.551",true,worn_unknown,Side,none,none,true,,helmet_auto_worn_unknown,2026-06-26T15:21:03-04:00,true,2026-06-26T15:21:03-04:00
Garage3_002892#1,Garage3_002892,1,"272.089,385.345,403.878,719.457",true,worn_secured,Facing,none,none,true,,human_verified,2026-06-26T14:57:12-04:00,true,2026-06-26T15:21:03-04:00
Garage3_002892#2,Garage3_002892,2,"458.566,408.038,504.493,536.384",true,worn_unknown,Facing,none,none,true,,helmet_auto_worn_unknown,2026-06-26T15:21:03-04:00,true,2026-06-26T15:21:03-04:00
Garage3_002916#1,Garage3_002916,1,"194.55,391.723,381.369,719.47",true,worn_secured,Facing,partial,none,true,,gpt_prelabel,2026-06-26T15:21:03-04:00,true,2026-06-26T15:21:03-04:00
Garage3_002916#2,Garage3_002916,2,"429.393,406.034,463.999,536.997",true,worn_unknown,Side,none,none,true,,human_verified,2026-06-26T14:09:40-04:00,true,2026-06-26T15:21:03-04:00
Garage3_002940#1,Garage3_002940,1,"141.104,379.749,290.844,719.821",true,worn_secured,Side,partial,none,true,,gpt_prelabel,2026-06-26T15:21:03-04:00,true,2026-06-26T15:21:03-04:00
Garage3_002940#3,Garage3_002940,3,"383.831,409.915,428.837,535.768",true,worn_unknown,Side,none,none,true,,helmet_auto_worn_unknown,2026-06-26T15:21:03-04:00,true,2026-06-26T15:21:03-04:00
Garage3_002964#1,Garage3_002964,1,"0.282,373.811,172.586,719.221",true,worn_secured,Side,partial,none,true,,gpt_prelabel,2026-06-26T15:21:03-04:00,true,2026-06-26T15:21:03-04:00
Garage3_002964#2,Garage3_002964,2,"342.507,406.902,400.399,534.044",true,worn_unknown,Side,partial,none,true,,human_verified,2026-06-26T14:09:55-04:00,true,2026-06-26T15:21:03-04:00
Garage3_002988#1,Garage3_002988,1,"0.159,486.481,36.041,719.422",true,uncertain,uncertain,heavy,uncertain,true,,human_verified,2026-06-26T14:10:31-04:00,true,2026-06-26T15:21:03-04:00
Garage3_002988#2,Garage3_002988,2,"319.333,400.333,351.333,454.333",true,worn_unknown,Side,partial,uncertain,true,,human_verified,2026-06-26T14:10:44-04:00,true,2026-06-26T15:21:03-04:00
Garage3_003228#1,Garage3_003228,1,"363.755,409.03,411.612,540.512",true,worn_unknown,Side,none,none,true,,helmet_auto_worn_unknown,2026-06-26T15:21:03-04:00,true,2026-06-26T15:21:03-04:00
Garage3_003336#1,Garage3_003336,1,"532.998,408.604,614.697,560.668",true,worn_unknown,Side,none,none,true,,helmet_auto_worn_unknown,2026-06-26T15:21:03-04:00,true,2026-06-26T15:21:03-04:00
Garage3_003372#1,Garage3_003372,1,"605.475,409.298,673.761,565.594",true,worn_unknown,Side,none,none,true,,helmet_auto_worn_unknown,2026-06-26T15:21:03-04:00,true,2026-06-26T15:21:03-04:00
Garage3_003420#1,Garage3_003420,1,"247.348,399.681,367.875,667.895",true,worn_secured,Side,none,none,true,,human_verified,2026-06-26T14:57:29-04:00,true,2026-06-26T15:21:03-04:00
Garage3_003420#2,Garage3_003420,2,"730.116,421.164,778.592,578.976",true,worn_unknown,Side,partial,none,true,,helmet_auto_worn_unknown,2026-06-26T15:21:03-04:00,true,2026-06-26T15:21:03-04:00
Garage3_003456#1,Garage3_003456,1,"356.223,395.177,441.992,654.49",true,worn_secured,Side,none,none,true,,human_verified,2026-06-26T14:57:41-04:00,true,2026-06-26T15:21:03-04:00
Garage3_003456#2,Garage3_003456,2,"796.613,414.363,870.653,586.468",true,worn_unknown,Side,partial,none,true,,helmet_auto_worn_unknown,2026-06-26T15:21:03-04:00,true,2026-06-26T15:21:03-04:00
Garage3_003480#1,Garage3_003480,1,"391.842,398.1,502.759,641.312",true,worn_secured,Side,none,none,true,,human_verified,2026-06-26T14:57:49-04:00,true,2026-06-26T15:21:03-04:00
Garage3_003480#2,Garage3_003480,2,"899.419,408.813,934.44,447.337",uncertain,worn_unknown,Side,heavy,uncertain,true,,human_verified,2026-06-26T14:11:07-04:00,true,2026-06-26T15:21:03-04:00
Garage3_003588#1,Garage3_003588,1,"601.071,401.439,660.979,598.182",true,worn_unknown,Side,none,none,true,,helmet_auto_worn_unknown,2026-06-26T15:21:03-04:00,true,2026-06-26T15:21:03-04:00
Garage4_000114#1,Garage4_000114,1,"764.903,361.886,959.302,719.217",false,absent,Side,partial,none,true,,gpt_prelabel,2026-06-26T15:21:03-04:00,true,2026-06-26T15:21:03-04:00
Garage4_000114#2,Garage4_000114,2,"0.18,357.652,152.985,719.142",true,worn_unknown,Back,partial,none,true,,helmet_auto_worn_unknown,2026-06-26T15:21:03-04:00,true,2026-06-26T15:21:03-04:00
Garage4_000132#1,Garage4_000132,1,"67.036,370.728,255.462,719.715",true,worn_unknown,Back,partial,none,true,,helmet_auto_worn_unknown,2026-06-26T15:21:03-04:00,true,2026-06-26T15:21:03-04:00
Garage4_000132#2,Garage4_000132,2,"676.553,370.205,856.46,719.644",false,absent,Side,partial,none,true,,gpt_prelabel,2026-06-26T15:21:03-04:00,true,2026-06-26T15:21:03-04:00
Garage4_000144#1,Garage4_000144,1,"664.511,377.413,786.565,719.471",false,absent,Side,partial,uncertain,true,,gpt_prelabel,2026-06-26T15:21:03-04:00,true,2026-06-26T15:21:03-04:00
Garage4_000144#2,Garage4_000144,2,"172.795,374.011,331.797,719.435",true,worn_unknown,Back,none,none,true,,helmet_auto_worn_unknown,2026-06-26T15:21:03-04:00,true,2026-06-26T15:21:03-04:00
Garage4_000162#1,Garage4_000162,1,"242.365,376.037,456.526,718.529",true,worn_unknown,Back,partial,none,true,,helmet_auto_worn_unknown,2026-06-26T15:21:03-04:00,true,2026-06-26T15:21:03-04:00
Garage4_000162#2,Garage4_000162,2,"628.48,383.434,752.217,719.593",false,absent,Side,none,none,true,,gpt_prelabel,2026-06-26T15:21:03-04:00,true,2026-06-26T15:21:03-04:00
Garage4_000174#1,Garage4_000174,1,"308.383,382.634,477.428,719.651",true,worn_unknown,Back,none,none,true,,helmet_auto_worn_unknown,2026-06-26T15:21:03-04:00,true,2026-06-26T15:21:03-04:00
Garage4_000174#2,Garage4_000174,2,"574.504,385.635,728.788,719.514",false,absent,Back,none,none,true,,gpt_prelabel,2026-06-26T15:21:03-04:00,true,2026-06-26T15:21:03-04:00
Garage4_000186#1,Garage4_000186,1,"365.76,387.3,498.439,719.478",true,worn_unknown,Back,partial,none,true,,helmet_auto_worn_unknown,2026-06-26T15:21:03-04:00,true,2026-06-26T15:21:03-04:00
Garage4_000186#2,Garage4_000186,2,"578.457,396.292,710.838,717.624",false,absent,Back,none,none,true,,gpt_prelabel,2026-06-26T15:21:03-04:00,true,2026-06-26T15:21:03-04:00
Garage4_000204#1,Garage4_000204,1,"423.874,392.393,545.037,718.631",true,worn_unknown,Back,none,none,true,,helmet_auto_worn_unknown,2026-06-26T15:21:03-04:00,true,2026-06-26T15:21:03-04:00
Garage4_000204#2,Garage4_000204,2,"593.795,400.793,690.758,689.434",false,absent,Back,none,none,true,,gpt_prelabel,2026-06-26T15:21:03-04:00,true,2026-06-26T15:21:03-04:00
Garage4_000216#1,Garage4_000216,1,"444.594,391.561,565.584,717.096",true,worn_unknown,Back,none,none,true,,helmet_auto_worn_unknown,2026-06-26T15:21:03-04:00,true,2026-06-26T15:21:03-04:00
Garage4_000216#2,Garage4_000216,2,"581.977,395.364,698.533,653.663",false,absent,Back,none,none,true,,gpt_prelabel,2026-06-26T15:21:03-04:00,true,2026-06-26T15:21:03-04:00
Garage4_000228#1,Garage4_000228,1,"458.66,396.069,583.908,687.744",true,worn_unknown,Back,none,none,true,,helmet_auto_worn_unknown,2026-06-26T15:21:03-04:00,true,2026-06-26T15:21:03-04:00
Garage4_000228#2,Garage4_000228,2,"592.63,400.439,688.01,633.8",false,absent,Back,none,none,true,,gpt_prelabel,2026-06-26T15:21:03-04:00,true,2026-06-26T15:21:03-04:00
Garage4_000240#1,Garage4_000240,1,"477.386,398.49,584.406,680.304",true,worn_unknown,Back,none,none,true,,helmet_auto_worn_unknown,2026-06-26T15:21:03-04:00,true,2026-06-26T15:21:03-04:00
Garage4_000240#2,Garage4_000240,2,"603.479,402.645,692.778,623.32",false,absent,Back,none,none,true,,gpt_prelabel,2026-06-26T15:21:03-04:00,true,2026-06-26T15:21:03-04:00
Garage4_000258#1,Garage4_000258,1,"514.007,397.608,599.491,645.043",true,worn_unknown,Back,none,none,true,,helmet_auto_worn_unknown,2026-06-26T15:21:03-04:00,true,2026-06-26T15:21:03-04:00
Garage4_000258#2,Garage4_000258,2,"607.255,403.409,686.562,598.196",false,absent,Back,none,none,true,,gpt_prelabel,2026-06-26T15:21:03-04:00,true,2026-06-26T15:21:03-04:00
Garage4_000282#1,Garage4_000282,1,"539.903,396.634,615.96,617.461",true,worn_secured,Back,none,none,true,,human_verified,2026-06-25T23:54:54-04:00,true,2026-06-26T15:21:03-04:00
Garage4_000282#2,Garage4_000282,2,"620.466,401.878,681.344,572.794",false,absent,Back,none,none,true,,human_verified,2026-06-25T23:54:53-04:00,true,2026-06-26T15:21:03-04:00
Garage4_000282#3,Garage4_000282,3,"205.826,411.382,247.502,585.071",true,worn_unknown,Side,heavy,uncertain,true,,human_verified,2026-06-26T14:11:21-04:00,true,2026-06-26T15:21:03-04:00
Garage4_000306#1,Garage4_000306,1,"582.884,402.506,673.266,604.166",true,worn_unknown,Back,partial,none,true,,helmet_auto_worn_unknown,2026-06-26T15:21:03-04:00,true,2026-06-26T15:21:03-04:00
Garage4_000306#2,Garage4_000306,2,"310.402,398.971,381.587,631.933",true,worn_unknown,Side,none,none,true,,helmet_auto_worn_unknown,2026-06-26T15:21:03-04:00,true,2026-06-26T15:21:03-04:00
Garage4_000306#3,Garage4_000306,3,"628.591,403.646,675.868,555.206",false,absent,Side,partial,none,true,,gpt_prelabel,2026-06-26T15:21:03-04:00,true,2026-06-26T15:21:03-04:00
Garage4_000336#1,Garage4_000336,1,"491.046,399.915,553.569,635.931",true,worn_unknown,Side,none,none,true,,helmet_auto_worn_unknown,2026-06-26T15:21:03-04:00,true,2026-06-26T15:21:03-04:00
Garage4_000336#2,Garage4_000336,2,"646.477,407.225,708.401,583.329",true,worn_unknown,Back,none,none,true,,helmet_auto_worn_unknown,2026-06-26T15:21:03-04:00,true,2026-06-26T15:21:03-04:00
Garage4_000336#3,Garage4_000336,3,"608.621,403.176,651.714,531.109",false,absent,Side,none,none,true,,gpt_prelabel,2026-06-26T15:21:03-04:00,true,2026-06-26T15:21:03-04:00
Garage4_000354#1,Garage4_000354,1,"605.341,403.903,671.033,643.646",true,worn_unknown,Side,partial,none,true,,helmet_auto_worn_unknown,2026-06-26T15:21:03-04:00,true,2026-06-26T15:21:03-04:00
Garage4_000354#2,Garage4_000354,2,"651.606,400.796,712.6,571.979",true,worn_unknown,Back,partial,none,true,,helmet_auto_worn_unknown,2026-06-26T15:21:03-04:00,true,2026-06-26T15:21:03-04:00
Garage4_000354#3,Garage4_000354,3,"592.712,400.853,620.101,474.719",true,absent,Side,partial,none,true,,human_verified,2026-06-26T14:58:26-04:00,true,2026-06-26T15:21:03-04:00
Garage4_000384#1,Garage4_000384,1,"797.674,402.572,860.554,652.653",true,worn_unknown,Side,partial,none,true,,helmet_auto_worn_unknown,2026-06-26T15:21:03-04:00,true,2026-06-26T15:21:03-04:00
Garage4_000384#2,Garage4_000384,2,"664.37,403.198,718.06,555.891",true,worn_unknown,Back,none,none,true,,helmet_auto_worn_unknown,2026-06-26T15:21:03-04:00,true,2026-06-26T15:21:03-04:00
Garage4_000384#3,Garage4_000384,3,"548.708,409.595,595.864,512.458",false,absent,Back,none,none,true,,human_verified,2026-06-26T14:11:41-04:00,true,2026-06-26T15:21:03-04:00
Garage4_000396#1,Garage4_000396,1,"664.521,403.584,716.853,549.019",true,worn_unknown,Back,none,none,true,,helmet_auto_worn_unknown,2026-06-26T15:21:03-04:00,true,2026-06-26T15:21:03-04:00
Garage4_000396#2,Garage4_000396,2,"513.81,408.538,568.325,512.279",false,absent,Side,none,none,true,,gpt_prelabel,2026-06-26T15:21:03-04:00,true,2026-06-26T15:21:03-04:00
Garage4_000396#3,Garage4_000396,3,"879.333,402.333,938.333,483.333",false,worn_unknown,Side,partial,none,true,,helmet_auto_worn_unknown,2026-06-26T15:21:03-04:00,true,2026-06-26T15:21:03-04:00
Garage4_000426#1,Garage4_000426,1,"654.123,410.441,699.765,537.367",true,worn_unknown,Back,none,none,true,,helmet_auto_worn_unknown,2026-06-26T15:21:03-04:00,true,2026-06-26T15:21:03-04:00
Garage4_000426#2,Garage4_000426,2,"471.354,403.745,500.524,510.259",false,absent,Facing,none,none,true,,human_verified,2026-06-26T14:11:55-04:00,true,2026-06-26T15:21:03-04:00
Garage4_000444#1,Garage4_000444,1,"640.732,405.697,684.436,529.307",true,worn_unknown,Facing,none,none,true,,helmet_auto_worn_unknown,2026-06-26T15:21:03-04:00,true,2026-06-26T15:21:03-04:00
Garage4_000444#2,Garage4_000444,2,"426.993,402.073,475.071,512.49",false,absent,Facing,none,none,true,,gpt_prelabel,2026-06-26T15:21:03-04:00,true,2026-06-26T15:21:03-04:00
Garage4_000456#1,Garage4_000456,1,"403.466,404.041,448.878,514.982",false,absent,Facing,none,none,true,,gpt_prelabel,2026-06-26T15:21:03-04:00,true,2026-06-26T15:21:03-04:00
Garage4_000456#2,Garage4_000456,2,"628.291,403.808,664.708,525.737",true,worn_unknown,Facing,none,none,true,,helmet_auto_worn_unknown,2026-06-26T15:21:03-04:00,true,2026-06-26T15:21:03-04:00
Garage4_000474#1,Garage4_000474,1,"368.703,403.654,423.004,519.893",false,absent,Facing,none,none,true,,gpt_prelabel,2026-06-26T15:21:03-04:00,true,2026-06-26T15:21:03-04:00
Garage4_000474#2,Garage4_000474,2,"599.567,409.089,649.238,521.099",true,worn_unknown,Side,none,none,true,,helmet_auto_worn_unknown,2026-06-26T15:21:03-04:00,true,2026-06-26T15:21:03-04:00
Garage4_000498#1,Garage4_000498,1,"573.343,409.069,616.024,515.229",true,worn_unknown,Side,none,none,true,,human_verified,2026-06-26T14:12:08-04:00,true,2026-06-26T15:21:03-04:00
Garage4_000498#2,Garage4_000498,2,"334.971,403.106,370.186,528.297",false,absent,Facing,partial,none,true,,human_verified,2026-06-26T14:12:25-04:00,true,2026-06-26T15:21:03-04:00
Garage4_000516#1,Garage4_000516,1,"542.453,407.738,584.354,514.912",true,worn_unknown,Side,none,none,true,,helmet_auto_worn_unknown,2026-06-26T15:21:03-04:00,true,2026-06-26T15:21:03-04:00
Garage4_000516#2,Garage4_000516,2,"285.09,403.558,315.827,448.303",false,absent,Side,heavy,uncertain,true,,human_verified,2026-06-26T14:19:18-04:00,true,2026-06-26T15:21:03-04:00
Garage4_000534#1,Garage4_000534,1,"508.394,403.551,543.333,514.941",true,worn_unknown,Side,none,uncertain,true,,human_verified,2026-06-26T14:20:19-04:00,true,2026-06-26T15:21:03-04:00
Garage4_000534#2,Garage4_000534,2,"225.808,401.536,262.61,446.821",false,absent,Side,heavy,uncertain,true,,human_verified,2026-06-26T14:20:27-04:00,true,2026-06-26T15:21:03-04:00
Garage4_000546#1,Garage4_000546,1,"494.628,405.307,535.883,514.592",true,worn_unknown,Facing,none,none,true,,helmet_auto_worn_unknown,2026-06-26T15:21:03-04:00,true,2026-06-26T15:21:03-04:00
Garage4_000588#1,Garage4_000588,1,"443.824,405.594,476.914,524.452",true,worn_unknown,Facing,none,none,true,,helmet_auto_worn_unknown,2026-06-26T15:21:03-04:00,true,2026-06-26T15:21:03-04:00
Garage4_000612#1,Garage4_000612,1,"400.032,405.19,447.863,526.993",true,worn_unknown,Facing,none,none,true,,helmet_auto_worn_unknown,2026-06-26T15:21:03-04:00,true,2026-06-26T15:21:03-04:00
Garage4_000612#2,Garage4_000612,2,"228.796,402.45,274.219,448.41",false,absent,Side,heavy,uncertain,true,,human_verified,2026-06-26T14:20:39-04:00,true,2026-06-26T15:21:03-04:00
Garage4_000612#3,Garage4_000612,3,"873.333,418.333,921.333,472.333",uncertain,worn_unknown,Side,heavy,uncertain,true,,human_verified,2026-06-26T14:20:51-04:00,true,2026-06-26T15:21:03-04:00
Garage4_000630#1,Garage4_000630,1,"736.438,406.369,844.03,638.164",true,worn_unsecured,Side,none,none,true,,human_verified,2026-06-26T15:01:00-04:00,true,2026-06-26T15:21:03-04:00
Garage4_000630#2,Garage4_000630,2,"401.137,404.366,446.271,535.054",true,worn_unknown,Facing,none,none,true,,helmet_auto_worn_unknown,2026-06-26T15:21:03-04:00,true,2026-06-26T15:21:03-04:00
Garage4_000630#3,Garage4_000630,3,"269.807,401.601,326.495,446.317",false,absent,Side,heavy,uncertain,true,,human_verified,2026-06-26T14:21:07-04:00,true,2026-06-26T15:21:03-04:00
Garage4_000642#1,Garage4_000642,1,"655.785,409.791,789.178,638.143",true,worn_unsecured,Side,none,none,true,,human_verified,2026-06-26T15:01:07-04:00,true,2026-06-26T15:21:03-04:00
Garage4_000642#2,Garage4_000642,2,"401.217,405.431,442.188,543.346",true,worn_unknown,Facing,none,none,true,,helmet_auto_worn_unknown,2026-06-26T15:21:03-04:00,true,2026-06-26T15:21:03-04:00
Garage4_000642#3,Garage4_000642,3,"301.928,405.037,342.954,448.61",false,absent,Side,heavy,uncertain,true,,human_verified,2026-06-26T14:21:36-04:00,true,2026-06-26T15:21:03-04:00
Garage4_000654#1,Garage4_000654,1,"579.959,404.204,702.833,641.997",true,worn_unknown,Side,none,none,true,,helmet_auto_worn_unknown,2026-06-26T15:21:03-04:00,true,2026-06-26T15:21:03-04:00
Garage4_000654#2,Garage4_000654,2,"400.328,405.123,447.145,546.87",true,worn_unknown,Facing,partial,none,true,,helmet_auto_worn_unknown,2026-06-26T15:21:03-04:00,true,2026-06-26T15:21:03-04:00
Garage4_000654#3,Garage4_000654,3,"328.359,400.739,363.845,533.753",false,absent,Facing,partial,uncertain,true,,human_verified,2026-06-26T14:21:43-04:00,true,2026-06-26T15:21:03-04:00
Garage4_000666#1,Garage4_000666,1,"535.76,398.01,600.125,647.096",true,worn_unknown,Side,none,none,true,,helmet_auto_worn_unknown,2026-06-26T15:21:03-04:00,true,2026-06-26T15:21:03-04:00
Garage4_000666#2,Garage4_000666,2,"400.422,403.791,455.678,551.129",true,worn_unknown,Facing,none,none,true,,helmet_auto_worn_unknown,2026-06-26T15:21:03-04:00,true,2026-06-26T15:21:03-04:00
Garage4_000666#3,Garage4_000666,3,"349.383,403.273,394.728,538.924",false,absent,Facing,none,none,true,,gpt_prelabel,2026-06-26T15:21:03-04:00,true,2026-06-26T15:21:03-04:00
Garage4_000678#1,Garage4_000678,1,"445.9,402.007,553.865,651.846",true,worn_unsecured,Side,none,none,true,,gpt_prelabel,2026-06-26T15:21:03-04:00,true,2026-06-26T15:21:03-04:00
Garage4_000678#2,Garage4_000678,2,"406.62,404.483,449.318,562.431",true,worn_unknown,Facing,none,none,true,,helmet_auto_worn_unknown,2026-06-26T15:21:03-04:00,true,2026-06-26T15:21:03-04:00
Garage4_000678#3,Garage4_000678,3,"368.632,406.722,414.487,538.147",false,absent,Side,partial,none,true,,gpt_prelabel,2026-06-26T15:21:03-04:00,true,2026-06-26T15:21:03-04:00
Garage4_000690#1,Garage4_000690,1,"347.04,403.748,487.046,665.203",true,worn_unknown,Side,none,none,true,,helmet_auto_worn_unknown,2026-06-26T15:21:03-04:00,true,2026-06-26T15:21:03-04:00
Garage4_000690#2,Garage4_000690,2,"434.371,401.328,469.804,478.38",false,absent,Facing,heavy,uncertain,true,,human_verified,2026-06-26T14:22:06-04:00,true,2026-06-26T15:21:03-04:00
Garage4_000708#1,Garage4_000708,1,"223.707,406.069,374.083,674.614",true,worn_unknown,Side,none,none,true,,helmet_auto_worn_unknown,2026-06-26T15:21:03-04:00,true,2026-06-26T15:21:03-04:00
Garage4_000708#2,Garage4_000708,2,"391.711,403.86,450.689,587.251",true,worn_unknown,Facing,none,none,true,,helmet_auto_worn_unknown,2026-06-26T15:21:03-04:00,true,2026-06-26T15:21:03-04:00
Garage4_000708#3,Garage4_000708,3,"463.537,402.648,519.463,552.309",false,absent,Facing,none,none,true,,gpt_prelabel,2026-06-26T15:21:03-04:00,true,2026-06-26T15:21:03-04:00
Garage4_000732#1,Garage4_000732,1,"371.274,400.641,454.19,608.516",true,worn_unknown,Facing,none,none,true,,helmet_auto_worn_unknown,2026-06-26T15:21:03-04:00,true,2026-06-26T15:21:03-04:00
Garage4_000732#2,Garage4_000732,2,"511.976,407.128,588.382,575.551",false,absent,Facing,none,none,true,,gpt_prelabel,2026-06-26T15:21:03-04:00,true,2026-06-26T15:21:03-04:00
Garage4_000744#1,Garage4_000744,1,"361.035,400.678,437.356,630.963",true,absent,Facing,none,uncertain,true,,gpt_prelabel,2026-06-26T15:21:03-04:00,true,2026-06-26T15:21:03-04:00
Garage4_000744#2,Garage4_000744,2,"535.477,399.192,610.989,583.052",false,absent,Facing,none,none,true,,gpt_prelabel,2026-06-26T15:21:03-04:00,true,2026-06-26T15:21:03-04:00
Garage4_000756#1,Garage4_000756,1,"338.467,399.7,441.481,646.225",true,absent,Facing,none,none,true,,gpt_prelabel,2026-06-26T15:21:03-04:00,true,2026-06-26T15:21:03-04:00
Garage4_000756#2,Garage4_000756,2,"552.496,399.898,628.347,596.496",false,absent,Facing,none,none,true,,gpt_prelabel,2026-06-26T15:21:03-04:00,true,2026-06-26T15:21:03-04:00
Garage4_000774#1,Garage4_000774,1,"329.933,398.901,425.306,685.421",true,worn_unsecured,Facing,none,none,true,,gpt_prelabel,2026-06-26T15:21:03-04:00,true,2026-06-26T15:21:03-04:00
Garage4_000774#2,Garage4_000774,2,"584.712,397.41,670.084,624.116",false,absent,Facing,none,none,true,,gpt_prelabel,2026-06-26T15:21:03-04:00,true,2026-06-26T15:21:03-04:00
Garage4_000786#1,Garage4_000786,1,"288.091,391.501,422.731,713.34",true,worn_secured,Facing,none,none,true,,gpt_prelabel,2026-06-26T15:21:03-04:00,true,2026-06-26T15:21:03-04:00
Garage4_000786#2,Garage4_000786,2,"596.956,401.522,687.853,647.11",false,absent,Facing,none,none,true,,gpt_prelabel,2026-06-26T15:21:03-04:00,true,2026-06-26T15:21:03-04:00
Garage4_000798#1,Garage4_000798,1,"279.7,388.378,403.605,719.445",true,worn_secured,Facing,none,none,true,,gpt_prelabel,2026-06-26T15:21:03-04:00,true,2026-06-26T15:21:03-04:00
Garage4_000798#2,Garage4_000798,2,"602.828,397.207,725.014,678.482",false,absent,Facing,none,none,true,,gpt_prelabel,2026-06-26T15:21:03-04:00,true,2026-06-26T15:21:03-04:00
Garage4_000810#1,Garage4_000810,1,"236.652,388.104,366.129,719.883",true,worn_secured,Facing,partial,none,true,,gpt_prelabel,2026-06-26T15:21:03-04:00,true,2026-06-26T15:21:03-04:00
Garage4_000810#2,Garage4_000810,2,"606.121,393.529,731.459,706.981",false,absent,Facing,none,none,true,,gpt_prelabel,2026-06-26T15:21:03-04:00,true,2026-06-26T15:21:03-04:00
Garage4_000828#1,Garage4_000828,1,"140.94,385.159,313.389,719.36",true,worn_secured,Side,partial,none,true,,gpt_prelabel,2026-06-26T15:21:03-04:00,true,2026-06-26T15:21:03-04:00
Garage4_000828#2,Garage4_000828,2,"617.192,388.313,768.107,719.646",false,absent,Facing,none,none,true,,gpt_prelabel,2026-06-26T15:21:03-04:00,true,2026-06-26T15:21:03-04:00
Garage4_000840#1,Garage4_000840,1,"629.046,388.459,820.682,719.107",false,absent,Facing,none,none,true,,gpt_prelabel,2026-06-26T15:21:03-04:00,true,2026-06-26T15:21:03-04:00
Garage4_000840#2,Garage4_000840,2,"25.491,381.123,194.898,719.404",true,worn_secured,Side,partial,none,true,,gpt_prelabel,2026-06-26T15:21:03-04:00,true,2026-06-26T15:21:03-04:00
Garage4_000852#1,Garage4_000852,1,"624.182,375.524,820.103,719.995",false,absent,Facing,partial,none,true,,gpt_prelabel,2026-06-26T15:21:03-04:00,true,2026-06-26T15:21:03-04:00
Garage4_000852#2,Garage4_000852,2,"0.277,374.805,88.123,719.132",true,worn_unknown,Side,partial,none,true,,helmet_auto_worn_unknown,2026-06-26T15:21:03-04:00,true,2026-06-26T15:21:03-04:00
Garage4_000864#1,Garage4_000864,1,"649.732,357.927,915.607,720",false,absent,Facing,partial,none,true,,gpt_prelabel,2026-06-26T15:21:03-04:00,true,2026-06-26T15:21:03-04:00
Garage4_000882#1,Garage4_000882,1,"661.094,329.697,959.19,719.291",false,absent,Facing,partial,none,true,,gpt_prelabel,2026-06-26T15:21:03-04:00,true,2026-06-26T15:21:03-04:00
Garage4_000894#1,Garage4_000894,1,"768.84,578.896,958,718.667",false,absent,Side,partial,none,true,,gpt_prelabel,2026-06-26T15:21:03-04:00,true,2026-06-26T15:21:03-04:00
Garage4_000948#1,Garage4_000948,1,"482.038,283.487,936.561,719.303",false,absent,Side,partial,none,true,,gpt_prelabel,2026-06-26T15:21:03-04:00,true,2026-06-26T15:21:03-04:00
Garage4_000960#1,Garage4_000960,1,"263.368,341.033,577.269,719.436",false,absent,Back,partial,uncertain,true,,gpt_prelabel,2026-06-26T15:21:03-04:00,true,2026-06-26T15:21:03-04:00
Garage4_000960#2,Garage4_000960,2,"0.198,382.773,102.937,719.096",true,worn_unknown,Side,partial,none,true,,helmet_auto_worn_unknown,2026-06-26T15:21:03-04:00,true,2026-06-26T15:21:03-04:00
Garage4_000972#1,Garage4_000972,1,"3.099,340.723,382.276,719.289",false,absent,Back,partial,none,true,,gpt_prelabel,2026-06-26T15:21:03-04:00,true,2026-06-26T15:21:03-04:00
Garage4_000984#1,Garage4_000984,1,"0.457,332.608,89.541,719.021",false,absent,Back,partial,none,true,,gpt_prelabel,2026-06-26T15:21:03-04:00,true,2026-06-26T15:21:03-04:00
Garage4_000984#2,Garage4_000984,2,"263.486,393.617,415.724,719.644",true,worn_unsecured,Side,partial,none,true,,gpt_prelabel,2026-06-26T15:21:03-04:00,true,2026-06-26T15:21:03-04:00
Garage4_001002#1,Garage4_001002,1,"0.454,373.721,196.494,719.314",false,absent,Back,partial,none,true,,gpt_prelabel,2026-06-26T15:21:03-04:00,true,2026-06-26T15:21:03-04:00
Garage4_001002#2,Garage4_001002,2,"403.792,395.253,595.269,719.819",true,worn_unknown,Side,none,none,true,,helmet_auto_worn_unknown,2026-06-26T15:21:03-04:00,true,2026-06-26T15:21:03-04:00
Garage4_001002#3,Garage4_001002,3,"210.116,397.445,261.002,638.753",true,worn_unknown,Side,none,none,true,,helmet_auto_worn_unknown,2026-06-26T15:21:03-04:00,true,2026-06-26T15:21:03-04:00
Garage4_001014#1,Garage4_001014,1,"6.009,382.02,244.954,719.462",false,absent,Back,partial,none,true,,gpt_prelabel,2026-06-26T15:21:03-04:00,true,2026-06-26T15:21:03-04:00
Garage4_001014#2,Garage4_001014,2,"528.285,395.163,665.649,719.763",true,worn_unknown,Side,none,none,true,,helmet_auto_worn_unknown,2026-06-26T15:21:03-04:00,true,2026-06-26T15:21:03-04:00
Garage4_001014#3,Garage4_001014,3,"233.241,398.297,343.615,639.457",true,worn_secured,Side,none,none,true,,human_verified,2026-06-26T15:08:39-04:00,true,2026-06-26T15:21:03-04:00
Garage4_001026#1,Garage4_001026,1,"111.326,374.611,270.761,719.238",false,absent,Back,partial,none,true,,gpt_prelabel,2026-06-26T15:21:03-04:00,true,2026-06-26T15:21:03-04:00
Garage4_001026#2,Garage4_001026,2,"602.677,393.069,721.786,719.905",true,worn_unknown,Back,none,none,true,,helmet_auto_worn_unknown,2026-06-26T15:21:03-04:00,true,2026-06-26T15:21:03-04:00
Garage4_001026#3,Garage4_001026,3,"302.063,396.855,386.454,639.037",true,worn_unknown,Side,none,none,true,,helmet_auto_worn_unknown,2026-06-26T15:21:03-04:00,true,2026-06-26T15:21:03-04:00
Garage4_001044#1,Garage4_001044,1,"208.386,381.391,350.409,719.363",false,absent,Back,partial,none,true,,gpt_prelabel,2026-06-26T15:21:03-04:00,true,2026-06-26T15:21:03-04:00
Garage4_001044#2,Garage4_001044,2,"690.216,396.276,783.154,693.548",true,worn_unknown,Back,partial,none,true,,helmet_auto_worn_unknown,2026-06-26T15:21:03-04:00,true,2026-06-26T15:21:03-04:00
Garage4_001044#3,Garage4_001044,3,"368.388,395.895,460.132,624.232",true,worn_unknown,Side,none,none,true,,helmet_auto_worn_unknown,2026-06-26T15:21:03-04:00,true,2026-06-26T15:21:03-04:00
Garage4_001056#1,Garage4_001056,1,"232.242,389.94,361.188,719.525",false,absent,Back,partial,none,true,,gpt_prelabel,2026-06-26T15:21:03-04:00,true,2026-06-26T15:21:03-04:00
Garage4_001056#2,Garage4_001056,2,"738.297,400.799,833.096,678.428",true,worn_unknown,Back,partial,none,true,,helmet_auto_worn_unknown,2026-06-26T15:21:03-04:00,true,2026-06-26T15:21:03-04:00
Garage4_001056#3,Garage4_001056,3,"413.961,397.061,492.12,620.75",true,worn_unknown,Side,none,none,true,,helmet_auto_worn_unknown,2026-06-26T15:21:03-04:00,true,2026-06-26T15:21:03-04:00
Garage4_001068#1,Garage4_001068,1,"251.609,387.358,359.346,706.583",false,absent,Back,none,none,true,,gpt_prelabel,2026-06-26T15:21:03-04:00,true,2026-06-26T15:21:03-04:00
Garage4_001068#2,Garage4_001068,2,"760.192,407.052,876.619,677.296",true,worn_unknown,Back,partial,none,true,,helmet_auto_worn_unknown,2026-06-26T15:21:03-04:00,true,2026-06-26T15:21:03-04:00
Garage4_001068#3,Garage4_001068,3,"451.905,396.643,530.802,616.494",true,worn_unknown,Side,none,none,true,,helmet_auto_worn_unknown,2026-06-26T15:21:03-04:00,true,2026-06-26T15:21:03-04:00
Garage4_001086#1,Garage4_001086,1,"284.183,395.466,387.098,660.395",false,absent,Back,none,none,true,,gpt_prelabel,2026-06-26T15:21:03-04:00,true,2026-06-26T15:21:03-04:00
Garage4_001086#2,Garage4_001086,2,"511.29,400.48,592.47,605.17",true,worn_unknown,Side,none,none,true,,helmet_auto_worn_unknown,2026-06-26T15:21:03-04:00,true,2026-06-26T15:21:03-04:00
Garage4_001086#3,Garage4_001086,3,"857.333,415.333,938.333,478.333",true,worn_unknown,Back,heavy,uncertain,true,,human_verified,2026-06-26T14:22:25-04:00,true,2026-06-26T15:21:03-04:00
Garage4_001128#1,Garage4_001128,1,"636.536,402.773,720.524,589.616",true,worn_unknown,Side,none,none,true,,helmet_auto_worn_unknown,2026-06-26T15:21:03-04:00,true,2026-06-26T15:21:03-04:00
Garage4_001128#2,Garage4_001128,2,"352.807,402.349,427.402,597.433",false,absent,Back,none,none,true,,gpt_prelabel,2026-06-26T15:21:03-04:00,true,2026-06-26T15:21:03-04:00
Garage4_001242#2,Garage4_001242,2,"817.95,404.404,880.675,615.041",true,worn_unknown,Side,partial,none,true,,helmet_auto_worn_unknown,2026-06-26T15:21:03-04:00,true,2026-06-26T15:21:03-04:00
Garage4_001242#3,Garage4_001242,3,"757.161,407.831,806.086,546.483",true,worn_unknown,Side,partial,none,true,,helmet_auto_worn_unknown,2026-06-26T15:21:03-04:00,true,2026-06-26T15:21:03-04:00
Garage4_001242#4,Garage4_001242,4,"426.539,402.775,464.24,513.935",false,absent,Back,none,uncertain,true,,human_verified,2026-06-26T14:22:52-04:00,true,2026-06-26T15:21:03-04:00
Garage4_001296#1,Garage4_001296,1,"679.988,397.137,800.874,687.529",true,worn_unsecured,Facing,none,none,true,,human_verified,2026-06-26T15:09:25-04:00,true,2026-06-26T15:21:03-04:00
Garage4_001296#2,Garage4_001296,2,"630.614,409.317,678.086,539.464",true,worn_unknown,Facing,none,none,true,,helmet_auto_worn_unknown,2026-06-26T15:21:03-04:00,true,2026-06-26T15:21:03-04:00
Garage4_001296#3,Garage4_001296,3,"544.71,405.867,571.561,511.372",false,absent,Side,none,uncertain,true,,human_verified,2026-06-26T14:24:08-04:00,true,2026-06-26T15:21:03-04:00
Garage4_001308#1,Garage4_001308,1,"673.506,394.829,801.975,710.58",true,worn_unsecured,Facing,none,none,true,,human_verified,2026-06-26T15:09:21-04:00,true,2026-06-26T15:21:03-04:00
Garage4_001308#2,Garage4_001308,2,"559.439,407.625,614.154,513.719",false,absent,Side,none,none,true,,human_verified,2026-06-26T14:25:02-04:00,true,2026-06-26T15:21:03-04:00
Garage4_001308#3,Garage4_001308,3,"608.745,407.84,644.949,541.047",true,worn_unknown,Side,none,uncertain,true,,human_verified,2026-06-26T14:25:15-04:00,true,2026-06-26T15:21:03-04:00
Garage4_001326#1,Garage4_001326,1,"675.779,388.021,825.193,719.49",true,worn_unsecured,Facing,partial,none,true,,gpt_prelabel,2026-06-26T15:21:03-04:00,true,2026-06-26T15:21:03-04:00
Garage4_001326#2,Garage4_001326,2,"561.02,404.445,603.965,537.545",true,worn_unknown,Side,none,none,true,,helmet_auto_worn_unknown,2026-06-26T15:21:03-04:00,true,2026-06-26T15:21:03-04:00
Garage4_001326#3,Garage4_001326,3,"611.112,405.418,649.364,516.997",false,absent,Back,none,none,true,,human_verified,2026-06-26T14:25:26-04:00,true,2026-06-26T15:21:03-04:00
Garage4_001338#1,Garage4_001338,1,"701.13,387.972,881.526,718.496",true,worn_unsecured,Facing,partial,none,true,,human_verified,2026-06-26T15:09:11-04:00,true,2026-06-26T15:21:03-04:00
Garage4_001338#2,Garage4_001338,2,"632.13,408.824,691.292,523.737",false,absent,Side,none,none,true,,gpt_prelabel,2026-06-26T15:21:03-04:00,true,2026-06-26T15:21:03-04:00
Garage4_001338#3,Garage4_001338,3,"535.454,405.294,581.219,538.841",true,worn_unknown,Side,none,none,true,,helmet_auto_worn_unknown,2026-06-26T15:21:03-04:00,true,2026-06-26T15:21:03-04:00
Garage4_001350#1,Garage4_001350,1,"739.296,389.452,957.245,719.398",true,worn_unsecured,Facing,partial,none,true,,human_verified,2026-06-26T15:09:39-04:00,true,2026-06-26T15:21:03-04:00
Garage4_001350#2,Garage4_001350,2,"494.761,406.17,561.291,539.275",true,absent,Side,none,none,true,,gpt_prelabel,2026-06-26T15:21:03-04:00,true,2026-06-26T15:21:03-04:00
Garage4_001350#3,Garage4_001350,3,"663.435,406.246,708.886,525.553",false,absent,Facing,none,none,true,,gpt_prelabel,2026-06-26T15:21:03-04:00,true,2026-06-26T15:21:03-04:00
Garage4_001362#1,Garage4_001362,1,"817.177,378.162,959.834,718.891",true,worn_unknown,Facing,partial,none,true,,helmet_auto_worn_unknown,2026-06-26T15:21:03-04:00,true,2026-06-26T15:21:03-04:00
Garage4_001362#2,Garage4_001362,2,"466.339,404.333,528.019,541.384",true,worn_unknown,Facing,none,uncertain,true,,helmet_auto_worn_unknown,2026-06-26T15:21:03-04:00,true,2026-06-26T15:21:03-04:00
Garage4_001362#3,Garage4_001362,3,"697.011,407.089,740.773,534.851",false,absent,Facing,none,none,true,,gpt_prelabel,2026-06-26T15:21:03-04:00,true,2026-06-26T15:21:03-04:00
Garage4_001386#1,Garage4_001386,1,"749.03,412.959,785.704,545.985",true,absent,Facing,none,none,true,,human_verified,2026-06-26T15:09:54-04:00,true,2026-06-26T15:21:03-04:00
Garage4_001386#2,Garage4_001386,2,"431.847,406.503,487.131,550.208",true,worn_unknown,Facing,none,none,true,,helmet_auto_worn_unknown,2026-06-26T15:21:03-04:00,true,2026-06-26T15:21:03-04:00
Garage4_001428#1,Garage4_001428,1,"385.067,405.31,446.949,572.591",true,worn_unknown,Facing,none,none,true,,helmet_auto_worn_unknown,2026-06-26T15:21:03-04:00,true,2026-06-26T15:21:03-04:00
Garage4_001428#2,Garage4_001428,2,"729.997,409.453,791.968,574.495",false,absent,Facing,none,none,true,,gpt_prelabel,2026-06-26T15:21:03-04:00,true,2026-06-26T15:21:03-04:00
Garage4_001500#1,Garage4_001500,1,"319.775,398.695,421.854,660.229",true,absent,Facing,none,none,true,,gpt_prelabel,2026-06-26T15:21:03-04:00,true,2026-06-26T15:21:03-04:00
Garage4_001500#2,Garage4_001500,2,"508.553,401.937,604.135,613.371",false,absent,Facing,none,none,true,,gpt_prelabel,2026-06-26T15:21:03-04:00,true,2026-06-26T15:21:03-04:00
Garage4_001512#1,Garage4_001512,1,"312.947,394.955,414.31,673.282",true,worn_secured,Facing,none,none,true,,human_verified,2026-06-26T15:10:11-04:00,true,2026-06-26T15:21:03-04:00
Garage4_001512#2,Garage4_001512,2,"895.485,392.714,959.82,719.315",true,worn_unknown,Side,partial,uncertain,true,,helmet_auto_worn_unknown,2026-06-26T15:21:03-04:00,true,2026-06-26T15:21:03-04:00
Garage4_001512#3,Garage4_001512,3,"470.135,395.602,559.773,626.234",false,absent,Facing,none,none,true,,gpt_prelabel,2026-06-26T15:21:03-04:00,true,2026-06-26T15:21:03-04:00
Garage4_001530#1,Garage4_001530,1,"719.121,395.75,935.522,719.436",true,worn_unknown,Back,none,none,true,,human_verified,2026-06-26T15:10:24-04:00,true,2026-06-26T15:21:03-04:00
Garage4_001530#2,Garage4_001530,2,"265.865,389.308,398.3,718.459",true,worn_secured,Facing,none,none,true,,gpt_prelabel,2026-06-26T15:21:03-04:00,true,2026-06-26T15:21:03-04:00
Garage4_001530#3,Garage4_001530,3,"428.821,393.566,515.174,646.832",false,absent,Facing,none,none,true,,gpt_prelabel,2026-06-26T15:21:03-04:00,true,2026-06-26T15:21:03-04:00
Garage4_001542#1,Garage4_001542,1,"251.811,390.916,389.676,719.601",true,worn_unsecured,Facing,partial,none,true,,gpt_prelabel,2026-06-26T15:21:03-04:00,true,2026-06-26T15:21:03-04:00
Garage4_001542#2,Garage4_001542,2,"699.991,393.54,828.28,719.628",true,worn_unknown,Back,none,none,true,,helmet_auto_worn_unknown,2026-06-26T15:21:03-04:00,true,2026-06-26T15:21:03-04:00
Garage4_001542#3,Garage4_001542,3,"383.673,394.365,480.511,671.35",false,absent,Facing,none,none,true,,gpt_prelabel,2026-06-26T15:21:03-04:00,true,2026-06-26T15:21:03-04:00
Garage4_001560#1,Garage4_001560,1,"166.558,382.638,340.57,719.674",true,worn_secured,Facing,none,none,true,,gpt_prelabel,2026-06-26T15:21:03-04:00,true,2026-06-26T15:21:03-04:00
Garage4_001560#2,Garage4_001560,2,"636.772,403.876,771.418,718.218",true,worn_unknown,Back,none,none,true,,helmet_auto_worn_unknown,2026-06-26T15:21:03-04:00,true,2026-06-26T15:21:03-04:00
Garage4_001560#3,Garage4_001560,3,"326.476,392.988,434.517,713.396",false,absent,Facing,partial,none,true,,gpt_prelabel,2026-06-26T15:21:03-04:00,true,2026-06-26T15:21:03-04:00
Garage4_001572#1,Garage4_001572,1,"97.84,381.356,305.524,719.652",true,worn_secured,Side,none,none,true,,gpt_prelabel,2026-06-26T15:21:03-04:00,true,2026-06-26T15:21:03-04:00
Garage4_001572#2,Garage4_001572,2,"274.909,395.658,399.971,719.235",false,absent,Facing,partial,none,true,,gpt_prelabel,2026-06-26T15:21:03-04:00,true,2026-06-26T15:21:03-04:00
Garage4_001572#3,Garage4_001572,3,"626.786,398.444,721.068,671.103",true,worn_unknown,Back,none,none,true,,helmet_auto_worn_unknown,2026-06-26T15:21:03-04:00,true,2026-06-26T15:21:03-04:00
Garage4_001584#1,Garage4_001584,1,"29.976,374.273,195.474,719.447",true,worn_secured,Side,partial,none,true,,gpt_prelabel,2026-06-26T15:21:03-04:00,true,2026-06-26T15:21:03-04:00
Garage4_001584#2,Garage4_001584,2,"213.446,387.203,366.798,719.335",false,absent,Facing,none,none,true,,gpt_prelabel,2026-06-26T15:21:03-04:00,true,2026-06-26T15:21:03-04:00
Garage4_001584#3,Garage4_001584,3,"601.219,401.206,688.998,640.513",true,worn_unknown,Back,none,none,true,,helmet_auto_worn_unknown,2026-06-26T15:21:03-04:00,true,2026-06-26T15:21:03-04:00
Garage4_001596#1,Garage4_001596,1,"171.072,384.257,353.098,719.516",false,absent,Facing,none,none,true,,human_verified,2026-06-26T14:26:05-04:00,true,2026-06-26T15:21:03-04:00
Garage4_001596#2,Garage4_001596,2,"0.228,373.719,65.307,719.256",true,worn_unknown,Side,heavy,uncertain,true,,human_verified,2026-06-26T14:26:14-04:00,true,2026-06-26T15:21:03-04:00
Garage4_001596#3,Garage4_001596,3,"590.488,405.096,671.143,627.487",true,worn_unknown,Back,none,none,true,,human_verified,2026-06-26T14:26:25-04:00,true,2026-06-26T15:21:03-04:00
Garage4_001614#1,Garage4_001614,1,"58.303,371.81,302.098,719.309",false,absent,Facing,none,none,true,,gpt_prelabel,2026-06-26T15:21:03-04:00,true,2026-06-26T15:21:03-04:00
Garage4_001614#2,Garage4_001614,2,"573.844,405.223,643.233,591.056",true,worn_unknown,Back,none,none,true,,helmet_auto_worn_unknown,2026-06-26T15:21:03-04:00,true,2026-06-26T15:21:03-04:00
Garage4_001626#1,Garage4_001626,1,"0.184,367.227,302.44,719.224",false,absent,Facing,partial,none,true,,gpt_prelabel,2026-06-26T15:21:03-04:00,true,2026-06-26T15:21:03-04:00
Garage4_001626#2,Garage4_001626,2,"569.971,406.249,636.645,582.198",true,worn_unknown,Back,none,none,true,,helmet_auto_worn_unknown,2026-06-26T15:21:03-04:00,true,2026-06-26T15:21:03-04:00
Garage4_001638#1,Garage4_001638,1,"6.534,352.958,365.403,719.503",false,absent,Side,partial,none,true,,gpt_prelabel,2026-06-26T15:21:03-04:00,true,2026-06-26T15:21:03-04:00
Garage4_001638#2,Garage4_001638,2,"563.851,405.379,623.436,571.252",true,worn_unknown,Back,none,none,true,,helmet_auto_worn_unknown,2026-06-26T15:21:03-04:00,true,2026-06-26T15:21:03-04:00
Garage4_001650#1,Garage4_001650,1,"232.868,360.264,533,718.75",false,absent,Side,partial,uncertain,true,,gpt_prelabel,2026-06-26T15:21:03-04:00,true,2026-06-26T15:21:03-04:00
Garage4_001650#2,Garage4_001650,2,"556.804,407.114,615.382,557.237",true,worn_unknown,Back,none,none,true,,helmet_auto_worn_unknown,2026-06-26T15:21:03-04:00,true,2026-06-26T15:21:03-04:00
Garage4_001662#1,Garage4_001662,1,"433.836,378.953,770.042,719.21",false,absent,Back,partial,none,true,,gpt_prelabel,2026-06-26T15:21:03-04:00,true,2026-06-26T15:21:03-04:00
Garage4_001674#1,Garage4_001674,1,"557.557,357.077,941.235,719.333",false,absent,Back,partial,none,true,,gpt_prelabel,2026-06-26T15:21:03-04:00,true,2026-06-26T15:21:03-04:00
Garage4_001674#2,Garage4_001674,2,"546.017,410.367,590.543,538.219",true,worn_unknown,Facing,none,none,true,,helmet_auto_worn_unknown,2026-06-26T15:21:03-04:00,true,2026-06-26T15:21:03-04:00
Garage4_001686#1,Garage4_001686,1,"647.951,378.562,959.887,719.352",false,absent,Back,partial,none,true,,gpt_prelabel,2026-06-26T15:21:03-04:00,true,2026-06-26T15:21:03-04:00
Garage4_001686#2,Garage4_001686,2,"0.188,374.815,56.989,717.605",true,worn_secured,Side,partial,none,true,,gpt_prelabel,2026-06-26T15:21:03-04:00,true,2026-06-26T15:21:03-04:00
Garage4_001686#3,Garage4_001686,3,"538.56,409.257,585.548,534.481",true,worn_unknown,Back,none,none,true,,helmet_auto_worn_unknown,2026-06-26T15:21:03-04:00,true,2026-06-26T15:21:03-04:00
Garage4_001698#1,Garage4_001698,1,"706.359,385.459,955.961,719.242",false,absent,Back,partial,none,true,,gpt_prelabel,2026-06-26T15:21:03-04:00,true,2026-06-26T15:21:03-04:00
Garage4_001698#2,Garage4_001698,2,"23.929,378.891,205.131,719.381",true,worn_secured,Side,partial,none,true,,gpt_prelabel,2026-06-26T15:21:03-04:00,true,2026-06-26T15:21:03-04:00
Garage4_001698#3,Garage4_001698,3,"531.817,407.928,566.845,523.839",true,worn_unknown,Back,none,none,true,,human_verified,2026-06-26T14:26:59-04:00,true,2026-06-26T15:21:03-04:00
Garage4_001710#1,Garage4_001710,1,"713.821,384.223,944.27,719.439",false,absent,Back,none,none,true,,gpt_prelabel,2026-06-26T15:21:03-04:00,true,2026-06-26T15:21:03-04:00
Garage4_001710#2,Garage4_001710,2,"120.012,378.817,326.896,719.391",true,worn_unknown,Side,partial,none,true,,helmet_auto_worn_unknown,2026-06-26T15:21:03-04:00,true,2026-06-26T15:21:03-04:00
Garage4_001710#3,Garage4_001710,3,"518.183,405.811,552.865,517.625",true,worn_unknown,Back,none,none,true,,helmet_auto_worn_unknown,2026-06-26T15:21:03-04:00,true,2026-06-26T15:21:03-04:00
Garage4_001728#1,Garage4_001728,1,"737.802,385.726,892.758,719.639",false,absent,Back,none,none,true,,gpt_prelabel,2026-06-26T15:21:03-04:00,true,2026-06-26T15:21:03-04:00
Garage4_001728#2,Garage4_001728,2,"270.094,382.86,394.929,719.372",true,worn_unknown,Back,partial,none,true,,helmet_auto_worn_unknown,2026-06-26T15:21:03-04:00,true,2026-06-26T15:21:03-04:00
Garage4_001728#3,Garage4_001728,3,"501.949,404.15,531.878,509.824",true,worn_unknown,Back,none,none,true,,human_verified,2026-06-26T14:27:18-04:00,true,2026-06-26T15:21:03-04:00
Garage4_001740#1,Garage4_001740,1,"725.339,391.828,859.44,719.682",false,absent,Side,partial,none,true,,gpt_prelabel,2026-06-26T15:21:03-04:00,true,2026-06-26T15:21:03-04:00
Garage4_001740#2,Garage4_001740,2,"345.591,383.231,469.085,719.382",true,worn_unknown,Back,none,none,true,,helmet_auto_worn_unknown,2026-06-26T15:21:03-04:00,true,2026-06-26T15:21:03-04:00
Garage4_001740#3,Garage4_001740,3,"487.533,404.908,519.212,505.217",true,worn_unknown,Back,partial,uncertain,true,,human_verified,2026-06-26T14:28:38-04:00,true,2026-06-26T15:21:03-04:00
Garage4_001752#1,Garage4_001752,1,"371.543,389.19,513.639,719.559",true,worn_unknown,Back,none,none,true,,helmet_auto_worn_unknown,2026-06-26T15:21:03-04:00,true,2026-06-26T15:21:03-04:00
Garage4_001752#2,Garage4_001752,2,"698.766,398.603,816.642,719.408",false,absent,Side,none,none,true,,gpt_prelabel,2026-06-26T15:21:03-04:00,true,2026-06-26T15:21:03-04:00
Garage4_001764#1,Garage4_001764,1,"438.756,390.216,557.588,719.944",true,worn_unknown,Back,none,none,true,,helmet_auto_worn_unknown,2026-06-26T15:21:03-04:00,true,2026-06-26T15:21:03-04:00
Garage4_001764#2,Garage4_001764,2,"705.973,393.767,791.44,673.763",false,absent,Side,none,none,true,,gpt_prelabel,2026-06-26T15:21:03-04:00,true,2026-06-26T15:21:03-04:00
Garage4_001776#1,Garage4_001776,1,"479.504,395.243,587.599,700.099",true,worn_unknown,Back,none,none,true,,helmet_auto_worn_unknown,2026-06-26T15:21:03-04:00,true,2026-06-26T15:21:03-04:00
Garage4_001776#2,Garage4_001776,2,"681.296,397.762,772.943,655.305",false,absent,Back,none,none,true,,gpt_prelabel,2026-06-26T15:21:03-04:00,true,2026-06-26T15:21:03-04:00
Garage4_001776#3,Garage4_001776,3,"439.701,406.997,468.102,497.025",true,worn_unknown,Back,partial,uncertain,true,,human_verified,2026-06-26T14:28:47-04:00,true,2026-06-26T15:21:03-04:00
Garage4_001788#1,Garage4_001788,1,"509.326,396.601,603.26,681.283",true,worn_unknown,Back,none,none,true,,helmet_auto_worn_unknown,2026-06-26T15:21:03-04:00,true,2026-06-26T15:21:03-04:00
Garage4_001788#2,Garage4_001788,2,"665.341,404.784,776.246,643.442",false,absent,Back,none,none,true,,gpt_prelabel,2026-06-26T15:21:03-04:00,true,2026-06-26T15:21:03-04:00
Garage4_001788#3,Garage4_001788,3,"427.269,411.75,452.638,497.511",true,uncertain,Back,partial,uncertain,true,,human_verified,2026-06-26T14:29:02-04:00,true,2026-06-26T15:21:03-04:00
Garage4_001800#1,Garage4_001800,1,"537.024,396.105,622.663,660.304",true,worn_unknown,Back,none,none,true,,helmet_auto_worn_unknown,2026-06-26T15:21:03-04:00,true,2026-06-26T15:21:03-04:00
Garage4_001800#2,Garage4_001800,2,"689.414,399.542,761.419,619.329",false,absent,Side,none,none,true,,gpt_prelabel,2026-06-26T15:21:03-04:00,true,2026-06-26T15:21:03-04:00
Garage4_001812#1,Garage4_001812,1,"547.508,393.325,639.05,648.115",true,worn_unknown,Back,none,none,true,,helmet_auto_worn_unknown,2026-06-26T15:21:03-04:00,true,2026-06-26T15:21:03-04:00
Garage4_001812#2,Garage4_001812,2,"679.775,401.55,751.864,601.229",false,absent,Side,none,uncertain,true,,gpt_prelabel,2026-06-26T15:21:03-04:00,true,2026-06-26T15:21:03-04:00
Garage4_001824#1,Garage4_001824,1,"560.984,393.521,649.492,625.018",true,worn_unknown,Back,none,none,true,,helmet_auto_worn_unknown,2026-06-26T15:21:03-04:00,true,2026-06-26T15:21:03-04:00
Garage4_001824#2,Garage4_001824,2,"667.46,407.1,753.3,597.241",false,absent,Back,none,none,true,,gpt_prelabel,2026-06-26T15:21:03-04:00,true,2026-06-26T15:21:03-04:00
Garage4_001842#1,Garage4_001842,1,"587.397,399.191,660.058,610.347",true,worn_unknown,Back,none,none,true,,helmet_auto_worn_unknown,2026-06-26T15:21:03-04:00,true,2026-06-26T15:21:03-04:00
Garage4_001842#2,Garage4_001842,2,"672.664,406.927,732.129,578.3",false,absent,Side,none,none,true,,gpt_prelabel,2026-06-26T15:21:03-04:00,true,2026-06-26T15:21:03-04:00
Garage4_001842#3,Garage4_001842,3,"349.333,402.333,369.333,484.333",true,worn_unknown,Side,heavy,uncertain,true,,human_verified,2026-06-26T14:30:22-04:00,true,2026-06-26T15:21:03-04:00
Garage4_001854#1,Garage4_001854,1,"598.002,402.884,660.552,597.609",true,worn_unknown,Back,none,none,true,,human_verified,2026-06-26T14:30:39-04:00,true,2026-06-26T15:21:03-04:00
Garage4_001854#2,Garage4_001854,2,"653.53,405.65,718.831,566.717",false,absent,Side,none,uncertain,true,,gpt_prelabel,2026-06-26T15:21:03-04:00,true,2026-06-26T15:21:03-04:00
Garage4_001854#3,Garage4_001854,3,"329.333,402.333,355.333,455.333",true,worn_unknown,Side,heavy,uncertain,true,,human_verified,2026-06-26T14:31:01-04:00,true,2026-06-26T15:21:03-04:00
Garage4_001866#1,Garage4_001866,1,"613.564,409.823,677.224,590.808",true,worn_unknown,Back,none,none,true,,human_verified,2026-06-26T14:31:14-04:00,true,2026-06-26T15:21:03-04:00
Garage4_001866#2,Garage4_001866,2,"651.548,405.915,685.376,556.878",true,absent,Back,partial,none,true,,human_verified,2026-06-26T14:31:17-04:00,true,2026-06-26T15:21:03-04:00
Garage4_001866#3,Garage4_001866,3,"305.723,407.34,327.14,436.647",true,uncertain,Side,heavy,uncertain,true,,human_verified,2026-06-26T14:31:37-04:00,true,2026-06-26T15:21:03-04:00
Garage4_001878#1,Garage4_001878,1,"624.524,408.531,684.025,581.607",true,worn_unknown,Back,none,none,true,,human_verified,2026-06-26T14:31:45-04:00,true,2026-06-26T15:21:03-04:00
Garage4_001878#2,Garage4_001878,2,"281.333,404.333,303.333,436.333",uncertain,worn_unknown,uncertain,heavy,uncertain,true,,helmet_auto_worn_unknown,2026-06-26T15:21:03-04:00,true,2026-06-26T15:21:03-04:00
Garage4_001914#1,Garage4_001914,1,"637.181,406.888,699.914,561.326",true,worn_unknown,Back,none,none,true,,helmet_auto_worn_unknown,2026-06-26T15:21:03-04:00,true,2026-06-26T15:21:03-04:00
Garage4_001914#2,Garage4_001914,2,"541.414,410.957,604.745,533.047",false,absent,Side,none,none,true,,gpt_prelabel,2026-06-26T15:21:03-04:00,true,2026-06-26T15:21:03-04:00
Garage4_001980#1,Garage4_001980,1,"420.486,401.189,485.165,554.093",false,absent,Facing,none,none,true,,gpt_prelabel,2026-06-26T15:21:03-04:00,true,2026-06-26T15:21:03-04:00
Garage4_001980#2,Garage4_001980,2,"653.182,409.464,689.698,530.36",true,worn_unknown,Facing,none,none,true,,helmet_auto_worn_unknown,2026-06-26T15:21:03-04:00,true,2026-06-26T15:21:03-04:00
Garage4_001992#1,Garage4_001992,1,"415.33,401.436,477.514,562.589",false,absent,Facing,none,none,true,,gpt_prelabel,2026-06-26T15:21:03-04:00,true,2026-06-26T15:21:03-04:00
Garage4_001992#2,Garage4_001992,2,"643.537,407.743,685.259,525.968",true,worn_unknown,Back,none,none,true,,helmet_auto_worn_unknown,2026-06-26T15:21:03-04:00,true,2026-06-26T15:21:03-04:00
Garage4_002010#1,Garage4_002010,1,"386.633,399.827,456.339,579.828",false,absent,Facing,none,none,true,,human_verified,2026-06-26T14:32:22-04:00,true,2026-06-26T15:21:03-04:00
Garage4_002010#2,Garage4_002010,2,"631.862,401.049,665.37,518.728",true,worn_unknown,Side,none,none,true,,human_verified,2026-06-26T14:32:42-04:00,true,2026-06-26T15:21:03-04:00
Garage4_002010#3,Garage4_002010,3,"316.333,402.333,345.333,444.333",true,worn_unknown,Side,heavy,uncertain,true,,human_verified,2026-06-26T14:32:48-04:00,true,2026-06-26T15:21:03-04:00
Garage4_002028#1,Garage4_002028,1,"366.937,395.822,442.034,604.19",false,absent,Facing,none,none,true,,gpt_prelabel,2026-06-26T15:21:03-04:00,true,2026-06-26T15:21:03-04:00
Garage4_002028#2,Garage4_002028,2,"608.092,404.301,640.253,512.39",true,worn_unknown,Back,none,uncertain,true,,human_verified,2026-06-26T14:32:59-04:00,true,2026-06-26T15:21:03-04:00
Garage4_002028#3,Garage4_002028,3,"349.102,408.555,379.321,500.783",true,worn_unknown,Facing,partial,uncertain,true,,human_verified,2026-06-26T14:33:18-04:00,true,2026-06-26T15:21:03-04:00
Garage4_002064#1,Garage4_002064,1,"300.107,393.625,401.687,666.729",false,absent,Facing,none,uncertain,true,,gpt_prelabel,2026-06-26T15:21:03-04:00,true,2026-06-26T15:21:03-04:00
Garage4_002064#2,Garage4_002064,2,"412.812,407.035,442.161,516.984",true,worn_unknown,Facing,partial,none,true,,human_verified,2026-06-26T14:33:28-04:00,true,2026-06-26T15:21:03-04:00
Garage4_002064#3,Garage4_002064,3,"553.79,402.572,580.115,507.971",true,worn_unknown,Side,none,none,true,,human_verified,2026-06-26T14:33:37-04:00,true,2026-06-26T15:21:03-04:00
Garage4_002076#1,Garage4_002076,1,"270.118,396.76,383.911,718.652",false,absent,Facing,none,none,true,,gpt_prelabel,2026-06-26T15:21:03-04:00,true,2026-06-26T15:21:03-04:00
Garage4_002076#2,Garage4_002076,2,"426.403,406.776,469.252,522.606",true,worn_unknown,Facing,none,none,true,,human_verified,2026-06-26T14:34:02-04:00,true,2026-06-26T15:21:03-04:00
Garage4_002076#3,Garage4_002076,3,"532.284,405.954,561.78,507.66",true,worn_unknown,Facing,none,none,true,,human_verified,2026-06-26T14:34:05-04:00,true,2026-06-26T15:21:03-04:00
Garage4_002088#1,Garage4_002088,1,"222.416,392.501,381.685,719.242",false,absent,Facing,partial,none,true,,gpt_prelabel,2026-06-26T15:21:03-04:00,true,2026-06-26T15:21:03-04:00
Garage4_002088#2,Garage4_002088,2,"451.482,410.325,489.631,527.135",true,worn_unknown,Facing,none,none,true,,helmet_auto_worn_unknown,2026-06-26T15:21:03-04:00,true,2026-06-26T15:21:03-04:00
Garage4_002088#3,Garage4_002088,3,"515.834,406.558,546.001,509.621",true,worn_unknown,Side,none,none,true,,helmet_auto_worn_unknown,2026-06-26T15:21:03-04:00,true,2026-06-26T15:21:03-04:00
Garage4_002100#1,Garage4_002100,1,"217.392,375.27,383.982,719.548",false,absent,Facing,none,none,true,,gpt_prelabel,2026-06-26T15:21:03-04:00,true,2026-06-26T15:21:03-04:00
Garage4_002100#2,Garage4_002100,2,"473.048,410.709,513.635,537.261",true,worn_unknown,Facing,none,none,true,,human_verified,2026-06-26T14:34:22-04:00,true,2026-06-26T15:21:03-04:00
Garage4_002100#3,Garage4_002100,3,"499.995,406.467,530.882,512.126",true,worn_unknown,Side,none,uncertain,true,,human_verified,2026-06-26T14:34:19-04:00,true,2026-06-26T15:21:03-04:00
Garage4_002112#1,Garage4_002112,1,"124.828,373.944,366.288,719.286",false,absent,Facing,none,none,true,,gpt_prelabel,2026-06-26T15:21:03-04:00,true,2026-06-26T15:21:03-04:00
Garage4_002112#2,Garage4_002112,2,"489.428,408.062,553.076,541.145",true,worn_unknown,Facing,none,none,true,,human_verified,2026-06-26T14:34:35-04:00,true,2026-06-26T15:21:03-04:00
Garage4_002112#3,Garage4_002112,3,"483.284,409.613,511.327,516.401",true,worn_unknown,Side,partial,none,true,,human_verified,2026-06-26T14:34:41-04:00,true,2026-06-26T15:21:03-04:00
Garage4_002124#1,Garage4_002124,1,"1.988,371.986,333.768,719.57",false,absent,Facing,partial,none,true,,gpt_prelabel,2026-06-26T15:21:03-04:00,true,2026-06-26T15:21:03-04:00
Garage4_002124#2,Garage4_002124,2,"519.385,408.879,584.655,546.642",true,worn_unknown,Facing,none,none,true,,helmet_auto_worn_unknown,2026-06-26T15:21:03-04:00,true,2026-06-26T15:21:03-04:00
Garage4_002124#3,Garage4_002124,3,"472.366,407.713,504.874,521.722",true,worn_unknown,Facing,none,none,true,,helmet_auto_worn_unknown,2026-06-26T15:21:03-04:00,true,2026-06-26T15:21:03-04:00
Garage4_002136#1,Garage4_002136,1,"0.627,362.87,118.918,719.392",false,absent,Facing,partial,none,true,,gpt_prelabel,2026-06-26T15:21:03-04:00,true,2026-06-26T15:21:03-04:00
Garage4_002136#2,Garage4_002136,2,"555.499,405.18,600.484,554.352",true,worn_unknown,Facing,none,none,true,,helmet_auto_worn_unknown,2026-06-26T15:21:03-04:00,true,2026-06-26T15:21:03-04:00
Garage4_002136#3,Garage4_002136,3,"461.908,406.326,492.64,523.391",true,worn_unknown,Facing,none,none,true,,helmet_auto_worn_unknown,2026-06-26T15:21:03-04:00,true,2026-06-26T15:21:03-04:00
Garage4_002220#1,Garage4_002220,1,"372.85,405.502,434.524,561.333",true,worn_secured,Facing,none,none,true,,human_verified,2026-06-26T15:12:37-04:00,true,2026-06-26T15:21:03-04:00
Garage4_002238#1,Garage4_002238,1,"342.557,405.001,399.615,572.57",true,worn_secured,Facing,none,none,true,,human_verified,2026-06-26T15:12:41-04:00,true,2026-06-26T15:21:03-04:00
Garage4_002250#1,Garage4_002250,1,"314.511,401.699,392.536,585.984",true,absent,Facing,none,none,true,,gpt_prelabel,2026-06-26T15:21:03-04:00,true,2026-06-26T15:21:03-04:00
Pave1_000246#1,Pave1_000246,1,"0.334,289.675,133.697,719.27",true,worn_secured,Side,partial,none,true,,human_verified,2026-06-26T15:12:46-04:00,true,2026-06-26T15:21:03-04:00
Pave1_000258#1,Pave1_000258,1,"60.701,306.646,246.691,719.572",true,worn_secured,Back,partial,none,true,,human_verified,2026-06-26T15:12:49-04:00,true,2026-06-26T15:21:03-04:00
Pave1_000276#1,Pave1_000276,1,"181.312,320.936,413.88,719.616",true,worn_unknown,Back,none,none,true,,helmet_auto_worn_unknown,2026-06-26T15:21:03-04:00,true,2026-06-26T15:21:03-04:00
Pave1_000336#1,Pave1_000336,1,"656.184,321.766,878.531,719.258",true,worn_unsecured,Back,partial,uncertain,true,,human_verified,2026-06-26T15:13:05-04:00,true,2026-06-26T15:21:03-04:00
Pave1_000336#2,Pave1_000336,2,"369.927,345.723,487.895,701.754",true,worn_unknown,Back,none,none,true,,human_verified,2026-06-26T15:13:04-04:00,true,2026-06-26T15:21:03-04:00
Pave1_000354#1,Pave1_000354,1,"622.875,329.889,804.227,719.367",true,worn_unknown,Back,none,none,true,,helmet_auto_worn_unknown,2026-06-26T15:21:03-04:00,true,2026-06-26T15:21:03-04:00
Pave1_000354#2,Pave1_000354,2,"415.916,346.46,520.231,669.96",true,worn_unknown,Back,none,none,true,,helmet_auto_worn_unknown,2026-06-26T15:21:03-04:00,true,2026-06-26T15:21:03-04:00
Pave1_000366#1,Pave1_000366,1,"594.534,329.367,766.496,719.424",true,worn_unknown,Back,partial,none,true,,helmet_auto_worn_unknown,2026-06-26T15:21:03-04:00,true,2026-06-26T15:21:03-04:00
Pave1_000366#2,Pave1_000366,2,"412.174,349.103,505.21,638.799",true,worn_unknown,Back,none,none,true,,helmet_auto_worn_unknown,2026-06-26T15:21:03-04:00,true,2026-06-26T15:21:03-04:00
Pave1_000378#1,Pave1_000378,1,"572.824,336.967,719.008,717.828",true,worn_unknown,Back,partial,none,true,,helmet_auto_worn_unknown,2026-06-26T15:21:03-04:00,true,2026-06-26T15:21:03-04:00
Pave1_000378#2,Pave1_000378,2,"402.77,349.212,491.443,625.374",true,worn_unknown,Back,none,none,true,,helmet_auto_worn_unknown,2026-06-26T15:21:03-04:00,true,2026-06-26T15:21:03-04:00
Pave1_000396#1,Pave1_000396,1,"548.563,340.741,672.442,698.878",true,worn_unknown,Back,none,none,true,,helmet_auto_worn_unknown,2026-06-26T15:21:03-04:00,true,2026-06-26T15:21:03-04:00
Pave1_000396#2,Pave1_000396,2,"369.546,346.572,455.829,594.806",true,worn_unknown,Back,none,none,true,,helmet_auto_worn_unknown,2026-06-26T15:21:03-04:00,true,2026-06-26T15:21:03-04:00
Pave1_000414#1,Pave1_000414,1,"512.588,342.144,628.886,649.093",true,worn_unknown,Back,none,none,true,,helmet_auto_worn_unknown,2026-06-26T15:21:03-04:00,true,2026-06-26T15:21:03-04:00
Pave1_000414#2,Pave1_000414,2,"322.391,344.896,391.378,580.374",true,worn_unknown,Side,none,none,true,,helmet_auto_worn_unknown,2026-06-26T15:21:03-04:00,true,2026-06-26T15:21:03-04:00
Pave1_000432#1,Pave1_000432,1,"489.677,344.883,581.368,605.117",true,worn_unknown,Back,none,none,true,,helmet_auto_worn_unknown,2026-06-26T15:21:03-04:00,true,2026-06-26T15:21:03-04:00
Pave1_000432#2,Pave1_000432,2,"259.802,341.073,321.269,574.722",true,worn_unknown,Side,none,none,true,,helmet_auto_worn_unknown,2026-06-26T15:21:03-04:00,true,2026-06-26T15:21:03-04:00
Pave1_000444#1,Pave1_000444,1,"193.953,341.549,304.546,577.114",true,worn_secured,Side,none,none,true,,human_verified,2026-06-26T15:13:25-04:00,true,2026-06-26T15:21:03-04:00
Pave1_000444#2,Pave1_000444,2,"478.128,344.867,558.18,587.392",true,worn_unknown,Back,none,none,true,,helmet_auto_worn_unknown,2026-06-26T15:21:03-04:00,true,2026-06-26T15:21:03-04:00
Pave1_000456#1,Pave1_000456,1,"132.651,340.382,269.44,594.987",true,worn_secured,Facing,none,none,true,,human_verified,2026-06-26T15:13:34-04:00,true,2026-06-26T15:21:03-04:00
Pave1_000456#2,Pave1_000456,2,"461.309,349.461,549.537,575.689",true,worn_unknown,Back,none,none,true,,helmet_auto_worn_unknown,2026-06-26T15:21:03-04:00,true,2026-06-26T15:21:03-04:00
Pave1_000468#1,Pave1_000468,1,"136.376,339.876,232.684,602.67",true,worn_secured,Facing,none,none,true,,human_verified,2026-06-26T15:13:41-04:00,true,2026-06-26T15:21:03-04:00
Pave1_000468#2,Pave1_000468,2,"469.391,346.853,543.483,553.661",true,worn_unknown,Back,none,none,true,,helmet_auto_worn_unknown,2026-06-26T15:21:03-04:00,true,2026-06-26T15:21:03-04:00
Pave1_000480#1,Pave1_000480,1,"101.573,336.481,215.423,632.324",true,worn_secured,Facing,none,none,true,,gpt_prelabel,2026-06-26T15:21:03-04:00,true,2026-06-26T15:21:03-04:00
Pave1_000480#2,Pave1_000480,2,"470.69,349.806,536.759,547.322",true,worn_unknown,Back,none,none,true,,helmet_auto_worn_unknown,2026-06-26T15:21:03-04:00,true,2026-06-26T15:21:03-04:00
Pave1_000492#1,Pave1_000492,1,"95.241,334.44,221.051,635.521",true,worn_secured,Facing,none,none,true,,gpt_prelabel,2026-06-26T15:21:03-04:00,true,2026-06-26T15:21:03-04:00
Pave1_000492#2,Pave1_000492,2,"464.343,349.894,536.091,531.557",true,worn_unknown,Back,none,none,true,,helmet_auto_worn_unknown,2026-06-26T15:21:03-04:00,true,2026-06-26T15:21:03-04:00
Pave1_000516#1,Pave1_000516,1,"152.516,336.881,263.788,695.373",true,worn_secured,Side,none,none,true,,gpt_prelabel,2026-06-26T15:21:03-04:00,true,2026-06-26T15:21:03-04:00
Pave1_000516#2,Pave1_000516,2,"466.757,355.361,517.154,511.872",true,worn_unknown,Back,partial,none,true,,helmet_auto_worn_unknown,2026-06-26T15:21:03-04:00,true,2026-06-26T15:21:03-04:00
Pave1_000540#1,Pave1_000540,1,"217.161,335.839,351.672,719.559",true,worn_secured,Facing,none,none,true,,gpt_prelabel,2026-06-26T15:21:03-04:00,true,2026-06-26T15:21:03-04:00
Pave1_000540#2,Pave1_000540,2,"427.471,351.359,467.562,500.381",true,worn_unknown,Side,none,none,true,,helmet_auto_worn_unknown,2026-06-26T15:21:03-04:00,true,2026-06-26T15:21:03-04:00
Pave1_000552#1,Pave1_000552,1,"277.244,338.963,434.555,719.478",true,worn_secured,Facing,none,none,true,,gpt_prelabel,2026-06-26T15:21:03-04:00,true,2026-06-26T15:21:03-04:00
Pave1_000552#3,Pave1_000552,3,"395.206,355.306,440.785,483.795",true,worn_unsecured,Back,partial,uncertain,true,,human_verified,2026-06-26T14:36:19-04:00,true,2026-06-26T15:21:03-04:00
Pave1_000564#1,Pave1_000564,1,"362.908,332.892,471.455,719.456",true,worn_secured,Side,partial,none,true,,gpt_prelabel,2026-06-26T15:21:03-04:00,true,2026-06-26T15:21:03-04:00
Pave1_000564#2,Pave1_000564,2,"353.333,352.333,393.333,423.333",true,worn_secured,Side,none,none,true,,gpt_prelabel,2026-06-26T15:21:03-04:00,true,2026-06-26T15:21:03-04:00
Pave1_000618#1,Pave1_000618,1,"781.329,328.108,959.41,719.247",true,worn_secured,Side,partial,none,true,,gpt_prelabel,2026-06-26T15:21:03-04:00,true,2026-06-26T15:21:03-04:00
Pave1_000618#3,Pave1_000618,3,"222.769,345.914,272.054,528.379",true,worn_unknown,Facing,none,none,true,,helmet_auto_worn_unknown,2026-06-26T15:21:03-04:00,true,2026-06-26T15:21:03-04:00
Pave1_000630#1,Pave1_000630,1,"884.291,419.456,960,712.523",true,worn_unknown,Facing,heavy,uncertain,true,,human_verified,2026-06-26T14:38:07-04:00,true,2026-06-26T15:21:03-04:00
Pave1_000630#2,Pave1_000630,2,"203.758,342.634,263.276,532.443",true,worn_unknown,Facing,none,none,true,,human_verified,2026-06-26T14:38:14-04:00,true,2026-06-26T15:21:03-04:00
Pave1_000654#1,Pave1_000654,1,"152.478,333.571,245.002,568.313",true,worn_unsecured,Facing,none,none,true,,gpt_prelabel,2026-06-26T15:21:03-04:00,true,2026-06-26T15:21:03-04:00
Pave1_000666#1,Pave1_000666,1,"152.935,330.792,249.823,581.013",true,worn_unsecured,Facing,none,none,true,,gpt_prelabel,2026-06-26T15:21:03-04:00,true,2026-06-26T15:21:03-04:00
Pave1_000702#1,Pave1_000702,1,"508.141,322.896,765.79,719.239",true,worn_unknown,Back,partial,none,true,,helmet_auto_worn_unknown,2026-06-26T15:21:03-04:00,true,2026-06-26T15:21:03-04:00
Pave1_000702#2,Pave1_000702,2,"181.822,338.818,293.882,650.557",true,worn_unknown,Facing,none,viewing,true,,helmet_auto_worn_unknown,2026-06-26T15:21:03-04:00,true,2026-06-26T15:21:03-04:00
Pave1_000732#1,Pave1_000732,1,"186.578,341.023,338.428,718.928",true,worn_unsecured,Facing,none,viewing,true,,human_verified,2026-06-26T15:14:02-04:00,true,2026-06-26T15:21:03-04:00
Pave1_000732#2,Pave1_000732,2,"432.903,335.856,581.336,719.443",true,worn_unknown,Back,none,none,true,,helmet_auto_worn_unknown,2026-06-26T15:21:03-04:00,true,2026-06-26T15:21:03-04:00
Pave1_000744#1,Pave1_000744,1,"217.828,328.509,389.905,719.397",true,worn_unsecured,Facing,partial,viewing,true,,human_verified,2026-06-26T15:14:13-04:00,true,2026-06-26T15:21:03-04:00
Pave1_000744#2,Pave1_000744,2,"423.701,344.081,556.283,718.445",true,worn_unknown,Back,none,none,true,,helmet_auto_worn_unknown,2026-06-26T15:21:03-04:00,true,2026-06-26T15:21:03-04:00
Pave1_000762#1,Pave1_000762,1,"240.726,314.777,447.221,719.451",true,worn_unsecured,Facing,partial,viewing,true,,human_verified,2026-06-26T15:14:19-04:00,true,2026-06-26T15:21:03-04:00
Pave1_000762#2,Pave1_000762,2,"417.825,348.484,510.95,697.115",true,worn_unknown,Back,partial,none,true,,helmet_auto_worn_unknown,2026-06-26T15:21:03-04:00,true,2026-06-26T15:21:03-04:00
Pave1_000786#1,Pave1_000786,1,"442.071,328.949,741.387,719.286",true,worn_secured,Facing,partial,viewing,true,,gpt_prelabel,2026-06-26T15:21:03-04:00,true,2026-06-26T15:21:03-04:00
Pave1_000786#2,Pave1_000786,2,"404.459,347.393,490.523,622.074",true,worn_unknown,Back,none,none,true,,helmet_auto_worn_unknown,2026-06-26T15:21:03-04:00,true,2026-06-26T15:21:03-04:00
Pave1_000798#1,Pave1_000798,1,"626.032,329.298,959.888,718.94",true,worn_secured,Side,partial,none,true,,gpt_prelabel,2026-06-26T15:21:03-04:00,true,2026-06-26T15:21:03-04:00
Pave1_000798#2,Pave1_000798,2,"389.462,349.217,473.479,604.953",true,worn_unknown,Back,none,none,true,,helmet_auto_worn_unknown,2026-06-26T15:21:03-04:00,true,2026-06-26T15:21:03-04:00
Pave1_000816#1,Pave1_000816,1,"384.341,348.946,461.467,579.526",true,worn_unknown,Back,none,none,true,,helmet_auto_worn_unknown,2026-06-26T15:21:03-04:00,true,2026-06-26T15:21:03-04:00
Pave1_000828#1,Pave1_000828,1,"384.307,350.958,445.442,572.049",true,worn_unknown,Back,none,none,true,,helmet_auto_worn_unknown,2026-06-26T15:21:03-04:00,true,2026-06-26T15:21:03-04:00
Pave1_000840#1,Pave1_000840,1,"354.617,349.393,448.936,560.534",true,worn_unknown,Back,none,none,true,,helmet_auto_worn_unknown,2026-06-26T15:21:03-04:00,true,2026-06-26T15:21:03-04:00
Pave1_000858#1,Pave1_000858,1,"320.605,348.337,401.089,541.717",true,worn_unknown,Side,none,none,true,,helmet_auto_worn_unknown,2026-06-26T15:21:03-04:00,true,2026-06-26T15:21:03-04:00
Pave1_000876#1,Pave1_000876,1,"274.488,350.259,353.038,537.365",true,worn_unknown,Side,none,none,true,,helmet_auto_worn_unknown,2026-06-26T15:21:03-04:00,true,2026-06-26T15:21:03-04:00
Pave1_000888#1,Pave1_000888,1,"259.378,343.65,319.014,539.177",true,worn_unknown,Side,none,none,true,,human_verified,2026-06-26T14:38:25-04:00,true,2026-06-26T15:21:03-04:00
Pave1_000888#2,Pave1_000888,2,"930.353,586.77,959.746,719.499",uncertain,uncertain,uncertain,heavy,uncertain,true,,human_verified,2026-06-26T15:14:37-04:00,true,2026-06-26T15:21:03-04:00
Pave1_000942#1,Pave1_000942,1,"685.73,352.521,825.029,636.739",true,worn_unknown,Back,none,none,true,,helmet_auto_worn_unknown,2026-06-26T15:21:03-04:00,true,2026-06-26T15:21:03-04:00
Pave1_000942#2,Pave1_000942,2,"136.47,339.14,225.882,578.918",true,worn_unknown,Facing,none,none,true,,helmet_auto_worn_unknown,2026-06-26T15:21:03-04:00,true,2026-06-26T15:21:03-04:00
Pave1_000954#1,Pave1_000954,1,"133.448,341.029,229.902,608.801",true,worn_unknown,Facing,none,none,true,,helmet_auto_worn_unknown,2026-06-26T15:21:03-04:00,true,2026-06-26T15:21:03-04:00
Pave1_000954#2,Pave1_000954,2,"672.431,347.917,765.678,600.318",true,worn_unknown,Back,none,none,true,,helmet_auto_worn_unknown,2026-06-26T15:21:03-04:00,true,2026-06-26T15:21:03-04:00
Pave1_000978#1,Pave1_000978,1,"163.166,342.3,283.64,641.8",true,worn_unsecured,Facing,none,none,true,,gpt_prelabel,2026-06-26T15:21:03-04:00,true,2026-06-26T15:21:03-04:00
Pave1_000978#2,Pave1_000978,2,"627.672,353.988,722.233,567.181",true,worn_unknown,Back,none,none,true,,helmet_auto_worn_unknown,2026-06-26T15:21:03-04:00,true,2026-06-26T15:21:03-04:00
Pave1_000990#1,Pave1_000990,1,"196.619,339.495,308.605,667.888",true,worn_unknown,Facing,none,none,true,,helmet_auto_worn_unknown,2026-06-26T15:21:03-04:00,true,2026-06-26T15:21:03-04:00
Pave1_000990#2,Pave1_000990,2,"632.159,355.286,685.259,547.136",true,worn_unknown,Back,none,none,true,,helmet_auto_worn_unknown,2026-06-26T15:21:03-04:00,true,2026-06-26T15:21:03-04:00
Pave1_001014#1,Pave1_001014,1,"271.458,340.643,422.718,719.423",true,worn_secured,Facing,none,none,true,,gpt_prelabel,2026-06-26T15:21:03-04:00,true,2026-06-26T15:21:03-04:00
Pave1_001014#2,Pave1_001014,2,"570.912,357.77,632.282,521.319",true,worn_unknown,Side,none,none,true,,helmet_auto_worn_unknown,2026-06-26T15:21:03-04:00,true,2026-06-26T15:21:03-04:00
Pave1_001044#1,Pave1_001044,1,"453.834,334.814,600.557,719.514",true,worn_secured,Side,partial,none,true,,gpt_prelabel,2026-06-26T15:21:03-04:00,true,2026-06-26T15:21:03-04:00
Pave1_001086#1,Pave1_001086,1,"343.242,348.561,424.161,500.392",true,worn_unknown,Side,none,none,true,,helmet_auto_worn_unknown,2026-06-26T15:21:03-04:00,true,2026-06-26T15:21:03-04:00
Pave1_001098#1,Pave1_001098,1,"299.399,346.964,370.077,501.954",true,worn_unknown,Facing,none,none,true,,helmet_auto_worn_unknown,2026-06-26T15:21:03-04:00,true,2026-06-26T15:21:03-04:00
Pave1_001110#1,Pave1_001110,1,"277.719,346.168,323.286,502.895",true,worn_unknown,Side,none,none,true,,helmet_auto_worn_unknown,2026-06-26T15:21:03-04:00,true,2026-06-26T15:21:03-04:00
Pave1_001122#1,Pave1_001122,1,"216.663,345.741,302.958,507.078",true,worn_unknown,Facing,none,none,true,,helmet_auto_worn_unknown,2026-06-26T15:21:03-04:00,true,2026-06-26T15:21:03-04:00
Pave1_001134#1,Pave1_001134,1,"188.567,338.4,244.291,520.414",true,worn_unknown,Side,none,none,true,,helmet_auto_worn_unknown,2026-06-26T15:21:03-04:00,true,2026-06-26T15:21:03-04:00
Pave1_001146#1,Pave1_001146,1,"160.67,338.456,229.459,525.363",true,worn_unknown,Facing,none,none,true,,helmet_auto_worn_unknown,2026-06-26T15:21:03-04:00,true,2026-06-26T15:21:03-04:00
Pave1_001164#1,Pave1_001164,1,"131.776,334.793,214.779,546.45",true,worn_unsecured,Facing,none,none,true,,gpt_prelabel,2026-06-26T15:21:03-04:00,true,2026-06-26T15:21:03-04:00
Pave1_001176#1,Pave1_001176,1,"133.484,336.977,216.668,569.88",true,worn_unknown,Facing,none,none,true,,helmet_auto_worn_unknown,2026-06-26T15:21:03-04:00,true,2026-06-26T15:21:03-04:00
Pave1_001188#1,Pave1_001188,1,"142.928,339.47,239.739,590.403",true,worn_unknown,Facing,none,none,true,,helmet_auto_worn_unknown,2026-06-26T15:21:03-04:00,true,2026-06-26T15:21:03-04:00
Pave1_001236#1,Pave1_001236,1,"308.845,340.911,418.848,666.214",true,worn_unsecured,Side,none,none,true,,human_verified,2026-06-26T15:15:03-04:00,true,2026-06-26T15:21:03-04:00
Pave1_001236#2,Pave1_001236,2,"638.63,350.138,751.473,667.13",true,worn_secured,Side,none,none,true,,gpt_prelabel,2026-06-26T15:21:03-04:00,true,2026-06-26T15:21:03-04:00
Pave1_001254#1,Pave1_001254,1,"369.361,346.346,525.321,698.111",true,worn_unsecured,Side,none,uncertain,true,,human_verified,2026-06-26T15:15:07-04:00,true,2026-06-26T15:21:03-04:00
Pave1_001254#2,Pave1_001254,2,"560.706,350.803,655.425,633.704",true,worn_unknown,Side,none,none,true,,helmet_auto_worn_unknown,2026-06-26T15:21:03-04:00,true,2026-06-26T15:21:03-04:00
Pave1_001272#1,Pave1_001272,1,"541.344,343.706,618.954,714.281",true,worn_unsecured,Side,partial,none,true,,human_verified,2026-06-26T15:15:14-04:00,true,2026-06-26T15:21:03-04:00
Pave1_001272#2,Pave1_001272,2,"477.519,345.518,524.714,614.318",true,worn_secured,Side,partial,none,true,,human_verified,2026-06-26T15:15:18-04:00,true,2026-06-26T15:21:03-04:00
Pave1_001326#1,Pave1_001326,1,"241.998,342.796,351.076,575.439",true,worn_unknown,Back,none,none,true,,human_verified,2026-06-26T14:38:50-04:00,true,2026-06-26T15:21:03-04:00
Pave1_001326#2,Pave1_001326,2,"910.024,449.472,959.823,718.651",uncertain,uncertain,uncertain,heavy,uncertain,true,,human_verified,2026-06-26T14:39:03-04:00,true,2026-06-26T15:21:03-04:00
Pave1_001344#1,Pave1_001344,1,"185.869,341.614,289.372,559.522",true,worn_unknown,Side,none,none,true,,helmet_auto_worn_unknown,2026-06-26T15:21:03-04:00,true,2026-06-26T15:21:03-04:00
Pave1_001380#1,Pave1_001380,1,"523.491,314.297,883.044,719.356",true,in_hand,Side,none,viewing,true,,gpt_prelabel,2026-06-26T15:21:03-04:00,true,2026-06-26T15:21:03-04:00
Pave1_001380#2,Pave1_001380,2,"62.844,338.932,174.763,574.68",true,worn_unknown,Facing,none,none,true,,helmet_auto_worn_unknown,2026-06-26T15:21:03-04:00,true,2026-06-26T15:21:03-04:00
Pave1_001428#1,Pave1_001428,1,"93.799,323.348,285.284,719.433",true,in_hand,Back,partial,none,true,,gpt_prelabel,2026-06-26T15:21:03-04:00,true,2026-06-26T15:21:03-04:00
Pave1_001428#2,Pave1_001428,2,"0.125,328.635,45.453,637.524",true,worn_unknown,Facing,heavy,uncertain,true,,human_verified,2026-06-26T14:39:27-04:00,true,2026-06-26T15:21:03-04:00
Pave1_001452#1,Pave1_001452,1,"56.237,323.679,212.668,718.134",true,absent,Back,partial,none,true,,gpt_prelabel,2026-06-26T15:21:03-04:00,true,2026-06-26T15:21:03-04:00
Pave1_001464#1,Pave1_001464,1,"66.914,332.743,211.597,699.685",true,absent,Back,none,none,true,,gpt_prelabel,2026-06-26T15:21:03-04:00,true,2026-06-26T15:21:03-04:00
Pave1_001482#1,Pave1_001482,1,"49.148,331.669,173.419,647.024",true,absent,Back,none,none,true,,gpt_prelabel,2026-06-26T15:21:03-04:00,true,2026-06-26T15:21:03-04:00
Pave1_001500#1,Pave1_001500,1,"56.505,336.304,166.837,616.312",true,absent,Back,partial,none,true,,gpt_prelabel,2026-06-26T15:21:03-04:00,true,2026-06-26T15:21:03-04:00
Pave1_001536#1,Pave1_001536,1,"107.94,317.346,267.74,719.605",true,worn_secured,Side,partial,none,true,,gpt_prelabel,2026-06-26T15:21:03-04:00,true,2026-06-26T15:21:03-04:00
Pave1_001554#1,Pave1_001554,1,"342.554,321.155,467.921,719.408",true,worn_secured,Side,partial,none,true,,gpt_prelabel,2026-06-26T15:21:03-04:00,true,2026-06-26T15:21:03-04:00
Pave1_001554#2,Pave1_001554,2,"237.485,343.495,311.54,549.087",true,absent,Side,none,call,true,,gpt_prelabel,2026-06-26T15:21:03-04:00,true,2026-06-26T15:21:03-04:00
Pave1_001566#1,Pave1_001566,1,"393.371,332.533,648.328,719.735",true,worn_secured,Back,partial,none,true,,human_verified,2026-06-26T15:15:49-04:00,true,2026-06-26T15:21:03-04:00
Pave1_001566#2,Pave1_001566,2,"272.246,349.497,366.592,541.923",true,absent,Side,none,call,true,,gpt_prelabel,2026-06-26T15:21:03-04:00,true,2026-06-26T15:21:03-04:00
Pave1_001596#1,Pave1_001596,1,"552.142,337.177,743.869,719.559",true,worn_unknown,Back,none,none,true,,helmet_auto_worn_unknown,2026-06-26T15:21:03-04:00,true,2026-06-26T15:21:03-04:00
Pave1_001596#2,Pave1_001596,2,"369.668,353.958,450.694,547.186",true,absent,Side,none,call,true,,gpt_prelabel,2026-06-26T15:21:03-04:00,true,2026-06-26T15:21:03-04:00
Pave1_001614#1,Pave1_001614,1,"594.611,342.3,729.577,719.448",true,worn_unknown,Back,none,none,true,,helmet_auto_worn_unknown,2026-06-26T15:21:03-04:00,true,2026-06-26T15:21:03-04:00
Pave1_001614#2,Pave1_001614,2,"438.415,353.787,509.945,567.04",true,absent,Facing,none,call,true,,gpt_prelabel,2026-06-26T15:21:03-04:00,true,2026-06-26T15:21:03-04:00
Pave1_001626#1,Pave1_001626,1,"580.233,346.536,704.244,688.465",true,worn_unknown,Back,none,none,true,,helmet_auto_worn_unknown,2026-06-26T15:21:03-04:00,true,2026-06-26T15:21:03-04:00
Pave1_001626#2,Pave1_001626,2,"452.171,356.123,539.074,590.22",true,absent,Facing,none,call,true,,gpt_prelabel,2026-06-26T15:21:03-04:00,true,2026-06-26T15:21:03-04:00
Pave1_001644#1,Pave1_001644,1,"577.67,347.802,689.895,648.949",true,worn_unknown,Back,none,none,true,,helmet_auto_worn_unknown,2026-06-26T15:21:03-04:00,true,2026-06-26T15:21:03-04:00
Pave1_001644#2,Pave1_001644,2,"457.49,355.737,563.318,627.696",true,absent,Facing,none,call,true,,gpt_prelabel,2026-06-26T15:21:03-04:00,true,2026-06-26T15:21:03-04:00
Pave1_001674#1,Pave1_001674,1,"493.553,346.766,612.258,677.628",true,absent,Facing,none,none,true,,gpt_prelabel,2026-06-26T15:21:03-04:00,true,2026-06-26T15:21:03-04:00
Pave1_001686#1,Pave1_001686,1,"503.585,349.553,649.725,719.741",true,in_hand,Facing,none,viewing,true,,gpt_prelabel,2026-06-26T15:21:03-04:00,true,2026-06-26T15:21:03-04:00
Pave1_001686#2,Pave1_001686,2,"496.507,354.779,559.283,570.691",true,worn_unknown,Side,partial,uncertain,true,,human_verified,2026-06-26T14:40:08-04:00,true,2026-06-26T15:21:03-04:00
Pave1_001698#1,Pave1_001698,1,"543.044,343.47,700.104,719.45",true,in_hand,Facing,none,viewing,true,,gpt_prelabel,2026-06-26T15:21:03-04:00,true,2026-06-26T15:21:03-04:00
Pave1_001698#2,Pave1_001698,2,"463.525,349.365,540.125,565.356",true,worn_unknown,Side,none,none,true,,helmet_auto_worn_unknown,2026-06-26T15:21:03-04:00,true,2026-06-26T15:21:03-04:00
Pave1_001710#1,Pave1_001710,1,"588.287,337.178,768.744,719.89",true,in_hand,Facing,partial,call,true,,gpt_prelabel,2026-06-26T15:21:03-04:00,true,2026-06-26T15:21:03-04:00
Pave1_001710#2,Pave1_001710,2,"430.611,349.806,500.24,559.03",true,worn_unknown,Side,none,none,true,,helmet_auto_worn_unknown,2026-06-26T15:21:03-04:00,true,2026-06-26T15:21:03-04:00
Pave1_001722#1,Pave1_001722,1,"603.954,338.967,831.37,720",true,in_hand,Facing,partial,call,true,,gpt_prelabel,2026-06-26T15:21:03-04:00,true,2026-06-26T15:21:03-04:00
Pave1_001722#2,Pave1_001722,2,"411.851,352.917,459.77,548.97",true,worn_unknown,Side,none,uncertain,true,,human_verified,2026-06-26T14:40:30-04:00,true,2026-06-26T15:21:03-04:00
Pave1_001734#1,Pave1_001734,1,"548.017,325.676,845.942,718.94",true,in_hand,Facing,partial,call,true,,gpt_prelabel,2026-06-26T15:21:03-04:00,true,2026-06-26T15:21:03-04:00
Pave1_001734#2,Pave1_001734,2,"377.438,357.45,428.333,550.686",true,worn_unknown,Side,none,none,true,,helmet_auto_worn_unknown,2026-06-26T15:21:03-04:00,true,2026-06-26T15:21:03-04:00
Pave1_001746#1,Pave1_001746,1,"467.197,329.326,778.206,719.643",true,in_hand,Facing,partial,call,true,,gpt_prelabel,2026-06-26T15:21:03-04:00,true,2026-06-26T15:21:03-04:00
Pave1_001746#2,Pave1_001746,2,"326.166,358.778,397.364,548.469",true,worn_unknown,Side,none,none,true,,helmet_auto_worn_unknown,2026-06-26T15:21:03-04:00,true,2026-06-26T15:21:03-04:00
Pave1_001776#1,Pave1_001776,1,"108.377,304.586,298.704,720",true,in_hand,Side,partial,none,true,,gpt_prelabel,2026-06-26T15:21:03-04:00,true,2026-06-26T15:21:03-04:00
Pave1_001830#1,Pave1_001830,1,"93.634,336.901,201.886,596.527",true,worn_unsecured,Facing,none,none,true,,gpt_prelabel,2026-06-26T15:21:03-04:00,true,2026-06-26T15:21:03-04:00
Pave1_001842#1,Pave1_001842,1,"102.259,341.129,209.323,621.376",true,worn_unsecured,Facing,none,none,true,,gpt_prelabel,2026-06-26T15:21:03-04:00,true,2026-06-26T15:21:03-04:00
Pave1_001854#1,Pave1_001854,1,"103.08,337.861,218.614,656.635",true,worn_unknown,Facing,none,none,true,,helmet_auto_worn_unknown,2026-06-26T15:21:03-04:00,true,2026-06-26T15:21:03-04:00
Pave1_001866#1,Pave1_001866,1,"111,331.618,234.585,659.26",true,worn_unknown,Facing,none,none,true,,helmet_auto_worn_unknown,2026-06-26T15:21:03-04:00,true,2026-06-26T15:21:03-04:00
Pave1_001878#1,Pave1_001878,1,"135.682,337.606,266.007,684.048",true,worn_secured,Facing,none,none,true,,gpt_prelabel,2026-06-26T15:21:03-04:00,true,2026-06-26T15:21:03-04:00
Pave1_001896#1,Pave1_001896,1,"207.973,334.26,339.357,719.664",true,worn_secured,Facing,none,none,true,,gpt_prelabel,2026-06-26T15:21:03-04:00,true,2026-06-26T15:21:03-04:00
Pave1_001908#1,Pave1_001908,1,"243.065,340.071,373.412,719.138",true,worn_secured,Facing,none,none,true,,gpt_prelabel,2026-06-26T15:21:03-04:00,true,2026-06-26T15:21:03-04:00
Pave1_001920#1,Pave1_001920,1,"301.745,337.028,509.946,719.993",true,worn_secured,Facing,partial,none,true,,gpt_prelabel,2026-06-26T15:21:03-04:00,true,2026-06-26T15:21:03-04:00
Pave1_001950#1,Pave1_001950,1,"526.507,334.743,678.398,719.572",true,worn_secured,Side,partial,none,true,,gpt_prelabel,2026-06-26T15:21:03-04:00,true,2026-06-26T15:21:03-04:00
Pave1_001950#2,Pave1_001950,2,"29.956,345.707,106.757,527.297",true,uncertain,Back,partial,none,true,,human_verified,2026-06-26T14:41:09-04:00,true,2026-06-26T15:21:03-04:00
Pave1_002004#1,Pave1_002004,1,"637.937,338.13,822.294,719.402",true,worn_unknown,Back,partial,none,true,,human_verified,2026-06-26T14:41:21-04:00,true,2026-06-26T15:21:03-04:00
Pave1_002004#2,Pave1_002004,2,"210.568,349.512,263.706,502.386",true,worn_unknown,Side,none,uncertain,true,,human_verified,2026-06-26T14:41:22-04:00,true,2026-06-26T15:21:03-04:00
Pave1_002022#1,Pave1_002022,1,"628.456,340,778.359,720",true,worn_unknown,Back,none,none,true,,helmet_auto_worn_unknown,2026-06-26T15:21:03-04:00,true,2026-06-26T15:21:03-04:00
Pave1_002022#2,Pave1_002022,2,"248.548,351.825,313.427,501.36",true,worn_unknown,Side,none,none,true,,helmet_auto_worn_unknown,2026-06-26T15:21:03-04:00,true,2026-06-26T15:21:03-04:00
Pave1_002040#1,Pave1_002040,1,"579.269,342.341,736.294,719.506",true,worn_unknown,Back,partial,none,true,,helmet_auto_worn_unknown,2026-06-26T15:21:03-04:00,true,2026-06-26T15:21:03-04:00
Pave1_002040#2,Pave1_002040,2,"311.161,355.504,360.303,499.865",true,worn_unknown,Side,none,none,true,,helmet_auto_worn_unknown,2026-06-26T15:21:03-04:00,true,2026-06-26T15:21:03-04:00
Pave1_002076#1,Pave1_002076,1,"540.423,347.264,662.57,680.884",true,worn_unknown,Back,none,none,true,,helmet_auto_worn_unknown,2026-06-26T15:21:03-04:00,true,2026-06-26T15:21:03-04:00
Pave1_002076#2,Pave1_002076,2,"394.615,350.732,431.387,499.314",true,in_hand,Facing,none,none,true,,gpt_prelabel,2026-06-26T15:21:03-04:00,true,2026-06-26T15:21:03-04:00
Pave1_002088#1,Pave1_002088,1,"541.772,349.01,630.618,649.461",true,worn_unknown,Back,none,none,true,,helmet_auto_worn_unknown,2026-06-26T15:21:03-04:00,true,2026-06-26T15:21:03-04:00
Pave1_002088#2,Pave1_002088,2,"394.289,358.196,452.048,498.787",true,in_hand,Facing,partial,none,true,,human_verified,2026-06-26T15:16:14-04:00,true,2026-06-26T15:21:03-04:00
Pave1_002106#1,Pave1_002106,1,"514.073,350.263,615.791,622.039",true,worn_unknown,Back,none,none,true,,human_verified,2026-06-26T14:41:37-04:00,true,2026-06-26T15:21:03-04:00
Pave1_002106#2,Pave1_002106,2,"397.804,363.178,442.671,497.753",true,in_hand,Facing,none,uncertain,true,,human_verified,2026-06-26T14:41:39-04:00,true,2026-06-26T15:21:03-04:00
Pave1_002118#1,Pave1_002118,1,"505.78,352.039,597.878,614.957",true,worn_unknown,Back,none,none,true,,human_verified,2026-06-26T14:41:49-04:00,true,2026-06-26T15:21:03-04:00
Pave1_002118#2,Pave1_002118,2,"404.326,352.834,437.256,488.477",true,in_hand,Facing,partial,uncertain,true,,human_verified,2026-06-26T14:41:53-04:00,true,2026-06-26T15:21:03-04:00
Pave1_002148#1,Pave1_002148,1,"486.07,348.966,569.1,573.718",true,worn_unknown,Back,none,none,true,,helmet_auto_worn_unknown,2026-06-26T15:21:03-04:00,true,2026-06-26T15:21:03-04:00
Pave1_002148#2,Pave1_002148,2,"367.406,354.662,417.624,487.639",true,worn_unknown,Side,none,none,true,,helmet_auto_worn_unknown,2026-06-26T15:21:03-04:00,true,2026-06-26T15:21:03-04:00
Pave1_002160#1,Pave1_002160,1,"482.167,349.258,542.719,555.643",true,worn_unknown,Side,none,none,true,,human_verified,2026-06-26T14:42:10-04:00,true,2026-06-26T15:21:03-04:00
Pave1_002160#2,Pave1_002160,2,"354.497,349.262,398.793,489.2",true,worn_unknown,Facing,none,uncertain,true,,human_verified,2026-06-26T14:42:08-04:00,true,2026-06-26T15:21:03-04:00
Pave1_002172#1,Pave1_002172,1,"464.474,353.256,522.218,548.75",true,worn_unknown,Side,none,none,true,,helmet_auto_worn_unknown,2026-06-26T15:21:03-04:00,true,2026-06-26T15:21:03-04:00
Pave1_002172#2,Pave1_002172,2,"331.853,350.471,387.408,494.701",true,worn_unknown,Facing,none,uncertain,true,,helmet_auto_worn_unknown,2026-06-26T15:21:03-04:00,true,2026-06-26T15:21:03-04:00
Pave1_002190#1,Pave1_002190,1,"438.256,351.84,494.311,538.989",true,worn_unknown,Side,none,none,true,,helmet_auto_worn_unknown,2026-06-26T15:21:03-04:00,true,2026-06-26T15:21:03-04:00
Pave1_002190#2,Pave1_002190,2,"310.076,349.517,359.862,501.762",true,worn_unknown,Facing,none,uncertain,true,,helmet_auto_worn_unknown,2026-06-26T15:21:03-04:00,true,2026-06-26T15:21:03-04:00
Pave1_002202#1,Pave1_002202,1,"433.158,351.283,473.576,530.263",true,worn_unknown,Side,none,none,true,,helmet_auto_worn_unknown,2026-06-26T15:21:03-04:00,true,2026-06-26T15:21:03-04:00
Pave1_002202#2,Pave1_002202,2,"301.302,353.695,349.863,506.409",true,worn_unknown,Side,none,uncertain,true,,helmet_auto_worn_unknown,2026-06-26T15:21:03-04:00,true,2026-06-26T15:21:03-04:00
Pave1_002214#1,Pave1_002214,1,"268.527,350.312,335.323,508.27",true,worn_unknown,Facing,none,none,true,,helmet_auto_worn_unknown,2026-06-26T15:21:03-04:00,true,2026-06-26T15:21:03-04:00
Pave1_002214#2,Pave1_002214,2,"392.858,351.042,447.027,527.853",true,worn_unknown,Side,none,none,true,,helmet_auto_worn_unknown,2026-06-26T15:21:03-04:00,true,2026-06-26T15:21:03-04:00
Pave1_002232#1,Pave1_002232,1,"337.9,349.472,421.586,526.439",true,worn_unknown,Facing,none,none,true,,helmet_auto_worn_unknown,2026-06-26T15:21:03-04:00,true,2026-06-26T15:21:03-04:00
Pave1_002232#2,Pave1_002232,2,"253.445,352.805,312.405,511.05",true,worn_unknown,Facing,none,uncertain,true,,helmet_auto_worn_unknown,2026-06-26T15:21:03-04:00,true,2026-06-26T15:21:03-04:00
Pave1_002244#1,Pave1_002244,1,"345.763,352.474,411.911,538.167",true,worn_unknown,Facing,none,none,true,,helmet_auto_worn_unknown,2026-06-26T15:21:03-04:00,true,2026-06-26T15:21:03-04:00
Pave1_002244#2,Pave1_002244,2,"258.048,359.593,312.351,510.71",true,worn_unknown,Facing,none,uncertain,true,,helmet_auto_worn_unknown,2026-06-26T15:21:03-04:00,true,2026-06-26T15:21:03-04:00
Pave1_002262#1,Pave1_002262,1,"332.46,351.562,403.074,550.886",true,worn_unknown,Facing,none,none,true,,helmet_auto_worn_unknown,2026-06-26T15:21:03-04:00,true,2026-06-26T15:21:03-04:00
Pave1_002262#2,Pave1_002262,2,"262.349,349.846,322.613,510.743",true,worn_unknown,Facing,none,uncertain,true,,helmet_auto_worn_unknown,2026-06-26T15:21:03-04:00,true,2026-06-26T15:21:03-04:00
Pave1_002274#1,Pave1_002274,1,"321.891,347.863,401.886,553.786",true,worn_unknown,Facing,none,none,true,,helmet_auto_worn_unknown,2026-06-26T15:21:03-04:00,true,2026-06-26T15:21:03-04:00
Pave1_002274#2,Pave1_002274,2,"260.91,347.533,323.176,510.528",true,worn_unknown,Facing,none,uncertain,true,,helmet_auto_worn_unknown,2026-06-26T15:21:03-04:00,true,2026-06-26T15:21:03-04:00
Pave1_002286#1,Pave1_002286,1,"329.957,348.421,404.206,570.936",true,worn_unsecured,Facing,none,none,true,,gpt_prelabel,2026-06-26T15:21:03-04:00,true,2026-06-26T15:21:03-04:00
Pave1_002286#2,Pave1_002286,2,"261.728,357.032,320.481,511.174",true,worn_unknown,Facing,partial,uncertain,true,,helmet_auto_worn_unknown,2026-06-26T15:21:03-04:00,true,2026-06-26T15:21:03-04:00
Pave1_002298#1,Pave1_002298,1,"324.386,349.773,412.143,588.819",true,worn_unknown,Facing,none,none,true,,helmet_auto_worn_unknown,2026-06-26T15:21:03-04:00,true,2026-06-26T15:21:03-04:00
Pave1_002298#2,Pave1_002298,2,"262.687,360.76,319.866,510.738",true,worn_unknown,Facing,partial,uncertain,true,,helmet_auto_worn_unknown,2026-06-26T15:21:03-04:00,true,2026-06-26T15:21:03-04:00
Pave1_002310#1,Pave1_002310,1,"321.126,347.434,408.871,593.864",true,worn_unsecured,Facing,none,none,true,,gpt_prelabel,2026-06-26T15:21:03-04:00,true,2026-06-26T15:21:03-04:00
Pave1_002310#2,Pave1_002310,2,"239.174,350.928,315.907,512.959",true,worn_unknown,Side,none,uncertain,true,,helmet_auto_worn_unknown,2026-06-26T15:21:03-04:00,true,2026-06-26T15:21:03-04:00
Pave1_002322#1,Pave1_002322,1,"322.845,348.16,418.143,621.801",true,worn_unsecured,Facing,none,none,true,,gpt_prelabel,2026-06-26T15:21:03-04:00,true,2026-06-26T15:21:03-04:00
Pave1_002322#2,Pave1_002322,2,"232.439,346.602,303.118,518.237",true,worn_unknown,Facing,none,uncertain,true,,helmet_auto_worn_unknown,2026-06-26T15:21:03-04:00,true,2026-06-26T15:21:03-04:00
Pave1_002334#1,Pave1_002334,1,"322.128,345.139,426.065,644.51",true,worn_unknown,Facing,none,none,true,,helmet_auto_worn_unknown,2026-06-26T15:21:03-04:00,true,2026-06-26T15:21:03-04:00
Pave1_002334#2,Pave1_002334,2,"220.63,344.697,273.911,527.515",true,worn_unknown,Facing,partial,call,true,,helmet_auto_worn_unknown,2026-06-26T15:21:03-04:00,true,2026-06-26T15:21:03-04:00
Pave1_002346#1,Pave1_002346,1,"314.283,343.597,424.134,660.349",true,worn_secured,Facing,none,none,true,,gpt_prelabel,2026-06-26T15:21:03-04:00,true,2026-06-26T15:21:03-04:00
Pave1_002346#2,Pave1_002346,2,"194.969,343.729,263.992,535.571",true,worn_unknown,Facing,none,uncertain,true,,helmet_auto_worn_unknown,2026-06-26T15:21:03-04:00,true,2026-06-26T15:21:03-04:00
Pave1_002424#1,Pave1_002424,1,"487.377,324.21,689.274,719.509",true,worn_secured,Side,partial,none,true,,gpt_prelabel,2026-06-26T15:21:03-04:00,true,2026-06-26T15:21:03-04:00
Pave1_002424#2,Pave1_002424,2,"100.704,336.775,204.398,635.875",true,absent,Facing,none,none,true,,gpt_prelabel,2026-06-26T15:21:03-04:00,true,2026-06-26T15:21:03-04:00
Pave1_002436#1,Pave1_002436,1,"559.297,320.305,837.383,719.439",true,worn_secured,Facing,partial,none,true,,gpt_prelabel,2026-06-26T15:21:03-04:00,true,2026-06-26T15:21:03-04:00
Pave1_002436#2,Pave1_002436,2,"100.091,324.686,239.128,643.429",true,worn_secured,Facing,none,none,true,,gpt_prelabel,2026-06-26T15:21:03-04:00,true,2026-06-26T15:21:03-04:00
Pave1_002454#1,Pave1_002454,1,"601.287,305.498,957.752,719.3",true,worn_secured,Facing,none,none,true,,gpt_prelabel,2026-06-26T15:21:03-04:00,true,2026-06-26T15:21:03-04:00
Pave1_002454#2,Pave1_002454,2,"145.161,322.628,278.393,707.18",true,worn_secured,Facing,none,none,true,,gpt_prelabel,2026-06-26T15:21:03-04:00,true,2026-06-26T15:21:03-04:00
Pave1_002472#1,Pave1_002472,1,"675.387,288.683,959.474,719.369",true,worn_unsecured,Side,partial,none,true,,gpt_prelabel,2026-06-26T15:21:03-04:00,true,2026-06-26T15:21:03-04:00
Pave1_002472#2,Pave1_002472,2,"185.763,320.071,348.953,718.46",true,worn_secured,Facing,none,none,true,,gpt_prelabel,2026-06-26T15:21:03-04:00,true,2026-06-26T15:21:03-04:00
Pave1_002490#1,Pave1_002490,1,"612.133,308.954,875.91,719.359",true,worn_unsecured,Side,partial,none,true,,gpt_prelabel,2026-06-26T15:21:03-04:00,true,2026-06-26T15:21:03-04:00
Pave1_002490#2,Pave1_002490,2,"178.624,315.162,366.892,719.746",true,worn_unknown,Facing,partial,none,true,,helmet_auto_worn_unknown,2026-06-26T15:21:03-04:00,true,2026-06-26T15:21:03-04:00
Pave1_002502#1,Pave1_002502,1,"16.283,314.662,342.633,719.333",true,worn_secured,Facing,partial,none,true,,gpt_prelabel,2026-06-26T15:21:03-04:00,true,2026-06-26T15:21:03-04:00
Pave1_002502#2,Pave1_002502,2,"543.387,317.015,811.215,719.489",true,worn_unsecured,Back,partial,none,true,,gpt_prelabel,2026-06-26T15:21:03-04:00,true,2026-06-26T15:21:03-04:00
Pave1_002514#1,Pave1_002514,1,"0.556,252.963,248.626,718.379",true,worn_secured,Facing,partial,none,true,,gpt_prelabel,2026-06-26T15:21:03-04:00,true,2026-06-26T15:21:03-04:00
Pave1_002514#2,Pave1_002514,2,"462.966,320.424,738.906,719.116",true,worn_unknown,Back,none,none,true,,helmet_auto_worn_unknown,2026-06-26T15:21:03-04:00,true,2026-06-26T15:21:03-04:00
Pave1_002526#1,Pave1_002526,1,"461.886,330.216,661.688,719.379",true,worn_unknown,Back,partial,none,true,,helmet_auto_worn_unknown,2026-06-26T15:21:03-04:00,true,2026-06-26T15:21:03-04:00
Pave1_002538#1,Pave1_002538,1,"462.88,334.51,608.187,719.197",true,worn_unknown,Back,partial,none,true,,helmet_auto_worn_unknown,2026-06-26T15:21:03-04:00,true,2026-06-26T15:21:03-04:00
Pave1_002550#1,Pave1_002550,1,"443.582,334.926,579.548,719.217",true,worn_unknown,Back,none,none,true,,helmet_auto_worn_unknown,2026-06-26T15:21:03-04:00,true,2026-06-26T15:21:03-04:00
Pave1_002562#1,Pave1_002562,1,"468.239,333.394,591.809,719.676",true,worn_secured,Side,partial,none,true,,gpt_prelabel,2026-06-26T15:21:03-04:00,true,2026-06-26T15:21:03-04:00
Pave1_002580#1,Pave1_002580,1,"512.985,336.825,653.279,718.788",true,worn_secured,Facing,none,none,true,,gpt_prelabel,2026-06-26T15:21:03-04:00,true,2026-06-26T15:21:03-04:00
Pave1_002592#1,Pave1_002592,1,"550.465,339.757,727.652,719.483",true,worn_secured,Facing,partial,none,true,,gpt_prelabel,2026-06-26T15:21:03-04:00,true,2026-06-26T15:21:03-04:00
Pave1_002610#1,Pave1_002610,1,"559.838,335.976,767.466,719.426",true,worn_secured,Facing,none,none,true,,gpt_prelabel,2026-06-26T15:21:03-04:00,true,2026-06-26T15:21:03-04:00
Pave1_002622#1,Pave1_002622,1,"626.943,338.402,789.837,719.497",true,worn_secured,Facing,partial,none,true,,gpt_prelabel,2026-06-26T15:21:03-04:00,true,2026-06-26T15:21:03-04:00
Pave1_002634#1,Pave1_002634,1,"649.894,329.288,959.216,719.432",true,worn_secured,Facing,partial,none,true,,gpt_prelabel,2026-06-26T15:21:03-04:00,true,2026-06-26T15:21:03-04:00
Pave1_002646#1,Pave1_002646,1,"761.911,336.367,959.247,719.303",true,worn_secured,Facing,partial,none,true,,gpt_prelabel,2026-06-26T15:21:03-04:00,true,2026-06-26T15:21:03-04:00
Pave2_000000#1,Pave2_000000,1,"153.672,290.258,447.944,719.204",true,worn_secured,Back,none,none,true,,gpt_prelabel,2026-06-26T15:21:03-04:00,true,2026-06-26T15:21:03-04:00
Pave2_000012#1,Pave2_000012,1,"256.629,312.159,542.342,719.567",true,worn_secured,Back,partial,none,true,,gpt_prelabel,2026-06-26T15:21:03-04:00,true,2026-06-26T15:21:03-04:00
Pave2_000024#1,Pave2_000024,1,"407.726,320.713,568.837,719.49",true,worn_unknown,Back,none,none,true,,helmet_auto_worn_unknown,2026-06-26T15:21:03-04:00,true,2026-06-26T15:21:03-04:00
Pave2_000024#2,Pave2_000024,2,"257.053,363.218,272.842,400.194",false,absent,Side,heavy,uncertain,true,,human_verified,2026-06-26T14:42:26-04:00,true,2026-06-26T15:21:03-04:00
Pave2_000036#1,Pave2_000036,1,"479.295,323.333,705.799,719.439",true,worn_unknown,Back,partial,none,true,,helmet_auto_worn_unknown,2026-06-26T15:21:03-04:00,true,2026-06-26T15:21:03-04:00
Pave2_000036#2,Pave2_000036,2,"254.926,365.796,270.927,400.802",false,absent,Side,heavy,uncertain,true,,human_verified,2026-06-26T14:42:34-04:00,true,2026-06-26T15:21:03-04:00
Pave2_000048#1,Pave2_000048,1,"544.461,336.971,718.818,719.845",true,worn_unknown,Back,partial,none,true,,helmet_auto_worn_unknown,2026-06-26T15:21:03-04:00,true,2026-06-26T15:21:03-04:00
Pave2_000048#2,Pave2_000048,2,"249.293,361.86,265.195,399.175",false,absent,Side,heavy,uncertain,true,,human_verified,2026-06-26T14:42:46-04:00,true,2026-06-26T15:21:03-04:00
Pave2_000066#1,Pave2_000066,1,"639.18,338.113,799.874,719.265",true,worn_unknown,Back,none,none,true,,helmet_auto_worn_unknown,2026-06-26T15:21:03-04:00,true,2026-06-26T15:21:03-04:00
Pave2_000066#2,Pave2_000066,2,"244.074,361.047,260.127,398.297",false,absent,Back,heavy,uncertain,true,,human_verified,2026-06-26T14:42:59-04:00,true,2026-06-26T15:21:03-04:00
Pave2_000084#1,Pave2_000084,1,"670.589,346.286,799.482,701.362",true,worn_unknown,Back,none,none,true,,helmet_auto_worn_unknown,2026-06-26T15:21:03-04:00,true,2026-06-26T15:21:03-04:00
Pave2_000084#2,Pave2_000084,2,"234.325,361.281,256.046,398.095",false,absent,uncertain,partial,uncertain,true,,human_verified,2026-06-26T14:43:06-04:00,true,2026-06-26T15:21:03-04:00
Pave2_000096#1,Pave2_000096,1,"672.358,347.515,802.064,671.34",true,worn_secured,Back,none,none,true,,gpt_prelabel,2026-06-26T15:21:03-04:00,true,2026-06-26T15:21:03-04:00
Pave2_000096#2,Pave2_000096,2,"232.417,362.153,252.911,397.456",false,absent,uncertain,uncertain,uncertain,true,,human_verified,2026-06-26T14:43:19-04:00,true,2026-06-26T15:21:03-04:00
Pave2_000120#1,Pave2_000120,1,"677.776,347.527,811.139,638.913",true,worn_unknown,Back,none,none,true,,human_verified,2026-06-26T14:43:23-04:00,true,2026-06-26T15:21:03-04:00
Pave2_000120#2,Pave2_000120,2,"221.333,363.333,245.333,394.333",false,absent,uncertain,heavy,uncertain,true,,human_verified,2026-06-26T14:43:30-04:00,true,2026-06-26T15:21:03-04:00
Pave2_000132#1,Pave2_000132,1,"684.957,348.917,777.776,611.164",true,worn_unknown,Back,none,none,true,,helmet_auto_worn_unknown,2026-06-26T15:21:03-04:00,true,2026-06-26T15:21:03-04:00
Pave2_000144#1,Pave2_000144,1,"666.375,351.332,753.22,601.567",true,worn_unknown,Back,none,none,true,,helmet_auto_worn_unknown,2026-06-26T15:21:03-04:00,true,2026-06-26T15:21:03-04:00
Pave2_000156#1,Pave2_000156,1,"646.646,352.815,744.199,585.062",true,worn_unknown,Back,none,none,true,,helmet_auto_worn_unknown,2026-06-26T15:21:03-04:00,true,2026-06-26T15:21:03-04:00
Pave2_000168#1,Pave2_000168,1,"635.749,351.489,711.728,563.522",true,worn_unknown,Back,none,none,true,,helmet_auto_worn_unknown,2026-06-26T15:21:03-04:00,true,2026-06-26T15:21:03-04:00
Pave2_000180#1,Pave2_000180,1,"630.506,353.659,689.905,552.187",true,worn_unknown,Back,none,none,true,,helmet_auto_worn_unknown,2026-06-26T15:21:03-04:00,true,2026-06-26T15:21:03-04:00
Pave2_000192#1,Pave2_000192,1,"600.476,354.337,689.149,548.239",true,worn_unknown,Back,none,none,true,,helmet_auto_worn_unknown,2026-06-26T15:21:03-04:00,true,2026-06-26T15:21:03-04:00
Pave2_000210#1,Pave2_000210,1,"573.182,356.85,645.825,530.892",true,worn_unknown,Side,none,none,true,,helmet_auto_worn_unknown,2026-06-26T15:21:03-04:00,true,2026-06-26T15:21:03-04:00
Pave2_000222#1,Pave2_000222,1,"539.822,353.093,604.358,523.856",true,worn_unknown,Side,none,none,true,,helmet_auto_worn_unknown,2026-06-26T15:21:03-04:00,true,2026-06-26T15:21:03-04:00
Pave2_000234#1,Pave2_000234,1,"521.617,351.823,563.145,513.424",true,worn_secured,Side,none,uncertain,true,,human_verified,2026-06-26T14:43:39-04:00,true,2026-06-26T15:21:03-04:00
Pave2_000246#1,Pave2_000246,1,"479.158,355.615,540.469,517.106",true,worn_unknown,Side,none,none,true,,helmet_auto_worn_unknown,2026-06-26T15:21:03-04:00,true,2026-06-26T15:21:03-04:00
Pave2_000258#1,Pave2_000258,1,"428.97,352.395,508.367,511.734",true,worn_unknown,Side,none,none,true,,helmet_auto_worn_unknown,2026-06-26T15:21:03-04:00,true,2026-06-26T15:21:03-04:00
Pave2_000270#1,Pave2_000270,1,"387.089,348.868,468.535,510.949",true,worn_unknown,Facing,none,none,true,,helmet_auto_worn_unknown,2026-06-26T15:21:03-04:00,true,2026-06-26T15:21:03-04:00
Pave2_000282#1,Pave2_000282,1,"382.652,350.232,435.202,515.382",true,worn_unknown,Facing,none,none,true,,helmet_auto_worn_unknown,2026-06-26T15:21:03-04:00,true,2026-06-26T15:21:03-04:00
Pave2_000300#1,Pave2_000300,1,"323.348,349.831,398.598,524.67",true,worn_unknown,Facing,none,none,true,,helmet_auto_worn_unknown,2026-06-26T15:21:03-04:00,true,2026-06-26T15:21:03-04:00
Pave2_000312#1,Pave2_000312,1,"316.133,355.761,387.501,540.652",true,worn_unknown,Facing,none,none,true,,helmet_auto_worn_unknown,2026-06-26T15:21:03-04:00,true,2026-06-26T15:21:03-04:00
Pave2_000324#1,Pave2_000324,1,"289.075,356.35,366.857,551.479",true,worn_unknown,Facing,none,none,true,,helmet_auto_worn_unknown,2026-06-26T15:21:03-04:00,true,2026-06-26T15:21:03-04:00
Pave2_000342#1,Pave2_000342,1,"268.583,347.503,355.269,573.709",true,worn_unknown,Facing,none,none,true,,helmet_auto_worn_unknown,2026-06-26T15:21:03-04:00,true,2026-06-26T15:21:03-04:00
Pave2_000360#1,Pave2_000360,1,"256.272,348.453,345.05,603.364",true,worn_unknown,Facing,none,none,true,,helmet_auto_worn_unknown,2026-06-26T15:21:03-04:00,true,2026-06-26T15:21:03-04:00
Pave2_000384#1,Pave2_000384,1,"265.068,343.987,368.234,636.315",true,worn_unknown,Facing,none,none,true,,helmet_auto_worn_unknown,2026-06-26T15:21:03-04:00,true,2026-06-26T15:21:03-04:00
Pave2_000396#1,Pave2_000396,1,"265.617,344.376,391.587,686.003",true,worn_unknown,Facing,none,none,true,,helmet_auto_worn_unknown,2026-06-26T15:21:03-04:00,true,2026-06-26T15:21:03-04:00
Pave2_000408#1,Pave2_000408,1,"303.375,338.238,414.045,700.172",true,worn_secured,Facing,none,none,true,,gpt_prelabel,2026-06-26T15:21:03-04:00,true,2026-06-26T15:21:03-04:00
Pave2_000420#1,Pave2_000420,1,"350.889,336.741,487.506,719.775",true,worn_secured,Facing,none,none,true,,gpt_prelabel,2026-06-26T15:21:03-04:00,true,2026-06-26T15:21:03-04:00
Pave2_000432#1,Pave2_000432,1,"404.713,342.699,567.206,719.963",true,worn_secured,Side,none,none,true,,gpt_prelabel,2026-06-26T15:21:03-04:00,true,2026-06-26T15:21:03-04:00
Pave2_000456#1,Pave2_000456,1,"630.283,337.546,807.19,719.419",true,worn_secured,Side,partial,none,true,,gpt_prelabel,2026-06-26T15:21:03-04:00,true,2026-06-26T15:21:03-04:00
Pave2_000468#1,Pave2_000468,1,"781.358,332.168,959.339,719.602",true,worn_secured,Side,partial,none,true,,gpt_prelabel,2026-06-26T15:21:03-04:00,true,2026-06-26T15:21:03-04:00
Pave2_000618#1,Pave2_000618,1,"624.645,336.774,764.84,719.651",true,worn_secured,Side,partial,none,true,,gpt_prelabel,2026-06-26T15:21:03-04:00,true,2026-06-26T15:21:03-04:00
Pave2_000630#1,Pave2_000630,1,"558.644,341.35,687.568,719.374",true,worn_secured,Side,none,none,true,,gpt_prelabel,2026-06-26T15:21:03-04:00,true,2026-06-26T15:21:03-04:00
Pave2_000660#1,Pave2_000660,1,"435.871,346.124,531.174,642.783",true,worn_unknown,Back,none,none,true,,helmet_auto_worn_unknown,2026-06-26T15:21:03-04:00,true,2026-06-26T15:21:03-04:00
Pave2_000672#1,Pave2_000672,1,"381.761,348.62,492.005,635.024",true,worn_unknown,Back,none,none,true,,helmet_auto_worn_unknown,2026-06-26T15:21:03-04:00,true,2026-06-26T15:21:03-04:00
Pave2_000684#1,Pave2_000684,1,"358.141,345.891,449.68,608.062",true,worn_unknown,Back,none,none,true,,helmet_auto_worn_unknown,2026-06-26T15:21:03-04:00,true,2026-06-26T15:21:03-04:00
Pave2_000696#1,Pave2_000696,1,"325.704,344.46,421.561,589.892",true,worn_unknown,Back,none,none,true,,helmet_auto_worn_unknown,2026-06-26T15:21:03-04:00,true,2026-06-26T15:21:03-04:00
Pave2_000708#1,Pave2_000708,1,"320.711,345.973,397.988,567.799",true,worn_unknown,Back,none,none,true,,helmet_auto_worn_unknown,2026-06-26T15:21:03-04:00,true,2026-06-26T15:21:03-04:00
Pave2_000732#1,Pave2_000732,1,"305.802,351.05,377.709,548.383",true,worn_unknown,Back,partial,none,true,,helmet_auto_worn_unknown,2026-06-26T15:21:03-04:00,true,2026-06-26T15:21:03-04:00
Pave2_000750#1,Pave2_000750,1,"317.962,354.803,394.026,538.037",true,worn_unknown,Side,none,none,true,,helmet_auto_worn_unknown,2026-06-26T15:21:03-04:00,true,2026-06-26T15:21:03-04:00
Pave2_000768#1,Pave2_000768,1,"361.347,353.454,454.018,538.177",true,worn_unknown,Side,none,none,true,,helmet_auto_worn_unknown,2026-06-26T15:21:03-04:00,true,2026-06-26T15:21:03-04:00
Pave2_000786#1,Pave2_000786,1,"420.928,353.099,514.349,546.993",true,worn_unknown,Facing,none,none,true,,helmet_auto_worn_unknown,2026-06-26T15:21:03-04:00,true,2026-06-26T15:21:03-04:00
Pave2_000822#1,Pave2_000822,1,"537.092,351.704,622.875,588.086",true,worn_secured,Facing,none,none,true,,gpt_prelabel,2026-06-26T15:21:03-04:00,true,2026-06-26T15:21:03-04:00
Pave2_000840#1,Pave2_000840,1,"603.397,351.518,699.219,622.447",true,worn_unsecured,Facing,none,none,true,,gpt_prelabel,2026-06-26T15:21:03-04:00,true,2026-06-26T15:21:03-04:00
Pave2_000870#1,Pave2_000870,1,"631.934,348.768,733.852,684.295",true,worn_secured,Facing,none,none,true,,gpt_prelabel,2026-06-26T15:21:03-04:00,true,2026-06-26T15:21:03-04:00
Pave2_000888#1,Pave2_000888,1,"560.642,346.594,703.07,718.463",true,worn_secured,Side,none,none,true,,gpt_prelabel,2026-06-26T15:21:03-04:00,true,2026-06-26T15:21:03-04:00
Pave2_000906#1,Pave2_000906,1,"464.104,344.594,623.111,718.368",true,worn_secured,Side,none,none,true,,gpt_prelabel,2026-06-26T15:21:03-04:00,true,2026-06-26T15:21:03-04:00
Pave2_000918#1,Pave2_000918,1,"439.4,346.926,555.437,683.396",true,worn_unknown,Back,none,none,true,,helmet_auto_worn_unknown,2026-06-26T15:21:03-04:00,true,2026-06-26T15:21:03-04:00
Pave2_000930#1,Pave2_000930,1,"400.017,345.712,528.715,651.81",true,worn_unknown,Back,none,none,true,,helmet_auto_worn_unknown,2026-06-26T15:21:03-04:00,true,2026-06-26T15:21:03-04:00
Pave2_000948#1,Pave2_000948,1,"421.404,346.507,515.37,612.712",true,worn_unknown,Back,none,none,true,,helmet_auto_worn_unknown,2026-06-26T15:21:03-04:00,true,2026-06-26T15:21:03-04:00
Pave2_000960#1,Pave2_000960,1,"416.539,349.563,512.778,600.701",true,worn_unknown,Back,none,none,true,,helmet_auto_worn_unknown,2026-06-26T15:21:03-04:00,true,2026-06-26T15:21:03-04:00
Pave2_000972#1,Pave2_000972,1,"434.391,350.396,508.437,583.689",true,worn_unknown,Back,none,none,true,,helmet_auto_worn_unknown,2026-06-26T15:21:03-04:00,true,2026-06-26T15:21:03-04:00
Pave2_000984#1,Pave2_000984,1,"432.42,349.06,512.228,564.273",true,worn_unknown,Back,none,none,true,,helmet_auto_worn_unknown,2026-06-26T15:21:03-04:00,true,2026-06-26T15:21:03-04:00
Pave2_000996#1,Pave2_000996,1,"437.378,350.761,507.908,550.089",true,worn_unknown,Back,none,none,true,,helmet_auto_worn_unknown,2026-06-26T15:21:03-04:00,true,2026-06-26T15:21:03-04:00
Pave2_001014#1,Pave2_001014,1,"437.837,349.732,505.498,536.896",true,worn_unknown,Back,partial,none,true,,helmet_auto_worn_unknown,2026-06-26T15:21:03-04:00,true,2026-06-26T15:21:03-04:00
Pave2_001038#1,Pave2_001038,1,"407.015,350.038,465.799,525.889",true,worn_unknown,Side,none,none,true,,helmet_auto_worn_unknown,2026-06-26T15:21:03-04:00,true,2026-06-26T15:21:03-04:00
Pave2_001050#1,Pave2_001050,1,"383.448,348.267,448.051,525.079",true,worn_unknown,Facing,none,none,true,,helmet_auto_worn_unknown,2026-06-26T15:21:03-04:00,true,2026-06-26T15:21:03-04:00
Pave2_001068#1,Pave2_001068,1,"380.012,352.48,438.081,536.636",true,absent,Facing,none,none,true,,gpt_prelabel,2026-06-26T15:21:03-04:00,true,2026-06-26T15:21:03-04:00
Pave2_001080#1,Pave2_001080,1,"357.352,351.966,434.864,548.013",true,worn_unknown,Facing,none,none,true,,helmet_auto_worn_unknown,2026-06-26T15:21:03-04:00,true,2026-06-26T15:21:03-04:00
Pave2_001110#1,Pave2_001110,1,"356.893,347.093,447.538,573.695",true,worn_unsecured,Facing,none,none,true,,gpt_prelabel,2026-06-26T15:21:03-04:00,true,2026-06-26T15:21:03-04:00
Pave2_001122#1,Pave2_001122,1,"361.252,346.697,447.401,602.971",true,worn_unknown,Facing,none,none,true,,helmet_auto_worn_unknown,2026-06-26T15:21:03-04:00,true,2026-06-26T15:21:03-04:00
Pave2_001134#1,Pave2_001134,1,"363.277,346.207,454.56,627.519",true,worn_unknown,Facing,none,none,true,,helmet_auto_worn_unknown,2026-06-26T15:21:03-04:00,true,2026-06-26T15:21:03-04:00
Pave2_001152#1,Pave2_001152,1,"367.39,347.569,473.524,684.496",true,worn_unknown,Facing,none,none,true,,helmet_auto_worn_unknown,2026-06-26T15:21:03-04:00,true,2026-06-26T15:21:03-04:00
Pave2_001170#1,Pave2_001170,1,"393.005,344.812,503.592,720",true,worn_secured,Facing,none,none,true,,gpt_prelabel,2026-06-26T15:21:03-04:00,true,2026-06-26T15:21:03-04:00
Pave2_001182#1,Pave2_001182,1,"427.51,342.064,588.177,719.431",true,worn_secured,Facing,none,none,true,,gpt_prelabel,2026-06-26T15:21:03-04:00,true,2026-06-26T15:21:03-04:00
Pave2_001194#1,Pave2_001194,1,"495.403,332.227,623.764,718.92",true,worn_secured,Side,none,none,true,,gpt_prelabel,2026-06-26T15:21:03-04:00,true,2026-06-26T15:21:03-04:00
Pave2_001212#1,Pave2_001212,1,"645.324,331.5,812.875,719.415",true,worn_secured,Side,none,none,true,,gpt_prelabel,2026-06-26T15:21:03-04:00,true,2026-06-26T15:21:03-04:00
Pave2_001422#1,Pave2_001422,1,"795.099,333.018,959.392,719.617",true,worn_secured,Side,partial,none,true,,gpt_prelabel,2026-06-26T15:21:03-04:00,true,2026-06-26T15:21:03-04:00
Pave2_001434#1,Pave2_001434,1,"749.889,331.39,950.433,719.481",true,worn_secured,Side,none,none,true,,gpt_prelabel,2026-06-26T15:21:03-04:00,true,2026-06-26T15:21:03-04:00
Pave2_001452#1,Pave2_001452,1,"549.026,323.857,785.413,719.527",true,worn_unsecured,Side,none,none,true,,gpt_prelabel,2026-06-26T15:21:03-04:00,true,2026-06-26T15:21:03-04:00
Pave2_001470#1,Pave2_001470,1,"433.107,315.108,624.502,719.257",true,worn_secured,Side,partial,none,true,,gpt_prelabel,2026-06-26T15:21:03-04:00,true,2026-06-26T15:21:03-04:00
Pave2_001482#1,Pave2_001482,1,"312.135,309.761,487.919,719.475",true,worn_secured,Side,partial,none,true,,gpt_prelabel,2026-06-26T15:21:03-04:00,true,2026-06-26T15:21:03-04:00
Pave2_001494#1,Pave2_001494,1,"135.423,302.29,354.112,719.37",true,worn_unsecured,Side,none,none,true,,gpt_prelabel,2026-06-26T15:21:03-04:00,true,2026-06-26T15:21:03-04:00
Pave2_001506#1,Pave2_001506,1,"0.343,287.088,232.866,719.348",true,worn_unknown,Back,partial,none,true,,helmet_auto_worn_unknown,2026-06-26T15:21:03-04:00,true,2026-06-26T15:21:03-04:00
Pave2_001518#1,Pave2_001518,1,"0.248,298.294,228.339,719.319",true,worn_unknown,Back,partial,none,true,,helmet_auto_worn_unknown,2026-06-26T15:21:03-04:00,true,2026-06-26T15:21:03-04:00
Pave2_001530#1,Pave2_001530,1,"0.258,307.352,270.554,719.058",true,worn_secured,Back,partial,none,true,,gpt_prelabel,2026-06-26T15:21:03-04:00,true,2026-06-26T15:21:03-04:00
Pave2_001542#1,Pave2_001542,1,"131.783,319.582,327.093,719.456",true,worn_secured,Back,none,none,true,,gpt_prelabel,2026-06-26T15:21:03-04:00,true,2026-06-26T15:21:03-04:00
Pave2_001554#1,Pave2_001554,1,"240.956,332.31,400.248,719.411",true,worn_unknown,Back,none,none,true,,helmet_auto_worn_unknown,2026-06-26T15:21:03-04:00,true,2026-06-26T15:21:03-04:00
Pave2_001572#1,Pave2_001572,1,"380.127,341.576,525.728,719.207",true,worn_unknown,Back,none,none,true,,helmet_auto_worn_unknown,2026-06-26T15:21:03-04:00,true,2026-06-26T15:21:03-04:00
Pave2_001590#1,Pave2_001590,1,"490.029,342.289,624.515,703.656",true,worn_unknown,Back,none,none,true,,helmet_auto_worn_unknown,2026-06-26T15:21:03-04:00,true,2026-06-26T15:21:03-04:00
Pave2_001608#1,Pave2_001608,1,"560.865,346.671,655.805,664.47",true,worn_unsecured,Back,none,none,true,,gpt_prelabel,2026-06-26T15:21:03-04:00,true,2026-06-26T15:21:03-04:00
Pave2_001620#1,Pave2_001620,1,"587.585,349.841,698.362,647.139",true,worn_unknown,Back,none,none,true,,helmet_auto_worn_unknown,2026-06-26T15:21:03-04:00,true,2026-06-26T15:21:03-04:00
Pave2_001638#1,Pave2_001638,1,"621.092,349.646,724.197,619.022",true,worn_unknown,Back,none,none,true,,helmet_auto_worn_unknown,2026-06-26T15:21:03-04:00,true,2026-06-26T15:21:03-04:00
Pave2_001650#1,Pave2_001650,1,"642.826,350.118,728.709,606.26",true,worn_unknown,Back,none,none,true,,helmet_auto_worn_unknown,2026-06-26T15:21:03-04:00,true,2026-06-26T15:21:03-04:00
Pave2_001662#1,Pave2_001662,1,"642.124,349.751,731.418,587.625",true,worn_unknown,Back,none,none,true,,helmet_auto_worn_unknown,2026-06-26T15:21:03-04:00,true,2026-06-26T15:21:03-04:00
Pave2_001674#1,Pave2_001674,1,"637.432,353.643,715.001,569.591",true,worn_unknown,Back,none,none,true,,helmet_auto_worn_unknown,2026-06-26T15:21:03-04:00,true,2026-06-26T15:21:03-04:00
Pave2_001686#1,Pave2_001686,1,"631.354,353.274,711.431,563.92",true,worn_unknown,Back,none,uncertain,true,,helmet_auto_worn_unknown,2026-06-26T15:21:03-04:00,true,2026-06-26T15:21:03-04:00
Pave2_001698#1,Pave2_001698,1,"620.169,352.797,684.749,549.793",true,worn_unknown,Back,none,none,true,,helmet_auto_worn_unknown,2026-06-26T15:21:03-04:00,true,2026-06-26T15:21:03-04:00
Pave2_001710#1,Pave2_001710,1,"597.288,354.497,664.363,541.638",true,worn_unknown,Side,none,uncertain,true,,helmet_auto_worn_unknown,2026-06-26T15:21:03-04:00,true,2026-06-26T15:21:03-04:00
Pave2_001722#1,Pave2_001722,1,"581.89,352.529,637.922,536.966",true,worn_unknown,Side,none,none,true,,helmet_auto_worn_unknown,2026-06-26T15:21:03-04:00,true,2026-06-26T15:21:03-04:00
Pave2_001740#1,Pave2_001740,1,"550.196,348.608,612.223,543.557",true,worn_unknown,Facing,none,none,true,,helmet_auto_worn_unknown,2026-06-26T15:21:03-04:00,true,2026-06-26T15:21:03-04:00
Pave2_001752#1,Pave2_001752,1,"534.178,355.632,609.282,546.193",true,worn_unknown,Facing,none,none,true,,helmet_auto_worn_unknown,2026-06-26T15:21:03-04:00,true,2026-06-26T15:21:03-04:00
Pave2_001764#1,Pave2_001764,1,"519.363,353.494,594.164,560.338",true,worn_unknown,Facing,none,none,true,,helmet_auto_worn_unknown,2026-06-26T15:21:03-04:00,true,2026-06-26T15:21:03-04:00
Pave2_001806#1,Pave2_001806,1,"488.52,353.336,585.953,614.954",true,worn_unknown,Facing,none,none,true,,helmet_auto_worn_unknown,2026-06-26T15:21:03-04:00,true,2026-06-26T15:21:03-04:00
