worker_key,image_id,recording,scene_type,worker_index,bbox_x1,bbox_y1,bbox_x2,bbox_y2,inner_x1,inner_y1,inner_x2,inner_y2,depth_z_m,manual_distance_band,distance_class_3,high_visibility_vest,helmet_status,helmet_worn_binary,orientation,occlusion_level,phone_status
Garage1_000000#1,Garage1_000000,Garage1,indoor_garage,1,477.025391,402.486053,577.69989,719.470703,502.194016,450.03375,552.531265,592.676843,2.978516,,<3,true,absent,false,Back,none,none
Garage1_000036#1,Garage1_000036,Garage1,indoor_garage,1,357.85376,404.487213,487.248688,719.612427,390.202492,451.755995,454.899956,593.562341,3.447266,,3-6,true,absent,false,Back,none,none
Garage1_000060#1,Garage1_000060,Garage1,indoor_garage,1,336.193817,401.15506,441.536407,718.250488,362.529465,448.719374,415.20076,591.412317,3.806641,,3-6,true,absent,false,Back,none,none
Garage1_000108#1,Garage1_000108,Garage1,indoor_garage,1,269.335327,405.609131,374.01416,678.372131,295.505035,446.523581,347.844452,569.266931,4.574219,,3-6,true,absent,false,Back,none,none
Garage1_000132#1,Garage1_000132,Garage1,indoor_garage,1,233.615387,404.87384,314.444916,658.944946,253.822769,442.984506,294.237534,557.316504,4.839844,,3-6,true,absent,false,Back,none,none
Garage1_000588#1,Garage1_000588,Garage1,indoor_garage,1,700.881592,414.390808,763.354126,588.983582,716.499725,440.579724,747.735992,519.146472,6.722656,,>6,true,absent,false,Side,none,none
Garage1_000612#1,Garage1_000612,Garage1,indoor_garage,1,644.026245,408.587555,718.335754,586.699341,662.603622,435.304323,699.758377,515.454627,7.039062,,>6,true,absent,false,Side,none,none
Garage1_000672#1,Garage1_000672,Garage1,indoor_garage,1,537.148315,410.565582,587.630249,578.718994,549.768799,435.788594,575.009766,511.457629,7.257812,,>6,true,absent,false,Side,none,none
Garage1_000720#1,Garage1_000720,Garage1,indoor_garage,1,475.238159,409.725769,523.098816,567.071411,487.203323,433.327615,511.133652,504.133154,,>6,>6,true,absent,false,Back,none,none
Garage1_000804#1,Garage1_000804,Garage1,indoor_garage,1,428.280701,405.547485,463.685364,546.510132,437.131867,426.691882,454.834198,490.125073,8.65625,,>6,true,absent,false,Side,none,none
Garage1_000840#1,Garage1_000840,Garage1,indoor_garage,1,400.583405,409.38913,451.612701,553.062134,413.340729,430.940081,438.855377,495.592932,8.609375,,>6,true,absent,false,Facing,none,none
Garage1_000888#1,Garage1_000888,Garage1,indoor_garage,1,378.614594,407.313263,432.89502,575.307617,392.184701,432.512416,419.324913,508.109875,7.421875,,>6,true,absent,false,Facing,none,none
Garage1_000984#1,Garage1_000984,Garage1,indoor_garage,1,339.910339,411.456116,416.585815,633.978516,359.079208,444.834476,397.416946,544.969556,5.585938,,3-6,true,absent,false,Facing,none,none
Garage1_001008#1,Garage1_001008,Garage1,indoor_garage,1,323.295471,408.933929,403.479187,645.791626,343.3414,444.462584,383.433258,551.048547,5.195312,,3-6,true,absent,false,Facing,none,none
Garage1_001032#1,Garage1_001032,Garage1,indoor_garage,1,302.93219,407.516785,390.848633,671.142578,324.911301,447.060654,368.869522,565.692261,4.71875,,3-6,true,absent,false,Side,none,none
Garage1_001056#1,Garage1_001056,Garage1,indoor_garage,1,237.971649,405.059265,362.818542,686.654297,269.183372,447.29852,331.606819,574.016284,4.480469,,3-6,true,absent,false,Side,none,none
Garage1_001356#1,Garage1_001356,Garage1,indoor_garage,1,292.606201,409.267365,386.193359,692.396973,316.002991,451.736806,362.796569,579.14513,4.257812,,3-6,true,absent,false,Side,none,none
Garage1_001380#1,Garage1_001380,Garage1,indoor_garage,1,341.32959,406.690613,489.062134,692.110291,378.262726,449.503565,452.128998,577.94242,4.25,,3-6,true,absent,false,Side,none,none
Garage1_001428#1,Garage1_001428,Garage1,indoor_garage,1,521.324219,405.133392,591.150269,688.783936,538.780732,447.680974,573.693756,575.323718,4.3125,,3-6,true,absent,false,Side,none,none
Garage1_001704#1,Garage1_001704,Garage1,indoor_garage,1,665.89502,407.357941,761.342163,705.431519,689.756806,452.068978,737.480377,586.202088,4.230469,,3-6,true,absent,false,Facing,none,none
Garage1_001704#2,Garage1_001704,Garage1,indoor_garage,2,234.243759,420.801544,340.251282,628.791016,260.74564,451.999965,313.749401,545.595227,5.441406,,3-6,false,absent,false,Side,partial,none
Garage1_001728#1,Garage1_001728,Garage1,indoor_garage,1,634.700562,403.564514,741.822998,707.288696,661.481171,449.123141,715.042389,585.799023,4.125,,3-6,true,absent,false,Facing,none,none
Garage1_001728#2,Garage1_001728,Garage1,indoor_garage,2,321.087463,414.207825,387.746796,608.451599,337.752296,443.344391,371.081963,530.754089,5.878906,,3-6,false,absent,false,Side,none,none
Garage1_001752#1,Garage1_001752,Garage1,indoor_garage,1,590.72522,408.965881,713.065674,703.391418,621.310334,453.129712,682.48056,585.621203,4.15625,,3-6,true,absent,false,Side,none,none
Garage1_001752#2,Garage1_001752,Garage1,indoor_garage,2,382.618835,417.358948,442.150909,591.4599,397.501853,443.474091,427.267891,521.819519,6.392578,,>6,false,absent,false,Side,none,uncertain
Garage1_001776#1,Garage1_001776,Garage1,indoor_garage,1,585.849182,406.483154,654.386475,693.457214,602.983505,449.529263,637.252152,578.66759,4.167969,,3-6,true,absent,false,Side,none,none
Garage1_001776#2,Garage1_001776,Garage1,indoor_garage,2,416.894623,409.889465,495.442657,581.796204,436.531632,435.675476,475.805649,513.033508,7.005859,,>6,false,absent,false,Back,none,uncertain
Garage1_001800#1,Garage1_001800,Garage1,indoor_garage,1,574.820312,409.168488,652.031006,698.80896,594.122985,452.614559,632.728333,582.952771,4.257812,,3-6,true,absent,false,Side,none,none
Garage1_001800#2,Garage1_001800,Garage1,indoor_garage,2,465.462158,424.379944,531.990784,574.458313,482.094314,446.891699,515.358628,514.426965,7.160156,,>6,false,absent,false,Side,none,none
Garage1_001824#1,Garage1_001824,Garage1,indoor_garage,1,578.655151,407.978638,647.989258,697.534363,595.988678,451.411997,630.655731,581.712073,4.261719,,3-6,true,absent,false,Side,none,none
Garage1_001824#2,Garage1_001824,Garage1,indoor_garage,2,505.84671,419.423859,568.511963,563.185181,521.513023,440.988057,552.84565,505.680652,7.707031,,>6,false,absent,false,Back,none,none
Garage1_001848#1,Garage1_001848,Garage1,indoor_garage,1,573.952759,407.516174,660.550659,700.177124,595.602234,451.415317,638.901184,583.112744,4.296875,,3-6,true,absent,false,Back,none,none
Garage1_001848#2,Garage1_001848,Garage1,indoor_garage,2,543.959045,412.958344,574.126526,552.324097,551.500915,433.863207,566.584656,496.577796,,>6,>6,false,absent,false,Back,heavy,uncertain
Garage1_001872#1,Garage1_001872,Garage1,indoor_garage,1,565.576477,405.879883,655.365479,677.092224,588.023727,446.561734,632.918229,568.607288,4.480469,,3-6,true,absent,false,Back,none,none
Garage1_001896#1,Garage1_001896,Garage1,indoor_garage,1,577.556274,405.235016,666.727051,668.189087,599.848968,444.678127,644.434357,563.007459,4.6875,,3-6,true,absent,false,Back,none,none
Garage1_001932#1,Garage1_001932,Garage1,indoor_garage,1,624.013062,408.134308,705.477295,650.337646,644.37912,444.464809,685.111237,553.456311,5.046875,,3-6,true,absent,false,Back,none,none
Garage1_002064#1,Garage1_002064,Garage1,indoor_garage,1,709.524536,415.402496,747.400085,504.546661,718.993423,428.774121,737.931198,468.888995,11.480469,,>6,false,absent,false,Back,none,uncertain
Garage1_002064#2,Garage1_002064,Garage1,indoor_garage,2,900.055603,407.062897,951.046326,463.039337,912.803284,415.459363,938.298645,440.648761,,3-6,3-6,uncertain,absent,false,Back,heavy,uncertain
Garage1_002304#1,Garage1_002304,Garage1,indoor_garage,1,609.590393,409.117035,658.732056,565.478638,621.875809,432.571275,646.44664,502.933997,7.609375,,>6,true,absent,false,Side,none,none
Garage1_002340#1,Garage1_002340,Garage1,indoor_garage,1,550.535339,410.350952,590.714172,566.147888,560.580047,433.720492,580.669464,503.829114,7.742188,,>6,true,absent,false,Side,none,none
Garage1_002376#1,Garage1_002376,Garage1,indoor_garage,1,493.400757,410.905701,533.806824,564.040283,503.502274,433.875888,523.705307,502.78645,7.816406,,>6,true,absent,false,Side,none,none
Garage1_002472#1,Garage1_002472,Garage1,indoor_garage,1,374.672882,405.078461,438.475342,589.186279,390.623497,432.694634,422.524727,515.543152,6.707031,,>6,true,absent,false,Facing,none,none
Garage1_002472#2,Garage1_002472,Garage1,indoor_garage,2,568.123291,404.656128,581.468384,445.955841,571.459564,410.851085,578.132111,429.435956,18.4375,,>6,uncertain,uncertain,uncertain,uncertain,uncertain,uncertain
Garage1_002532#1,Garage1_002532,Garage1,indoor_garage,1,379.019257,411.142548,433.652435,595.249023,392.677551,438.758519,419.994141,521.606433,6.34375,,>6,true,absent,false,Side,none,none
Garage1_002532#2,Garage1_002532,Garage1,indoor_garage,2,565.463257,406.593323,579.460938,447.660217,568.962677,412.753357,575.961518,431.233459,,>6,>6,false,absent,false,Facing,none,none
Garage1_002568#1,Garage1_002568,Garage1,indoor_garage,1,423.076904,406.198975,481.593384,584.834717,437.706024,432.994336,466.964264,513.38042,6.929688,,>6,true,absent,false,Back,none,none
Garage1_002568#2,Garage1_002568,Garage1,indoor_garage,2,559.333332,409.666662,575.333332,447.666662,563.333332,415.366662,571.333332,432.466662,,>6,>6,uncertain,uncertain,uncertain,uncertain,uncertain,uncertain
Garage1_002616#1,Garage1_002616,Garage1,indoor_garage,1,442.629181,410.961426,493.464752,565.12323,455.338074,434.085697,480.755859,503.458508,7.828125,,>6,true,absent,false,Back,none,none
Garage1_002616#2,Garage1_002616,Garage1,indoor_garage,2,555.043396,409.125092,570.847595,449.774506,558.994446,415.222504,566.896545,433.51474,18.328125,,>6,uncertain,uncertain,uncertain,uncertain,uncertain,uncertain
Garage1_002652#1,Garage1_002652,Garage1,indoor_garage,1,439.227264,409.601624,485.830261,549.00647,450.878013,430.512351,474.179512,493.244532,8.601562,,>6,true,absent,false,Back,none,none
Garage1_002652#2,Garage1_002652,Garage1,indoor_garage,2,551.751221,408.81601,566.942078,451.231842,555.548935,415.178385,563.144364,434.265509,18.539062,,>6,uncertain,uncertain,uncertain,uncertain,uncertain,uncertain
Garage1_002676#1,Garage1_002676,Garage1,indoor_garage,1,437.337341,409.276611,480.145294,541.162842,448.039329,429.059546,469.443306,488.40835,9.0,,>6,true,absent,false,Back,none,none
Garage1_002676#2,Garage1_002676,Garage1,indoor_garage,2,548.770508,406.610046,564.637329,451.83252,552.737213,413.393417,560.670624,433.74353,18.421875,,>6,uncertain,uncertain,uncertain,uncertain,uncertain,uncertain
Garage1_002700#1,Garage1_002700,Garage1,indoor_garage,1,441.025818,405.936951,483.394226,530.816528,451.61792,424.668888,472.802124,480.864697,9.625,,>6,true,absent,false,Back,partial,none
Garage1_002700#2,Garage1_002700,Garage1,indoor_garage,2,545.456543,407.25531,561.567627,451.203461,549.484314,413.847533,557.539856,433.624201,18.515625,,>6,uncertain,uncertain,uncertain,uncertain,uncertain,uncertain
Garage1_002784#1,Garage1_002784,Garage1,indoor_garage,1,497.41745,412.819855,529.474609,518.668335,505.43174,428.697127,521.460319,476.328943,,>6,>6,true,uncertain,uncertain,Side,none,none
Garage1_002784#2,Garage1_002784,Garage1,indoor_garage,2,529.696106,408.201233,548.477905,459.886963,534.391556,415.954093,543.782455,439.212671,,>6,>6,uncertain,uncertain,uncertain,uncertain,uncertain,none
Garage1_002856#1,Garage1_002856,Garage1,indoor_garage,1,563.279114,409.504211,600.868286,523.917664,572.676407,426.666229,591.470993,478.152283,,>6,>6,true,absent,false,Facing,none,none
Garage1_002856#2,Garage1_002856,Garage1,indoor_garage,2,516.202168,403.594951,536.25533,458.127421,521.215459,411.774821,531.242039,436.314433,,>6,>6,uncertain,uncertain,uncertain,uncertain,none,uncertain
Garage1_002892#1,Garage1_002892,Garage1,indoor_garage,1,575.839844,409.316071,621.456055,534.662659,587.243897,428.118059,610.052002,484.524024,,>6,>6,true,absent,false,Facing,none,none
Garage1_002892#2,Garage1_002892,Garage1,indoor_garage,2,511.774475,405.975311,532.599976,462.738464,516.98085,414.489784,527.393601,440.033203,,>6,>6,uncertain,uncertain,uncertain,uncertain,none,uncertain
Garage1_002916#1,Garage1_002916,Garage1,indoor_garage,1,580.305664,411.118378,625.299072,541.064453,591.554016,430.610289,614.05072,489.086023,9.046875,,>6,true,absent,false,Facing,none,none
Garage1_002916#2,Garage1_002916,Garage1,indoor_garage,2,509.045227,406.034546,529.847412,465.375549,514.245773,414.935696,524.646866,441.639148,,>6,>6,true,absent,false,Facing,none,none
Garage1_002988#1,Garage1_002988,Garage1,indoor_garage,1,557.676636,408.194458,609.904175,567.477539,570.733521,432.08692,596.84729,503.764307,7.832031,,>6,true,absent,false,Facing,none,none
Garage1_002988#2,Garage1_002988,Garage1,indoor_garage,2,504.04248,406.016418,526.785278,468.470215,509.72818,415.384488,521.099579,443.488696,,>6,>6,uncertain,uncertain,uncertain,Facing,none,uncertain
Garage1_003012#1,Garage1_003012,Garage1,indoor_garage,1,540.389099,411.567261,596.049866,578.070007,554.304291,436.542673,582.134674,511.468909,7.328125,,>6,true,absent,false,Facing,none,none
Garage1_003012#2,Garage1_003012,Garage1,indoor_garage,2,505.196136,406.034363,526.525513,471.628052,510.52848,415.873416,521.193169,445.390576,,>6,>6,false,absent,false,Facing,none,none
Garage1_003048#1,Garage1_003048,Garage1,indoor_garage,1,510.852173,408.012817,569.940125,594.557556,525.624161,435.994528,555.168137,519.93966,6.619141,,>6,true,absent,false,Facing,none,none
Garage1_003048#2,Garage1_003048,Garage1,indoor_garage,2,504.810791,405.848602,525.746521,446.080811,510.044724,411.883433,520.512588,429.987927,,>6,>6,true,absent,false,Facing,none,none
Garage1_003072#1,Garage1_003072,Garage1,indoor_garage,1,473.82193,410.738068,546.006348,608.719727,491.868035,440.435317,527.960244,529.527063,6.265625,,>6,true,absent,false,Facing,none,none
Garage1_003108#1,Garage1_003108,Garage1,indoor_garage,1,427.797363,407.970276,493.410736,632.065002,444.200706,441.584485,477.007393,542.427112,5.53125,,3-6,true,absent,false,Facing,none,none
Garage1_003108#2,Garage1_003108,Garage1,indoor_garage,2,507.112793,407.216034,533.120544,480.865997,513.614731,418.263528,526.618606,451.406012,,>6,>6,false,absent,false,Facing,none,uncertain
Garage1_003132#1,Garage1_003132,Garage1,indoor_garage,1,349.901886,412.048645,467.388428,644.280029,379.273522,446.883353,438.016792,551.387475,5.214844,,3-6,true,absent,false,Side,none,none
Garage1_003132#2,Garage1_003132,Garage1,indoor_garage,2,510.108521,407.83255,537.410278,483.671173,516.93396,419.208343,530.584839,453.335724,,>6,>6,false,absent,false,Facing,none,none
Garage1_003156#1,Garage1_003156,Garage1,indoor_garage,1,312.936951,410.729187,392.46167,652.747314,332.818131,447.031906,372.58049,555.940063,4.851562,,3-6,true,absent,false,Side,none,none
Garage1_003156#2,Garage1_003156,Garage1,indoor_garage,2,509.244324,407.073944,537.420227,487.591278,516.2883,419.151544,530.376251,455.384344,,>6,>6,false,absent,false,Facing,none,none
Garage2_000000#1,Garage2_000000,Garage2,indoor_garage,1,0.28347,392.893799,154.966873,719.290466,38.954321,441.853299,116.296022,588.731799,2.099609,,<3,true,worn_unsecured,true,Side,partial,none
Garage2_000024#1,Garage2_000024,Garage2,indoor_garage,1,119.541573,392.065063,260.358643,719.512329,154.74584,441.182153,225.154375,588.533423,2.394531,,<3,true,worn_unsecured,true,Side,partial,none
Garage2_000060#1,Garage2_000060,Garage2,indoor_garage,1,286.664001,387.779846,400.092468,719.264038,315.021118,437.502475,371.735351,586.670361,2.955078,,<3,true,worn_unsecured,true,Side,partial,none
Garage2_000084#1,Garage2_000084,Garage2,indoor_garage,1,355.699341,397.748108,481.197052,719.586182,387.073769,446.023819,449.822624,590.850952,3.277344,,3-6,true,worn_unsecured,true,Side,none,none
Garage2_000120#1,Garage2_000120,Garage2,indoor_garage,1,479.908997,400.446991,610.769714,706.28772,512.624176,446.3231,578.054535,583.951428,3.9375,,3-6,true,worn_unsecured,true,Back,none,none
Garage2_000144#1,Garage2_000144,Garage2,indoor_garage,1,537.893188,403.664154,662.23877,696.653137,568.979583,447.612501,631.152375,579.457544,4.25,,3-6,true,worn_unsecured,true,Back,none,none
Garage2_000168#1,Garage2_000168,Garage2,indoor_garage,1,579.962524,398.190399,718.82489,672.308533,614.678115,439.308119,684.109299,562.661279,4.613281,,3-6,true,worn_unsecured,true,Back,none,none
Garage2_000216#1,Garage2_000216,Garage2,indoor_garage,1,696.328125,406.097717,779.69165,636.141724,717.169006,440.604318,758.850769,544.124121,5.253906,,3-6,true,worn_unsecured,true,Back,none,none
Garage2_000444#1,Garage2_000444,Garage2,indoor_garage,1,735.409973,414.128479,822.96698,563.775024,757.299225,436.575461,801.077728,503.916406,17.515625,,>6,true,worn_unsecured,true,Side,none,none
Garage2_000468#1,Garage2_000468,Garage2,indoor_garage,1,701.312378,408.660828,756.232422,556.768066,715.042389,430.876914,742.502411,497.525171,8.300781,,>6,true,worn_unsecured,true,Facing,none,none
Garage2_000492#1,Garage2_000492,Garage2,indoor_garage,1,666.484863,411.76062,707.756287,552.891907,676.802719,432.930313,697.438431,496.439392,8.445312,,>6,true,worn_unsecured,true,Side,none,none
Garage2_000516#1,Garage2_000516,Garage2,indoor_garage,1,608.335693,412.379822,684.478638,554.376038,627.371429,433.679254,665.442902,497.577552,12.335938,,>6,true,worn_unsecured,true,Side,none,none
Garage2_000552#1,Garage2_000552,Garage2,indoor_garage,1,553.116333,408.035248,612.141602,550.544922,567.87265,429.411699,597.385285,493.541052,8.65625,,>6,true,worn_unsecured,true,Side,none,none
Garage2_000648#1,Garage2_000648,Garage2,indoor_garage,1,395.516418,408.37912,455.833374,544.30603,410.595657,428.768156,440.754135,489.935266,13.695312,,>6,true,worn_secured,true,Side,partial,none
Garage2_000672#1,Garage2_000672,Garage2,indoor_garage,1,353.89212,406.117218,417.855286,543.222412,369.882911,426.682997,401.864494,488.380334,,>6,>6,true,worn_unsecured,true,Side,none,none
Garage2_000912#1,Garage2_000912,Garage2,indoor_garage,1,416.60202,405.860413,487.170685,556.971863,434.244186,428.52713,469.528519,496.527283,13.46875,,>6,true,worn_unsecured,true,Side,none,none
Garage2_000960#1,Garage2_000960,Garage2,indoor_garage,1,488.333038,404.369751,539.250244,571.653992,501.06234,429.462387,526.520942,504.740296,7.539062,,>6,true,worn_unknown,true,Facing,none,none
Garage2_000996#1,Garage2_000996,Garage2,indoor_garage,1,537.097168,403.460632,608.825928,588.773438,555.029358,431.257553,590.893738,514.648316,6.863281,,>6,true,worn_unsecured,true,Facing,none,none
Garage2_001056#1,Garage2_001056,Garage2,indoor_garage,1,644.804321,402.050964,710.362671,618.272705,661.193908,434.484225,693.973084,531.784009,5.628906,,3-6,true,worn_unsecured,true,Side,none,none
Garage2_001080#1,Garage2_001080,Garage2,indoor_garage,1,688.210876,405.098694,799.967468,648.942444,716.150024,441.675257,772.02832,551.404944,5.242188,,3-6,true,worn_unsecured,true,Side,none,none
Garage2_001308#1,Garage2_001308,Garage2,indoor_garage,1,766.079346,415.924408,852.276917,677.113525,787.628739,455.102776,830.727524,572.637878,,3-6,3-6,true,worn_unsecured,true,Facing,partial,none
Garage2_001332#1,Garage2_001332,Garage2,indoor_garage,1,723.402832,398.416901,824.446289,697.408569,748.663696,443.265651,799.185425,577.811902,4.144531,,3-6,true,worn_unsecured,true,Side,none,none
Garage2_001356#1,Garage2_001356,Garage2,indoor_garage,1,660.834595,395.552216,782.575928,719.700317,691.269928,444.174431,752.140595,590.041077,3.773438,,3-6,true,worn_unsecured,true,Facing,none,none
Garage2_001380#1,Garage2_001380,Garage2,indoor_garage,1,581.462769,396.230072,761.626831,719.59259,626.503784,444.73445,716.585816,590.247583,3.341797,,3-6,true,worn_unsecured,true,Side,none,none
Garage2_001404#1,Garage2_001404,Garage2,indoor_garage,1,540.28949,394.630829,671.124756,719.540161,572.998307,443.367229,638.41594,589.576428,2.982422,,<3,true,worn_unsecured,true,Side,none,none
Garage2_001428#1,Garage2_001428,Garage2,indoor_garage,1,378.669678,384.094025,604.044495,719.41394,435.013382,434.392012,547.700791,585.285974,2.640625,,<3,true,worn_unsecured,true,Side,none,none
Garage2_001452#1,Garage2_001452,Garage2,indoor_garage,1,277.441772,380.715088,411.203125,718.710388,310.88211,431.414383,377.762787,583.512268,2.382812,,<3,true,worn_unsecured,true,Side,partial,none
Garage2_001476#1,Garage2_001476,Garage2,indoor_garage,1,31.374825,385.631104,246.639542,719.641235,85.191004,435.732624,192.823363,586.037183,2.925781,,<3,true,worn_unsecured,true,Side,partial,none
Garage2_001704#1,Garage2_001704,Garage2,indoor_garage,1,337.2771,404.827972,415.38385,639.500793,356.803787,440.028895,395.857163,545.631665,5.148438,,3-6,true,worn_unsecured,true,Side,none,none
Garage2_001728#1,Garage2_001728,Garage2,indoor_garage,1,453.932465,399.639648,531.239319,614.757874,473.259178,431.907382,511.912606,528.710584,6.023438,,>6,true,worn_unsecured,true,Back,none,none
Garage2_001764#1,Garage2_001764,Garage2,indoor_garage,1,593.382019,412.896729,654.60553,576.268372,608.687897,437.402475,639.299652,510.919715,7.171875,,>6,true,worn_unsecured,true,Back,none,none
Garage2_001824#1,Garage2_001824,Garage2,indoor_garage,1,751.126526,410.335785,785.92981,540.6698,759.827347,429.885887,777.228989,488.536194,,>6,>6,true,worn_unsecured,true,Facing,none,none
Garage2_002256#1,Garage2_002256,Garage2,indoor_garage,1,623.598145,415.805969,664.13031,541.787109,633.731186,434.70314,653.997269,491.394653,,>6,>6,true,worn_unknown,true,Facing,none,none
Garage2_002916#1,Garage2_002916,Garage2,indoor_garage,1,462.775146,402.339508,503.289429,532.325928,472.903717,421.837471,493.160858,480.33136,,>6,>6,true,worn_unknown,true,Facing,none,none
Garage2_003000#1,Garage2_003000,Garage2,indoor_garage,1,545.002441,405.108948,595.018982,562.989868,557.506576,428.791086,582.514847,499.8375,7.832031,,>6,true,worn_unknown,true,Facing,none,none
Garage2_003060#1,Garage2_003060,Garage2,indoor_garage,1,618.810974,407.649261,682.795349,597.779907,634.807068,436.168858,666.799255,521.727649,6.472656,,>6,true,worn_unknown,true,Facing,none,none
Garage2_003408#1,Garage2_003408,Garage2,indoor_garage,1,835.500244,404.353882,894.92395,541.865906,850.35617,424.980686,880.068023,486.861096,,3-6,3-6,true,worn_unsecured,true,Side,partial,none
Garage2_003504#1,Garage2_003504,Garage2,indoor_garage,1,534.018555,397.392822,634.525513,657.728516,559.145294,436.443176,609.398774,553.594238,4.882812,,3-6,true,worn_unsecured,true,Side,none,none
Garage2_003576#1,Garage2_003576,Garage2,indoor_garage,1,340.693848,398.422211,415.114075,640.184082,359.298905,434.686492,396.509018,543.479334,4.894531,,3-6,true,worn_unsecured,true,Side,none,none
Garage2_003600#1,Garage2_003600,Garage2,indoor_garage,1,258.434052,402.637024,381.415527,648.272278,289.179421,439.482312,350.670158,550.018176,5.050781,,3-6,true,worn_unsecured,true,Side,none,none
Garage2_003756#1,Garage2_003756,Garage2,indoor_garage,1,213.420822,402.23053,259.792908,702.842285,225.013844,447.322293,248.199886,582.597583,4.023438,,3-6,true,worn_unsecured,true,Facing,partial,none
Garage2_003780#1,Garage2_003780,Garage2,indoor_garage,1,235.584824,397.65448,359.087769,704.613403,266.46056,443.698318,328.212033,581.829834,4.039062,,3-6,true,worn_unsecured,true,Facing,none,none
Garage2_003804#1,Garage2_003804,Garage2,indoor_garage,1,291.335205,396.251099,406.339539,716.310303,320.086288,444.25998,377.588456,588.286621,3.826172,,3-6,true,worn_unknown,true,Facing,none,none
Garage2_003840#1,Garage2_003840,Garage2,indoor_garage,1,370.381104,390.357239,493.980957,719.564575,401.281067,439.738339,463.080994,587.881641,3.386719,,3-6,true,worn_unsecured,true,Facing,none,none
Garage2_003864#1,Garage2_003864,Garage2,indoor_garage,1,417.221375,390.273376,579.244629,719.47467,457.727189,439.65357,538.738815,587.794152,3.025391,,3-6,true,worn_unsecured,true,Facing,partial,none
Garage2_003900#1,Garage2_003900,Garage2,indoor_garage,1,476.016724,383.506897,663.294983,719.372559,522.836289,433.886746,616.475418,585.026294,2.378906,,<3,true,worn_unsecured,true,Facing,partial,none
Garage2_003924#1,Garage2_003924,Garage2,indoor_garage,1,528.471069,383.471283,746.834595,719.351196,583.061951,433.85327,692.243714,584.999231,1.951172,,<3,true,worn_unsecured,true,Facing,partial,none
Garage2_003948#1,Garage2_003948,Garage2,indoor_garage,1,569.930237,385.179291,913.691895,719.39917,655.870652,435.312273,827.751481,585.711218,1.49707,,<3,true,worn_unsecured,true,Facing,partial,none
Garage2_003972#1,Garage2_003972,Garage2,indoor_garage,1,788.318542,343.884003,959.336426,719.030273,831.073013,400.155943,916.581955,568.971765,1.124023,,<3,true,worn_secured,true,Facing,partial,none
Garage3_000036#1,Garage3_000036,Garage3,indoor_garage,1,0.0,356.379028,52.312958,712.059326,13.07824,409.731073,39.234718,569.787207,,<3,<3,true,worn_secured,true,Side,heavy,none
Garage3_000060#1,Garage3_000060,Garage3,indoor_garage,1,4.175709,370.251343,162.60788,719.394775,43.783752,422.622858,122.999837,579.737402,1.889648,,<3,true,worn_secured,true,Side,partial,none
Garage3_000060#2,Garage3_000060,Garage3,indoor_garage,2,907.367676,369.847595,959.48877,719.895813,920.397949,422.354828,946.458497,579.876526,,<3,<3,true,worn_unknown,true,Side,partial,none
Garage3_000096#1,Garage3_000096,Garage3,indoor_garage,1,127.133514,378.740875,293.082092,719.257874,168.620658,429.818425,251.594947,583.051074,2.210938,,<3,true,worn_secured,true,Side,partial,none
Garage3_000096#2,Garage3_000096,Garage3,indoor_garage,2,756.490112,389.3638,918.450317,719.493347,796.980163,438.883232,877.960266,587.441528,2.378906,,<3,true,worn_unknown,true,Back,partial,none
Garage3_000132#1,Garage3_000132,Garage3,indoor_garage,1,214.425705,383.262878,408.678314,718.865417,262.988857,433.603259,360.115162,584.624401,2.582031,,<3,true,worn_secured,true,Back,none,none
Garage3_000132#2,Garage3_000132,Garage3,indoor_garage,2,660.312927,393.267822,813.984192,719.58374,698.730743,442.21521,775.566376,589.057373,3.066406,,3-6,true,worn_unknown,true,Back,none,none
Garage3_000156#1,Garage3_000156,Garage3,indoor_garage,1,306.442017,384.445557,430.025024,719.282349,337.337769,434.671076,399.129272,585.347632,2.859375,,<3,true,worn_secured,true,Back,none,none
Garage3_000156#2,Garage3_000156,Garage3,indoor_garage,2,647.354553,399.63858,764.526978,719.44104,676.647659,447.608949,735.233872,591.520056,3.597656,,3-6,true,worn_unknown,true,Back,none,none
Garage3_000180#1,Garage3_000180,Garage3,indoor_garage,1,363.960358,384.625244,490.433716,719.457703,395.578697,434.850113,458.815377,585.524719,3.128906,,3-6,true,worn_secured,true,Back,none,none
Garage3_000180#2,Garage3_000180,Garage3,indoor_garage,2,624.227234,396.082031,745.144409,709.951355,654.456528,443.16243,714.915115,584.403625,4.136719,,3-6,true,worn_unknown,true,Back,none,none
Garage3_000204#1,Garage3_000204,Garage3,indoor_garage,1,402.871124,389.197632,543.228271,719.537231,437.960411,438.748572,508.138984,587.401391,3.4375,,3-6,true,worn_secured,true,Back,none,none
Garage3_000204#2,Garage3_000204,Garage3,indoor_garage,2,613.550171,395.228394,728.221802,670.895874,642.218079,436.578516,699.553894,560.628882,4.605469,,3-6,true,worn_secured,true,Back,none,none
Garage3_000240#1,Garage3_000240,Garage3,indoor_garage,1,471.505829,393.980896,590.860962,719.722412,501.344612,442.842123,561.022179,589.425806,3.902344,,3-6,true,worn_secured,true,Back,none,none
Garage3_000240#2,Garage3_000240,Garage3,indoor_garage,2,659.256714,405.851807,762.884521,639.923035,685.163666,440.962491,736.977569,546.294544,5.328125,,3-6,true,worn_secured,true,Side,none,none
Garage3_000264#1,Garage3_000264,Garage3,indoor_garage,1,499.489136,394.838623,633.180847,705.252991,532.912064,441.400778,599.757919,581.087244,4.144531,,3-6,true,worn_unknown,true,Back,none,none
Garage3_000264#2,Garage3_000264,Garage3,indoor_garage,2,716.830566,403.816315,815.89209,629.293091,741.595947,437.637831,791.126709,539.102381,5.527344,,3-6,true,worn_secured,true,Side,none,none
Garage3_000288#1,Garage3_000288,Garage3,indoor_garage,1,528.797852,394.791138,621.622437,676.742615,552.003998,437.08386,598.416291,563.962024,4.5625,,3-6,true,worn_unknown,true,Back,none,none
Garage3_000288#2,Garage3_000288,Garage3,indoor_garage,2,794.580322,405.89209,852.277222,623.183167,809.004547,438.485752,837.852997,536.266736,,3-6,3-6,true,worn_secured,true,Side,partial,none
Garage3_000312#1,Garage3_000312,Garage3,indoor_garage,1,548.837891,396.845764,638.522095,658.546326,571.258942,436.100848,616.101044,553.866101,4.941406,,3-6,true,worn_unknown,true,Back,none,none
Garage3_000312#2,Garage3_000312,Garage3,indoor_garage,2,859.333332,410.333328,914.333332,487.333328,873.083332,421.883328,900.583332,456.533328,,3-6,3-6,true,worn_unknown,true,uncertain,heavy,uncertain
Garage3_000348#1,Garage3_000348,Garage3,indoor_garage,1,533.875854,398.568512,618.260559,630.620361,554.97203,433.376289,597.164383,537.799621,5.623047,,3-6,true,worn_unknown,true,Back,none,none
Garage3_000384#1,Garage3_000384,Garage3,indoor_garage,1,530.202881,400.273315,603.292358,603.543091,548.47525,430.763781,585.019989,522.235181,6.277344,,>6,true,worn_unknown,true,Back,none,none
Garage3_000408#1,Garage3_000408,Garage3,indoor_garage,1,519.593994,402.218079,589.184082,595.716064,536.991516,431.242777,571.78656,518.31687,6.648438,,>6,true,worn_unknown,true,Back,none,none
Garage3_000432#1,Garage3_000432,Garage3,indoor_garage,1,522.721191,403.136627,587.905457,584.417236,539.017257,430.328718,571.609391,511.904992,7.066406,,>6,true,worn_unknown,true,Back,none,none
Garage3_000492#1,Garage3_000492,Garage3,indoor_garage,1,510.628326,404.281128,566.2146,556.286499,524.524895,427.081934,552.318031,495.484351,8.171875,,>6,true,worn_unknown,true,Back,none,none
Garage3_000540#1,Garage3_000540,Garage3,indoor_garage,1,502.356537,405.265778,550.979126,539.213257,514.512184,425.3579,538.823479,485.634265,9.28125,,>6,true,worn_unknown,true,Facing,none,none
Garage3_000540#2,Garage3_000540,Garage3,indoor_garage,2,872.333332,406.333328,923.333332,463.333328,885.083332,414.883328,910.583332,440.533328,,3-6,3-6,uncertain,worn_unknown,true,Side,heavy,none
Garage3_000852#1,Garage3_000852,Garage3,indoor_garage,1,599.309082,406.202637,656.817871,563.095093,613.686279,429.736505,642.440674,500.338111,8.164062,,>6,true,worn_secured,true,Facing,none,none
Garage3_000876#1,Garage3_000876,Garage3,indoor_garage,1,586.916565,406.568024,645.848145,569.999023,601.64946,431.082674,631.11525,504.626623,7.617188,,>6,true,worn_secured,true,Facing,none,uncertain
Garage3_000912#1,Garage3_000912,Garage3,indoor_garage,1,551.922607,404.597534,617.472778,578.845459,568.31015,430.734723,601.085235,509.146289,7.261719,,>6,true,worn_secured,true,Facing,none,none
Garage3_000948#1,Garage3_000948,Garage3,indoor_garage,1,526.81897,401.515228,583.279541,591.687256,540.934113,430.041032,569.164398,515.618445,6.742188,,>6,true,worn_secured,true,Side,none,none
Garage3_001224#1,Garage3_001224,Garage3,indoor_garage,1,536.616028,402.845642,612.596558,635.393127,555.61116,437.727765,593.601426,542.374133,5.445312,,3-6,true,worn_unknown,true,Facing,none,none
Garage3_001248#1,Garage3_001248,Garage3,indoor_garage,1,561.27124,405.601227,674.506897,669.868835,589.580154,445.241368,646.197983,564.161792,5.003906,,3-6,true,worn_unsecured,true,Facing,none,none
Garage3_001272#1,Garage3_001272,Garage3,indoor_garage,1,593.108826,403.316345,707.987,696.387817,621.82837,447.277066,679.267456,579.159228,4.449219,,3-6,true,worn_unsecured,true,Facing,none,none
Garage3_001296#1,Garage3_001296,Garage3,indoor_garage,1,627.840454,394.645386,759.408447,719.355286,660.732452,443.351871,726.516449,589.471326,3.771484,,3-6,true,worn_unknown,true,Facing,none,none
Garage3_001320#1,Garage3_001320,Garage3,indoor_garage,1,664.324341,394.602631,816.492798,719.559937,702.366455,443.346227,778.450684,589.577015,3.294922,,3-6,true,worn_unknown,true,Facing,partial,none
Garage3_001356#1,Garage3_001356,Garage3,indoor_garage,1,757.539185,387.509125,959.319214,719.247314,807.984192,437.269853,908.874207,586.552038,2.541016,,<3,true,worn_unknown,true,Facing,partial,none
Garage3_001524#1,Garage3_001524,Garage3,indoor_garage,1,0.396881,368.329956,230.084045,719.385437,57.818672,420.988278,172.662254,578.963245,3.03125,,3-6,true,worn_secured,true,Side,partial,none
Garage3_001548#1,Garage3_001548,Garage3,indoor_garage,1,126.50853,377.330444,264.130249,719.472778,160.91396,428.651794,229.724819,582.615844,2.271484,,<3,true,worn_secured,true,Side,partial,call
Garage3_001572#1,Garage3_001572,Garage3,indoor_garage,1,231.185211,384.107941,371.969513,719.362183,266.381286,434.396077,336.773438,585.260486,2.654297,,<3,true,worn_secured,true,Back,none,none
Garage3_001596#1,Garage3_001596,Garage3,indoor_garage,1,261.200775,384.711731,452.391174,719.067627,308.998375,434.865115,404.593574,585.325269,2.994141,,<3,true,worn_unknown,true,Back,none,none
Garage3_001620#1,Garage3_001620,Garage3,indoor_garage,1,336.807495,386.719116,449.710876,719.699341,365.03334,436.66615,421.485031,586.507251,3.433594,,3-6,true,worn_unknown,true,Back,none,none
Garage3_001668#1,Garage3_001668,Garage3,indoor_garage,1,808.662781,390.319427,959.595886,719.27063,846.396057,439.662107,921.86261,587.690149,2.494141,,<3,true,worn_unknown,true,Back,partial,none
Garage3_001668#2,Garage3_001668,Garage3,indoor_garage,2,386.346039,397.627167,504.17807,701.647095,415.804047,443.230156,474.720062,580.039124,4.246094,,3-6,true,worn_unknown,true,Back,none,none
Garage3_001692#1,Garage3_001692,Garage3,indoor_garage,1,723.460999,389.259979,896.321411,719.422852,766.676102,438.78441,853.106308,587.357703,2.921875,,<3,true,worn_unknown,true,Back,partial,none
Garage3_001692#2,Garage3_001692,Garage3,indoor_garage,2,424.421906,397.740784,509.630219,671.030273,445.723984,438.734207,488.328141,561.714477,4.753906,,3-6,true,worn_unknown,true,Back,none,none
Garage3_001716#1,Garage3_001716,Garage3,indoor_garage,1,704.865112,392.79425,835.740845,719.670715,737.584045,441.82572,803.021912,588.920129,3.494141,,3-6,true,worn_unknown,true,Back,none,none
Garage3_001716#2,Garage3_001716,Garage3,indoor_garage,2,438.144348,396.636292,523.568909,642.457214,459.500488,433.50943,502.212769,544.128845,5.25,,3-6,true,worn_unknown,true,Back,none,none
Garage3_001752#1,Garage3_001752,Garage3,indoor_garage,1,669.53186,397.867126,783.771606,686.289307,698.091797,441.130453,755.211669,570.920435,4.244141,,3-6,true,worn_unknown,true,Back,none,none
Garage3_001752#2,Garage3_001752,Garage3,indoor_garage,2,454.205933,398.742188,527.455811,614.0271,472.518403,431.034925,509.143342,527.913135,5.890625,,3-6,true,worn_unknown,true,Back,none,none
Garage3_001788#1,Garage3_001788,Garage3,indoor_garage,1,654.949463,400.949615,746.227844,655.487305,677.769058,439.130268,723.408249,553.672229,5.039062,,3-6,true,worn_unknown,true,Back,none,none
Garage3_001788#2,Garage3_001788,Garage3,indoor_garage,2,464.548767,395.527771,535.500793,597.547302,482.286773,425.830701,517.762787,516.73949,6.574219,,>6,true,worn_unknown,true,Back,none,none
Garage3_001812#1,Garage3_001812,Garage3,indoor_garage,1,638.243774,400.623962,723.287476,623.345581,659.5047,434.032205,702.02655,534.256933,5.59375,,3-6,true,worn_unknown,true,Back,none,none
Garage3_001812#2,Garage3_001812,Garage3,indoor_garage,2,473.318665,397.061005,536.167053,581.099609,489.030762,424.666796,520.454956,507.484167,6.980469,,>6,true,worn_unknown,true,Back,none,none
Garage3_001848#1,Garage3_001848,Garage3,indoor_garage,1,627.048645,404.114197,701.153259,602.262878,645.574799,433.836499,682.627105,523.003406,6.367188,,>6,true,worn_unknown,true,Back,none,none
Garage3_001848#2,Garage3_001848,Garage3,indoor_garage,2,481.279541,403.226074,541.614624,567.242188,496.363312,427.828491,526.530853,501.635742,7.746094,,>6,true,worn_unknown,true,Back,none,none
Garage3_001908#1,Garage3_001908,Garage3,indoor_garage,1,626.177124,407.152832,689.869507,567.305725,642.10022,431.175766,673.946411,503.244568,7.646484,,>6,true,worn_unknown,true,Back,none,none
Garage3_001908#2,Garage3_001908,Garage3,indoor_garage,2,494.249451,404.348602,544.260132,545.652222,506.752121,425.544145,531.757462,489.130774,8.953125,,>6,true,worn_unknown,true,Back,none,none
Garage3_001932#1,Garage3_001932,Garage3,indoor_garage,1,629.004517,411.419403,698.054932,559.187134,646.267121,433.584563,680.792328,500.080042,8.074219,,>6,true,worn_unknown,true,Back,none,none
Garage3_001932#2,Garage3_001932,Garage3,indoor_garage,2,490.293915,405.345703,539.87561,538.995117,502.689339,425.393115,527.480186,485.535351,9.589844,,>6,true,worn_unknown,true,Back,none,none
Garage3_001956#1,Garage3_001956,Garage3,indoor_garage,1,655.705322,412.677612,703.609314,553.665894,667.68132,433.825854,691.633316,497.270581,8.703125,,>6,true,worn_unknown,true,Side,none,none
Garage3_001956#2,Garage3_001956,Garage3,indoor_garage,2,495.180908,405.620453,534.622925,537.043457,505.041412,425.333904,524.762421,484.474255,9.84375,,>6,true,worn_unknown,true,Facing,none,none
Garage3_001980#1,Garage3_001980,Garage3,indoor_garage,1,667.522583,410.560913,723.727417,547.069153,681.573791,431.037149,709.676209,492.465857,9.3125,,>6,true,worn_unknown,true,Back,none,none
Garage3_001980#2,Garage3_001980,Garage3,indoor_garage,2,482.66684,404.813599,524.115967,530.780457,493.029122,423.708628,513.753685,480.393714,,>6,>6,true,worn_unknown,true,Back,none,none
Garage3_002148#1,Garage3_002148,Garage3,indoor_garage,1,444.601074,400.067413,477.104248,500.686798,452.726867,415.160321,468.978454,460.439044,,>6,>6,true,worn_unknown,true,Back,none,none
Garage3_002148#2,Garage3_002148,Garage3,indoor_garage,2,779.333332,413.333328,818.333332,514.333328,789.083332,428.483328,808.583332,473.933328,,>6,>6,true,worn_unknown,true,Back,none,none
Garage3_002580#1,Garage3_002580,Garage3,indoor_garage,1,416.164581,404.804169,459.999664,538.132141,427.123352,424.803365,449.040893,484.800952,,>6,>6,true,worn_unknown,true,Facing,none,none
Garage3_002580#2,Garage3_002580,Garage3,indoor_garage,2,752.3172,408.820496,784.315063,510.953796,760.316666,424.140491,776.315597,470.100476,,>6,>6,true,worn_unknown,true,Side,none,uncertain
Garage3_002604#1,Garage3_002604,Garage3,indoor_garage,1,410.714996,406.840942,462.43396,546.587952,423.644737,427.802993,449.504219,490.689148,,>6,>6,true,worn_secured,true,Facing,none,none
Garage3_002604#2,Garage3_002604,Garage3,indoor_garage,2,740.838013,409.697754,777.677673,510.792114,750.047928,424.861908,768.467758,470.35437,,>6,>6,true,worn_unknown,true,Facing,none,uncertain
Garage3_002652#1,Garage3_002652,Garage3,indoor_garage,1,393.202423,403.58313,452.700348,563.432861,408.076904,427.56059,437.825867,499.492969,8.039062,,>6,true,worn_unknown,true,Facing,none,none
Garage3_002652#2,Garage3_002652,Garage3,indoor_garage,2,718.553223,410.626923,754.606323,512.534668,727.566498,425.913085,745.593048,471.77157,,>6,>6,true,worn_unknown,true,Facing,none,none
Garage3_002676#1,Garage3_002676,Garage3,indoor_garage,1,391.365845,403.362488,452.860901,572.092407,406.739609,428.671976,437.487137,504.600439,7.5625,,>6,true,worn_unknown,true,Facing,partial,none
Garage3_002676#2,Garage3_002676,Garage3,indoor_garage,2,710.928223,411.081299,747.947388,524.918823,720.183014,428.156928,738.692597,479.383813,,>6,>6,true,worn_unknown,true,Facing,none,uncertain
Garage3_002700#1,Garage3_002700,Garage3,indoor_garage,1,384.325562,405.941223,444.859314,585.495605,399.459,432.87438,429.725876,513.673852,7.009766,,>6,true,worn_secured,true,Facing,none,none
Garage3_002700#2,Garage3_002700,Garage3,indoor_garage,2,702.994019,408.460754,741.002625,518.292603,712.49617,424.935531,731.500473,474.359863,,>6,>6,true,worn_unknown,true,Facing,none,none
Garage3_002796#1,Garage3_002796,Garage3,indoor_garage,1,349.280151,400.321411,442.174194,651.205383,372.503662,437.954007,418.950683,550.851794,5.042969,,3-6,true,worn_secured,true,Facing,none,none
Garage3_002796#2,Garage3_002796,Garage3,indoor_garage,2,616.464844,413.079346,660.33374,534.107178,627.432068,431.233521,649.366516,485.696045,,>6,>6,true,worn_unknown,true,Facing,none,none
Garage3_002820#1,Garage3_002820,Garage3,indoor_garage,1,344.374054,399.513489,437.009216,682.561401,367.532845,441.970676,413.850425,569.342236,4.71875,,3-6,true,absent,false,Facing,none,none
Garage3_002820#2,Garage3_002820,Garage3,indoor_garage,2,585.949402,411.889832,623.149841,534.118774,595.249512,430.224173,613.849731,485.227197,,>6,>6,true,worn_unknown,true,Side,none,uncertain
Garage3_002844#1,Garage3_002844,Garage3,indoor_garage,1,322.910065,394.044159,436.624054,708.733887,351.338562,441.247618,408.195557,582.857996,4.203125,,3-6,true,worn_secured,true,Facing,none,none
Garage3_002844#2,Garage3_002844,Garage3,indoor_garage,2,533.993225,410.341675,598.727783,535.948914,550.176865,429.182761,582.544144,485.706018,,>6,>6,true,worn_unknown,true,Side,none,none
Garage3_002868#1,Garage3_002868,Garage3,indoor_garage,1,317.084961,389.708405,433.710266,719.779053,346.241287,439.219002,404.55394,587.750794,3.753906,,3-6,true,worn_secured,true,Facing,none,none
Garage3_002868#2,Garage3_002868,Garage3,indoor_garage,2,483.945099,409.346008,561.707764,538.551453,503.385765,428.726825,542.267098,486.869275,9.652344,,>6,true,worn_unknown,true,Side,none,none
Garage3_002892#1,Garage3_002892,Garage3,indoor_garage,1,272.089172,385.345001,403.878204,719.456543,305.03643,435.461732,370.930946,585.811926,3.296875,,3-6,true,worn_secured,true,Facing,none,none
Garage3_002892#2,Garage3_002892,Garage3,indoor_garage,2,458.566132,408.037628,504.492828,536.383545,470.047806,427.289516,493.011154,485.045178,,>6,>6,true,worn_unknown,true,Facing,none,none
Garage3_002916#1,Garage3_002916,Garage3,indoor_garage,1,194.550339,391.723114,381.368652,719.469543,241.254917,440.885078,334.664074,588.370971,2.939453,,<3,true,worn_secured,true,Facing,partial,none
Garage3_002916#2,Garage3_002916,Garage3,indoor_garage,2,429.393036,406.034119,463.999237,536.997192,438.044586,425.67858,455.347687,484.611963,,>6,>6,true,worn_unknown,true,Side,none,none
Garage3_002940#1,Garage3_002940,Garage3,indoor_garage,1,141.104401,379.749451,290.843933,719.820679,178.539284,430.760135,253.40905,583.792188,2.564453,,<3,true,worn_secured,true,Side,partial,none
Garage3_002940#3,Garage3_002940,Garage3,indoor_garage,3,383.831116,409.914734,428.836792,535.767883,395.082535,428.792706,417.585373,485.426623,,>6,>6,true,worn_unknown,true,Side,none,none
Garage3_002964#1,Garage3_002964,Garage3,indoor_garage,1,0.282108,373.811157,172.585815,719.220947,43.358035,425.622625,129.509888,581.057031,2.203125,,<3,true,worn_secured,true,Side,partial,none
Garage3_002964#2,Garage3_002964,Garage3,indoor_garage,2,342.50708,406.901825,400.398804,534.044067,356.980011,425.973161,385.925873,483.18717,,>6,>6,true,worn_unknown,true,Side,partial,none
Garage3_002988#1,Garage3_002988,Garage3,indoor_garage,1,0.159385,486.481293,36.040726,719.421875,9.12972,521.42238,27.070391,626.245642,2.986328,,<3,true,uncertain,uncertain,uncertain,heavy,uncertain
Garage3_002988#2,Garage3_002988,Garage3,indoor_garage,2,319.333332,400.333328,351.333332,454.333328,327.333332,408.433328,343.333332,432.733328,,>6,>6,true,worn_unknown,true,Side,partial,uncertain
Garage3_003228#1,Garage3_003228,Garage3,indoor_garage,1,363.75528,409.029968,411.611755,540.512451,375.719399,428.75234,399.647636,487.919458,,>6,>6,true,worn_unknown,true,Side,none,none
Garage3_003336#1,Garage3_003336,Garage3,indoor_garage,1,532.99823,408.603516,614.696594,560.667847,553.422821,431.413166,594.272003,499.842115,8.242188,,>6,true,worn_unknown,true,Side,none,none
Garage3_003372#1,Garage3_003372,Garage3,indoor_garage,1,605.474854,409.297943,673.761475,565.593628,622.546509,432.742296,656.68982,503.075354,,>6,>6,true,worn_unknown,true,Side,none,none
Garage3_003420#1,Garage3_003420,Garage3,indoor_garage,1,247.348389,399.680878,367.875092,667.894592,277.480065,439.912935,337.743416,560.609106,4.703125,,3-6,true,worn_secured,true,Side,none,none
Garage3_003420#2,Garage3_003420,Garage3,indoor_garage,2,730.11617,421.164276,778.591878,578.975667,742.235097,444.835985,766.472951,515.851111,,>6,>6,true,worn_unknown,true,Side,partial,none
Garage3_003456#1,Garage3_003456,Garage3,indoor_garage,1,356.223297,395.176758,441.992432,654.490234,377.665581,434.073779,420.550148,550.764844,4.945312,,3-6,true,worn_secured,true,Side,none,none
Garage3_003456#2,Garage3_003456,Garage3,indoor_garage,2,796.612915,414.363007,870.65271,586.467529,815.122864,440.178685,852.142761,517.62572,,>6,>6,true,worn_unknown,true,Side,partial,none
Garage3_003480#1,Garage3_003480,Garage3,indoor_garage,1,391.842041,398.10022,502.75946,641.31189,419.571396,434.58197,475.030105,544.027222,5.191406,,3-6,true,worn_secured,true,Side,none,none
Garage3_003480#2,Garage3_003480,Garage3,indoor_garage,2,899.419312,408.812897,934.439819,447.336548,908.174439,414.591445,925.684692,431.927088,,3-6,3-6,uncertain,worn_unknown,true,Side,heavy,uncertain
Garage3_003588#1,Garage3_003588,Garage3,indoor_garage,1,601.070679,401.439453,660.979004,598.182434,616.04776,430.9509,646.001923,519.485242,6.335938,,>6,true,worn_unknown,true,Side,none,none
Garage4_000114#1,Garage4_000114,Garage4,indoor_garage,1,764.903198,361.885742,959.30188,719.217346,813.502868,415.485483,910.702209,576.284704,1.942383,,<3,false,absent,false,Side,partial,none
Garage4_000114#2,Garage4_000114,Garage4,indoor_garage,2,0.179615,357.652405,152.985306,719.14209,38.381038,411.875858,114.783883,574.546216,2.898438,,<3,true,worn_unknown,true,Back,partial,none
Garage4_000132#1,Garage4_000132,Garage4,indoor_garage,1,67.036224,370.727783,255.462402,719.714966,114.142769,423.07586,208.355858,580.120093,1.863281,,<3,true,worn_unknown,true,Back,partial,none
Garage4_000132#2,Garage4_000132,Garage4,indoor_garage,2,676.553223,370.204773,856.460327,719.643555,721.529999,422.62059,811.483551,579.868042,2.21582,,<3,false,absent,false,Side,partial,none
Garage4_000144#1,Garage4_000144,Garage4,indoor_garage,1,664.510986,377.413452,786.56488,719.470703,695.02446,428.72204,756.051406,582.647803,2.365234,,<3,false,absent,false,Side,partial,uncertain
Garage4_000144#2,Garage4_000144,Garage4,indoor_garage,2,172.794678,374.010864,331.797302,719.435303,212.545334,425.82453,292.046646,581.265527,2.048828,,<3,true,worn_unknown,true,Back,none,none
Garage4_000162#1,Garage4_000162,Garage4,indoor_garage,1,242.36467,376.036682,456.526062,718.529419,295.905018,427.410593,402.985714,581.532324,2.472656,,<3,true,worn_unknown,true,Back,partial,none
Garage4_000162#2,Garage4_000162,Garage4,indoor_garage,2,628.479614,383.434021,752.216553,719.593384,659.413849,433.857925,721.282318,585.129639,2.808594,,<3,false,absent,false,Side,none,none
Garage4_000174#1,Garage4_000174,Garage4,indoor_garage,1,308.38266,382.633911,477.427734,719.650513,350.643929,433.186401,435.166465,584.843872,2.748047,,<3,true,worn_unknown,true,Back,none,none
Garage4_000174#2,Garage4_000174,Garage4,indoor_garage,2,574.504028,385.634857,728.78833,719.514038,613.075103,435.716734,690.217254,585.962366,3.359375,,3-6,false,absent,false,Back,none,none
Garage4_000186#1,Garage4_000186,Garage4,indoor_garage,1,365.760193,387.300018,498.438995,719.477539,398.929893,437.126646,465.269295,586.606531,3.080078,,3-6,true,worn_unknown,true,Back,partial,none
Garage4_000186#2,Garage4_000186,Garage4,indoor_garage,2,578.456909,396.292419,710.838135,717.623779,611.552215,444.492123,677.742828,589.091235,3.742188,,3-6,false,absent,false,Back,none,none
Garage4_000204#1,Garage4_000204,Garage4,indoor_garage,1,423.874237,392.393005,545.037109,718.63147,454.164955,441.328775,514.746391,588.136084,3.568359,,3-6,true,worn_unknown,true,Back,none,none
Garage4_000204#2,Garage4_000204,Garage4,indoor_garage,2,593.795166,400.792877,690.757751,689.433716,618.035812,444.089003,666.517105,573.97738,4.503906,,3-6,false,absent,false,Back,none,none
Garage4_000216#1,Garage4_000216,Garage4,indoor_garage,1,444.593903,391.561157,565.584351,717.095764,474.841515,440.391348,535.336739,586.881921,3.921875,,3-6,true,worn_unknown,true,Back,none,none
Garage4_000216#2,Garage4_000216,Garage4,indoor_garage,2,581.976807,395.363708,698.532593,653.66272,611.115753,434.10856,669.393647,550.343115,4.933594,,3-6,false,absent,false,Back,none,none
Garage4_000228#1,Garage4_000228,Garage4,indoor_garage,1,458.659912,396.069305,583.907532,687.744019,489.971817,439.820512,552.595627,571.074133,4.339844,,3-6,true,worn_unknown,true,Back,none,none
Garage4_000228#2,Garage4_000228,Garage4,indoor_garage,2,592.630493,400.439209,688.009888,633.799622,616.475342,435.443271,664.165039,540.455457,5.332031,,3-6,false,absent,false,Back,none,none
Garage4_000240#1,Garage4_000240,Garage4,indoor_garage,1,477.386444,398.489777,584.406189,680.304443,504.14138,440.761977,557.651253,567.578577,4.628906,,3-6,true,worn_unknown,true,Back,none,none
Garage4_000240#2,Garage4_000240,Garage4,indoor_garage,2,603.479126,402.645172,692.77832,623.319702,625.803924,435.746352,670.453521,535.04989,5.589844,,3-6,false,absent,false,Back,none,none
Garage4_000258#1,Garage4_000258,Garage4,indoor_garage,1,514.007263,397.608154,599.490967,645.042725,535.378189,434.72334,578.120041,546.068897,5.140625,,3-6,true,worn_unknown,true,Back,none,none
Garage4_000258#2,Garage4_000258,Garage4,indoor_garage,2,607.254761,403.40918,686.562195,598.196411,627.081619,432.627265,666.735337,520.281519,6.429688,,>6,false,absent,false,Back,none,none
Garage4_000282#1,Garage4_000282,Garage4,indoor_garage,1,539.90332,396.634369,615.959717,617.460815,558.917419,429.758336,596.945618,529.130237,5.867188,,3-6,true,worn_secured,true,Back,none,none
Garage4_000282#2,Garage4_000282,Garage4,indoor_garage,2,620.466248,401.878143,681.344116,572.794434,635.685715,427.515587,666.124649,504.427918,7.339844,,>6,false,absent,false,Back,none,none
Garage4_000282#3,Garage4_000282,Garage4,indoor_garage,3,205.826279,411.381958,247.50209,585.070679,216.245232,437.435266,237.083137,515.595191,7.066406,,>6,true,worn_unknown,true,Side,heavy,uncertain
Garage4_000306#1,Garage4_000306,Garage4,indoor_garage,1,582.883789,402.506287,673.266479,604.165649,605.479461,432.755191,650.670807,523.501904,6.203125,,>6,true,worn_unknown,true,Back,partial,none
Garage4_000306#2,Garage4_000306,Garage4,indoor_garage,2,310.401917,398.97052,381.587128,631.933411,328.19822,433.914954,363.790825,538.748255,5.507812,,3-6,true,worn_unknown,true,Side,none,none
Garage4_000306#3,Garage4_000306,Garage4,indoor_garage,3,628.591187,403.646393,675.867554,555.206055,640.410279,426.380342,664.048462,494.58219,6.222656,,>6,false,absent,false,Side,partial,none
Garage4_000336#1,Garage4_000336,Garage4,indoor_garage,1,491.046143,399.915283,553.56897,635.931458,506.67685,435.317709,537.938263,541.524988,5.34375,,3-6,true,worn_unknown,true,Side,none,none
Garage4_000336#2,Garage4_000336,Garage4,indoor_garage,2,646.476685,407.224548,708.401245,583.329163,661.957825,433.64024,692.920105,512.887317,7.035156,,>6,true,worn_unknown,true,Back,none,none
Garage4_000336#3,Garage4_000336,Garage4,indoor_garage,3,608.621216,403.176392,651.714355,531.109436,619.394501,422.366349,640.94107,479.936218,,>6,>6,false,absent,false,Side,none,none
Garage4_000354#1,Garage4_000354,Garage4,indoor_garage,1,605.341003,403.902527,671.033142,643.645996,621.764038,439.864047,654.610107,547.748608,5.070312,,3-6,true,worn_unknown,true,Side,partial,none
Garage4_000354#2,Garage4_000354,Garage4,indoor_garage,2,651.605835,400.796265,712.599854,571.979004,666.85434,426.473676,697.351349,503.505908,7.46875,,>6,true,worn_unknown,true,Back,partial,none
Garage4_000354#3,Garage4_000354,Garage4,indoor_garage,3,592.711975,400.852875,620.100769,474.71875,599.559174,411.932756,613.253571,445.1724,,>6,>6,true,absent,false,Side,partial,none
Garage4_000384#1,Garage4_000384,Garage4,indoor_garage,1,797.674438,402.572205,860.553955,652.65271,813.394317,440.084281,844.834076,552.620508,8.117188,,>6,true,worn_unknown,true,Side,partial,none
Garage4_000384#2,Garage4_000384,Garage4,indoor_garage,2,664.370056,403.197571,718.059692,555.891235,677.792465,426.101621,704.637283,494.813769,8.546875,,>6,true,worn_unknown,true,Back,none,none
Garage4_000384#3,Garage4_000384,Garage4,indoor_garage,3,548.708313,409.595215,595.86438,512.458374,560.49733,425.024689,584.075363,471.31311,,>6,>6,false,absent,false,Back,none,none
Garage4_000396#1,Garage4_000396,Garage4,indoor_garage,1,664.520691,403.583954,716.853027,549.018555,677.603775,425.399144,703.769943,490.844715,8.898438,,>6,true,worn_unknown,true,Back,none,none
Garage4_000396#2,Garage4_000396,Garage4,indoor_garage,2,513.810181,408.538391,568.32489,512.278687,527.438858,424.099435,554.696213,470.782569,17.140625,,>6,false,absent,false,Side,none,none
Garage4_000396#3,Garage4_000396,Garage4,indoor_garage,3,879.333332,402.333328,938.333332,483.333328,894.083332,414.483328,923.583332,450.933328,,3-6,3-6,false,worn_unknown,true,Side,partial,none
Garage4_000426#1,Garage4_000426,Garage4,indoor_garage,1,654.122681,410.440887,699.765381,537.366821,665.533356,429.479777,688.354706,486.596447,9.726562,,>6,true,worn_unknown,true,Back,none,none
Garage4_000426#2,Garage4_000426,Garage4,indoor_garage,2,471.354309,403.745483,500.5242,510.259338,478.646782,419.722561,493.231727,467.653796,,>6,>6,false,absent,false,Facing,none,none
Garage4_000444#1,Garage4_000444,Garage4,indoor_garage,1,640.732178,405.697449,684.43634,529.306824,651.658218,424.238855,673.510299,479.863074,,>6,>6,true,worn_unknown,true,Facing,none,none
Garage4_000444#2,Garage4_000444,Garage4,indoor_garage,2,426.993225,402.072693,475.071106,512.489685,439.012695,418.635242,463.051636,468.322888,10.945312,,>6,false,absent,false,Facing,none,none
Garage4_000456#1,Garage4_000456,Garage4,indoor_garage,1,403.465637,404.040527,448.877625,514.982483,414.818634,420.68182,437.524628,470.605701,10.144531,,>6,false,absent,false,Facing,none,none
Garage4_000456#2,Garage4_000456,Garage4,indoor_garage,2,628.291077,403.808411,664.708374,525.736572,637.395401,422.097635,655.60405,476.965308,,>6,>6,true,worn_unknown,true,Facing,none,none
Garage4_000474#1,Garage4_000474,Garage4,indoor_garage,1,368.702728,403.6539,423.003662,519.8927,382.277962,421.08972,409.428428,473.39718,10.058594,,>6,false,absent,false,Facing,none,none
Garage4_000474#2,Garage4_000474,Garage4,indoor_garage,2,599.566895,409.088654,649.238403,521.098511,611.984772,425.890133,636.820526,476.294568,,>6,>6,true,worn_unknown,true,Side,none,none
Garage4_000498#1,Garage4_000498,Garage4,indoor_garage,1,573.342834,409.068878,616.02417,515.229126,584.013168,424.992915,605.353836,472.765027,15.816406,,>6,true,worn_unknown,true,Side,none,none
Garage4_000498#2,Garage4_000498,Garage4,indoor_garage,2,334.97113,403.106049,370.186157,528.296509,343.774887,421.884618,361.3824,478.220325,,>6,>6,false,absent,false,Facing,partial,none
Garage4_000516#1,Garage4_000516,Garage4,indoor_garage,1,542.452942,407.738403,584.353577,514.911682,552.928101,423.814395,573.878418,472.04237,,>6,>6,true,worn_unknown,true,Side,none,none
Garage4_000516#2,Garage4_000516,Garage4,indoor_garage,2,285.090332,403.557983,315.82666,448.303406,292.774414,410.269796,308.142578,430.405237,,>6,>6,false,absent,false,Side,heavy,uncertain
Garage4_000534#1,Garage4_000534,Garage4,indoor_garage,1,508.394409,403.551392,543.332825,514.941162,517.129013,420.259858,534.598221,470.385254,,>6,>6,true,worn_unknown,true,Side,none,uncertain
Garage4_000534#2,Garage4_000534,Garage4,indoor_garage,2,225.808456,401.535828,262.610352,446.821472,235.00893,408.328675,253.409878,428.707214,,>6,>6,false,absent,false,Side,heavy,uncertain
Garage4_000546#1,Garage4_000546,Garage4,indoor_garage,1,494.627686,405.306641,535.883179,514.591797,504.941559,421.699414,525.569306,470.877735,,>6,>6,true,worn_unknown,true,Facing,none,none
Garage4_000588#1,Garage4_000588,Garage4,indoor_garage,1,443.824097,405.593536,476.913635,524.451538,452.096481,423.422236,468.641251,476.908337,,>6,>6,true,worn_unknown,true,Facing,none,none
Garage4_000612#1,Garage4_000612,Garage4,indoor_garage,1,400.031708,405.19043,447.862701,526.993286,411.989456,423.460858,435.904953,478.272144,,>6,>6,true,worn_unknown,true,Facing,none,none
Garage4_000612#2,Garage4_000612,Garage4,indoor_garage,2,228.795639,402.450073,274.218506,448.410004,240.151356,409.344063,262.862789,430.026032,,>6,>6,false,absent,false,Side,heavy,uncertain
Garage4_000612#3,Garage4_000612,Garage4,indoor_garage,3,873.333332,418.333328,921.333332,472.333328,885.333332,426.433328,909.333332,450.733328,,3-6,3-6,uncertain,worn_unknown,true,Side,heavy,uncertain
Garage4_000630#1,Garage4_000630,Garage4,indoor_garage,1,736.438354,406.369446,844.030273,638.16394,763.336334,441.13862,817.132293,545.446142,5.25,,3-6,true,worn_unsecured,true,Side,none,none
Garage4_000630#2,Garage4_000630,Garage4,indoor_garage,2,401.136902,404.365631,446.270996,535.054077,412.420426,423.968898,434.987473,482.778699,9.273438,,>6,true,worn_unknown,true,Facing,none,none
Garage4_000630#3,Garage4_000630,Garage4,indoor_garage,3,269.806732,401.601471,326.494751,446.317474,283.978737,408.308871,312.322746,428.431073,,>6,>6,false,absent,false,Side,heavy,uncertain
Garage4_000642#1,Garage4_000642,Garage4,indoor_garage,1,655.784546,409.790527,789.177612,638.142761,689.132812,444.043362,755.829345,546.801867,5.21875,,3-6,true,worn_unsecured,true,Side,none,none
Garage4_000642#2,Garage4_000642,Garage4,indoor_garage,2,401.217407,405.431213,442.187805,543.345703,411.460006,426.118386,431.945206,488.179907,9.265625,,>6,true,worn_unknown,true,Facing,none,none
Garage4_000642#3,Garage4_000642,Garage4,indoor_garage,3,301.927734,405.03717,342.954346,448.609772,312.184387,411.57306,332.697693,431.180731,,>6,>6,false,absent,false,Side,heavy,uncertain
Garage4_000654#1,Garage4_000654,Garage4,indoor_garage,1,579.95874,404.203949,702.833313,641.99707,610.677383,439.872917,672.11467,546.879822,5.164062,,3-6,true,worn_unknown,true,Side,none,none
Garage4_000654#2,Garage4_000654,Garage4,indoor_garage,2,400.328003,405.122589,447.145081,546.870361,412.032273,426.384755,435.440811,490.171252,8.96875,,>6,true,worn_unknown,true,Facing,partial,none
Garage4_000654#3,Garage4_000654,Garage4,indoor_garage,3,328.359253,400.739319,363.845093,533.75293,337.230713,420.691361,354.973633,480.547486,,>6,>6,false,absent,false,Facing,partial,uncertain
Garage4_000666#1,Garage4_000666,Garage4,indoor_garage,1,535.76001,398.009583,600.124512,647.096008,551.851135,435.372547,584.033387,547.461438,5.089844,,3-6,true,worn_unknown,true,Side,none,none
Garage4_000666#2,Garage4_000666,Garage4,indoor_garage,2,400.421722,403.790527,455.678192,551.128845,414.235839,425.891275,441.864075,492.193518,8.21875,,>6,true,worn_unknown,true,Facing,none,none
Garage4_000666#3,Garage4_000666,Garage4,indoor_garage,3,349.382629,403.273224,394.7276,538.92395,360.718872,423.620833,383.391357,484.66366,9.148438,,>6,false,absent,false,Facing,none,none
Garage4_000678#1,Garage4_000678,Garage4,indoor_garage,1,445.90036,402.006958,553.864868,651.845764,472.891487,439.482779,526.873741,551.910242,4.792969,,3-6,true,worn_unsecured,true,Side,none,none
Garage4_000678#2,Garage4_000678,Garage4,indoor_garage,2,406.620026,404.482971,449.31839,562.431458,417.294617,428.175244,438.643799,499.252063,7.623047,,>6,true,worn_unknown,true,Facing,none,none
Garage4_000678#3,Garage4_000678,Garage4,indoor_garage,3,368.631897,406.721924,414.486633,538.14679,380.095581,426.435654,403.022949,485.576844,8.324219,,>6,false,absent,false,Side,partial,none
Garage4_000690#1,Garage4_000690,Garage4,indoor_garage,1,347.040344,403.748291,487.04599,665.203125,382.041756,442.966516,452.044579,560.621191,4.738281,,3-6,true,worn_unknown,true,Side,none,none
Garage4_000690#2,Garage4_000690,Garage4,indoor_garage,2,434.371399,401.328461,469.804138,478.379791,443.229584,412.886161,460.945953,447.559259,,>6,>6,false,absent,false,Facing,heavy,uncertain
Garage4_000708#1,Garage4_000708,Garage4,indoor_garage,1,223.706635,406.068604,374.083191,674.613647,261.300774,446.35036,336.489052,567.19563,4.460938,,3-6,true,worn_unknown,true,Side,none,none
Garage4_000708#2,Garage4_000708,Garage4,indoor_garage,2,391.71106,403.860352,450.689087,587.250916,406.455567,431.368937,435.94458,513.89469,6.96875,,>6,true,worn_unknown,true,Facing,none,none
Garage4_000708#3,Garage4_000708,Garage4,indoor_garage,3,463.536621,402.647644,519.462708,552.308899,477.518143,425.096832,505.481186,492.444397,8.140625,,>6,false,absent,false,Facing,none,none
Garage4_000732#1,Garage4_000732,Garage4,indoor_garage,1,371.27359,400.640625,454.190369,608.515503,392.002785,431.821857,433.461174,525.365552,6.125,,>6,true,worn_unknown,true,Facing,none,none
Garage4_000732#2,Garage4_000732,Garage4,indoor_garage,2,511.976196,407.128326,588.381531,575.55127,531.07753,432.391768,569.280197,508.182092,7.378906,,>6,false,absent,false,Facing,none,none
Garage4_000744#1,Garage4_000744,Garage4,indoor_garage,1,361.034637,400.678284,437.355743,630.963257,380.114914,435.22103,418.275466,538.849268,5.691406,,3-6,true,absent,false,Facing,none,uncertain
Garage4_000744#2,Garage4_000744,Garage4,indoor_garage,2,535.476685,399.192017,610.988647,583.052063,554.354675,426.771024,592.110657,509.508045,7.175781,,>6,false,absent,false,Facing,none,none
Garage4_000756#1,Garage4_000756,Garage4,indoor_garage,1,338.467224,399.699738,441.481262,646.225464,364.220733,436.678597,415.727753,547.615174,5.273438,,3-6,true,absent,false,Facing,none,none
Garage4_000756#2,Garage4_000756,Garage4,indoor_garage,2,552.495605,399.898315,628.347412,596.496277,571.458557,429.388009,609.38446,517.857092,6.507812,,>6,false,absent,false,Facing,none,none
Garage4_000774#1,Garage4_000774,Garage4,indoor_garage,1,329.932892,398.901245,425.306396,685.420593,353.776268,441.879147,401.46302,570.812854,4.59375,,3-6,true,worn_unsecured,true,Facing,none,none
Garage4_000774#2,Garage4_000774,Garage4,indoor_garage,2,584.711975,397.409729,670.083801,624.116272,606.054932,431.41571,648.740844,533.433655,5.816406,,3-6,false,absent,false,Facing,none,none
Garage4_000786#1,Garage4_000786,Garage4,indoor_garage,1,288.090912,391.501282,422.73053,713.339905,321.750816,439.777075,389.070626,584.604456,4.160156,,3-6,true,worn_secured,true,Facing,none,none
Garage4_000786#2,Garage4_000786,Garage4,indoor_garage,2,596.956299,401.52182,687.852783,647.109558,619.68042,438.359981,665.128662,548.874463,5.308594,,3-6,false,absent,false,Facing,none,none
Garage4_000798#1,Garage4_000798,Garage4,indoor_garage,1,279.700195,388.377869,403.605103,719.445007,310.676422,438.03794,372.628876,587.018152,3.738281,,3-6,true,worn_secured,true,Facing,none,none
Garage4_000798#2,Garage4_000798,Garage4,indoor_garage,2,602.827637,397.206848,725.014282,678.481934,633.374298,439.398111,694.467621,565.9719,4.796875,,3-6,false,absent,false,Facing,none,none
Garage4_000810#1,Garage4_000810,Garage4,indoor_garage,1,236.651779,388.103577,366.12854,719.882812,269.020969,437.870462,333.75935,587.171118,3.265625,,3-6,true,worn_secured,true,Facing,partial,none
Garage4_000810#2,Garage4_000810,Garage4,indoor_garage,2,606.121338,393.5289,731.458618,706.981201,637.455658,440.546745,700.124298,581.600281,4.238281,,3-6,false,absent,false,Facing,none,none
Garage4_000828#1,Garage4_000828,Garage4,indoor_garage,1,140.940002,385.1586,313.389069,719.359985,184.052269,435.288808,270.276802,585.679431,2.800781,,<3,true,worn_secured,true,Side,partial,none
Garage4_000828#2,Garage4_000828,Garage4,indoor_garage,2,617.19165,388.312958,768.107178,719.645752,654.920532,438.012877,730.378296,587.112634,3.441406,,3-6,false,absent,false,Facing,none,none
Garage4_000840#1,Garage4_000840,Garage4,indoor_garage,1,629.045654,388.459167,820.682373,719.107178,676.954834,438.056369,772.773193,586.847974,2.878906,,<3,false,absent,false,Facing,none,none
Garage4_000840#2,Garage4_000840,Garage4,indoor_garage,2,25.490959,381.123108,194.898438,719.404419,67.842829,431.865305,152.546568,584.091895,2.447266,,<3,true,worn_secured,true,Side,partial,none
Garage4_000852#1,Garage4_000852,Garage4,indoor_garage,1,624.182373,375.523651,820.102905,719.99469,673.162506,427.194307,771.122772,582.206274,2.488281,,<3,false,absent,false,Facing,partial,none
Garage4_000852#2,Garage4_000852,Garage4,indoor_garage,2,0.276718,374.805206,88.123009,719.132446,22.238291,426.454292,66.161436,581.40155,3.042969,,3-6,true,worn_unknown,true,Side,partial,none
Garage4_000864#1,Garage4_000864,Garage4,indoor_garage,1,649.731934,357.927185,915.606628,720.0,716.200608,412.238107,849.137954,575.170874,1.964844,,<3,false,absent,false,Facing,partial,none
Garage4_000882#1,Garage4_000882,Garage4,indoor_garage,1,661.093994,329.697266,959.190491,719.291138,735.618118,388.136347,884.666367,563.453589,1.19043,,<3,false,absent,false,Facing,partial,none
Garage4_000894#1,Garage4_000894,Garage4,indoor_garage,1,768.839641,578.895955,958.0,718.666667,816.129731,599.861562,910.70991,662.758382,,<3,<3,false,absent,false,Side,partial,none
Garage4_000948#1,Garage4_000948,Garage4,indoor_garage,1,482.037964,283.487366,936.561218,719.302734,595.668778,348.859671,822.930405,544.976587,0.629395,,<3,false,absent,false,Side,partial,none
Garage4_000960#1,Garage4_000960,Garage4,indoor_garage,1,263.367554,341.032745,577.269409,719.436157,341.843018,397.793257,498.793945,568.074792,0.833008,,<3,false,absent,false,Back,partial,uncertain
Garage4_000960#2,Garage4_000960,Garage4,indoor_garage,2,0.197742,382.772522,102.937111,719.096069,25.882584,433.221054,77.252269,584.56665,2.884766,,<3,true,worn_unknown,true,Side,partial,none
Garage4_000972#1,Garage4_000972,Garage4,indoor_garage,1,3.09874,340.722656,382.276489,719.289429,97.893177,397.507672,287.482052,567.86272,1.061523,,<3,false,absent,false,Back,partial,none
Garage4_000984#1,Garage4_000984,Garage4,indoor_garage,1,0.457123,332.608124,89.541321,719.021118,22.728172,390.570073,67.270271,564.45592,1.09668,,<3,false,absent,false,Back,partial,none
Garage4_000984#2,Garage4_000984,Garage4,indoor_garage,2,263.485931,393.616516,415.724304,719.644226,301.545524,442.520672,377.664711,589.233142,2.625,,<3,true,worn_unsecured,true,Side,partial,none
Garage4_001002#1,Garage4_001002,Garage4,indoor_garage,1,0.453896,373.720917,196.493774,719.314453,49.463866,425.559947,147.483804,581.077039,1.594727,,<3,false,absent,false,Back,partial,none
Garage4_001002#2,Garage4_001002,Garage4,indoor_garage,2,403.791595,395.25293,595.269043,719.819458,451.660957,443.937909,547.399681,589.992847,3.046875,,3-6,true,worn_unknown,true,Side,none,none
Garage4_001002#3,Garage4_001002,Garage4,indoor_garage,3,210.115631,397.444977,261.001923,638.753174,222.837204,433.641207,248.28035,542.229895,4.681641,,3-6,true,worn_unknown,true,Side,none,none
Garage4_001014#1,Garage4_001014,Garage4,indoor_garage,1,6.00856,382.019806,244.953644,719.462219,65.744831,432.636168,185.217373,584.485254,1.985352,,<3,false,absent,false,Back,partial,none
Garage4_001014#2,Garage4_001014,Garage4,indoor_garage,2,528.284668,395.1633,665.649292,719.762573,562.625824,443.853191,631.308136,589.922864,3.371094,,3-6,true,worn_unknown,true,Side,none,none
Garage4_001014#3,Garage4_001014,Garage4,indoor_garage,3,233.240753,398.296967,343.614624,639.456543,260.834221,434.470903,316.021156,542.992713,,3-6,3-6,true,worn_secured,true,Side,none,none
Garage4_001026#1,Garage4_001026,Garage4,indoor_garage,1,111.326111,374.610779,270.760742,719.238403,151.184769,426.304923,230.902084,581.387353,2.488281,,<3,false,absent,false,Back,partial,none
Garage4_001026#2,Garage4_001026,Garage4,indoor_garage,2,602.67688,393.069489,721.786133,719.905334,632.454193,442.094866,692.00882,589.170996,3.671875,,3-6,true,worn_unknown,true,Back,none,none
Garage4_001026#3,Garage4_001026,Garage4,indoor_garage,3,302.063354,396.855103,386.454102,639.03717,323.161041,433.182413,365.356415,542.164343,5.089844,,3-6,true,worn_unknown,true,Side,none,none
Garage4_001044#1,Garage4_001044,Garage4,indoor_garage,1,208.385712,381.391449,350.408539,719.36261,243.891419,432.087123,314.902832,584.174146,3.212891,,3-6,false,absent,false,Back,partial,none
Garage4_001044#2,Garage4_001044,Garage4,indoor_garage,2,690.216248,396.276489,783.154053,693.547852,713.450699,440.867193,759.919602,574.639307,4.046875,,3-6,true,worn_unknown,true,Back,partial,none
Garage4_001044#3,Garage4_001044,Garage4,indoor_garage,3,368.387939,395.894623,460.132416,624.231689,391.324058,430.145183,437.196297,532.896863,5.53125,,3-6,true,worn_unknown,true,Side,none,none
Garage4_001056#1,Garage4_001056,Garage4,indoor_garage,1,232.242188,389.940216,361.188416,719.525024,264.478745,439.377937,328.951859,587.691101,3.695312,,3-6,false,absent,false,Back,partial,none
Garage4_001056#2,Garage4_001056,Garage4,indoor_garage,2,738.297119,400.798737,833.095703,678.427856,761.996765,442.443105,809.396057,567.376208,4.328125,,3-6,true,worn_unknown,true,Back,partial,none
Garage4_001056#3,Garage4_001056,Garage4,indoor_garage,3,413.960815,397.060913,492.120117,620.75,433.500641,430.614276,472.580291,531.274365,5.691406,,3-6,true,worn_unknown,true,Side,none,none
Garage4_001068#1,Garage4_001068,Garage4,indoor_garage,1,251.609482,387.358063,359.345947,706.582886,278.543598,435.241786,332.411831,578.892957,4.167969,,3-6,false,absent,false,Back,none,none
Garage4_001068#2,Garage4_001068,Garage4,indoor_garage,2,760.19165,407.052338,876.619263,677.296021,789.298553,447.58889,847.51236,569.198548,7.246094,,>6,true,worn_unknown,true,Back,partial,none
Garage4_001068#3,Garage4_001068,Garage4,indoor_garage,3,451.905487,396.643341,530.802002,616.49353,471.629616,429.620869,511.077873,528.553454,5.785156,,3-6,true,worn_unknown,true,Side,none,none
Garage4_001086#1,Garage4_001086,Garage4,indoor_garage,1,284.183167,395.466431,387.097595,660.394775,309.911774,435.205683,361.368988,554.423437,4.921875,,3-6,false,absent,false,Back,none,none
Garage4_001086#2,Garage4_001086,Garage4,indoor_garage,2,511.290253,400.479675,592.469849,605.170349,531.585152,431.183276,572.17495,523.294079,6.121094,,>6,true,worn_unknown,true,Side,none,none
Garage4_001086#3,Garage4_001086,Garage4,indoor_garage,3,857.333332,415.333328,938.333332,478.333328,877.583332,424.783328,918.083332,453.133328,,3-6,3-6,true,worn_unknown,true,Back,heavy,uncertain
Garage4_001128#1,Garage4_001128,Garage4,indoor_garage,1,636.536011,402.772705,720.52356,589.615723,657.532898,430.799158,699.526673,514.878516,6.761719,,>6,true,worn_unknown,true,Side,none,none
Garage4_001128#2,Garage4_001128,Garage4,indoor_garage,2,352.807159,402.349457,427.401764,597.432617,371.45581,431.611931,408.753113,519.399353,6.166016,,>6,false,absent,false,Back,none,none
Garage4_001242#2,Garage4_001242,Garage4,indoor_garage,2,817.949524,404.404449,880.675049,615.041382,833.630905,435.999989,864.993668,530.786609,,3-6,3-6,true,worn_unknown,true,Side,partial,none
Garage4_001242#3,Garage4_001242,Garage4,indoor_garage,3,757.160645,407.831238,806.08606,546.482727,769.391999,428.628961,793.854706,491.022131,,>6,>6,true,worn_unknown,true,Side,partial,none
Garage4_001242#4,Garage4_001242,Garage4,indoor_garage,4,426.53949,402.774902,464.240051,513.934937,435.96463,419.448907,454.814911,469.470923,,>6,>6,false,absent,false,Back,none,uncertain
Garage4_001296#1,Garage4_001296,Garage4,indoor_garage,1,679.988403,397.136627,800.873901,687.529175,710.209777,440.695509,770.652527,571.372156,4.433594,,3-6,true,worn_unsecured,true,Facing,none,none
Garage4_001296#2,Garage4_001296,Garage4,indoor_garage,2,630.61377,409.317352,678.08606,539.463989,642.481843,428.839348,666.217987,487.405334,,>6,>6,true,worn_unknown,true,Facing,none,none
Garage4_001296#3,Garage4_001296,Garage4,indoor_garage,3,544.710144,405.866638,571.561035,511.371735,551.422867,421.692403,564.848312,469.169696,,>6,>6,false,absent,false,Side,none,uncertain
Garage4_001308#1,Garage4_001308,Garage4,indoor_garage,1,673.50647,394.829041,801.974854,710.579712,705.623566,442.191642,769.857758,584.279444,3.9375,,3-6,true,worn_unsecured,true,Facing,none,none
Garage4_001308#2,Garage4_001308,Garage4,indoor_garage,2,559.439026,407.625366,614.153687,513.719238,573.117691,423.539447,600.475022,471.281689,9.785156,,>6,false,absent,false,Side,none,none
Garage4_001308#3,Garage4_001308,Garage4,indoor_garage,3,608.745483,407.840057,644.94873,541.046753,617.796295,427.821061,635.897918,487.764075,,>6,>6,true,worn_unknown,true,Side,none,uncertain
Garage4_001326#1,Garage4_001326,Garage4,indoor_garage,1,675.778809,388.021454,825.192993,719.490112,713.132355,437.741753,787.839447,586.902649,3.203125,,3-6,true,worn_unsecured,true,Facing,partial,none
Garage4_001326#2,Garage4_001326,Garage4,indoor_garage,2,561.019592,404.444916,603.964783,537.544678,571.75589,424.40988,593.228485,484.304773,,>6,>6,true,worn_unknown,true,Side,none,none
Garage4_001326#3,Garage4_001326,Garage4,indoor_garage,3,611.111877,405.417755,649.364441,516.997314,620.675018,422.154689,639.8013,472.36549,,>6,>6,false,absent,false,Back,none,none
Garage4_001338#1,Garage4_001338,Garage4,indoor_garage,1,701.130432,387.972382,881.526489,718.496094,746.229446,437.550939,836.427475,586.286609,2.642578,,<3,true,worn_unsecured,true,Facing,partial,none
Garage4_001338#2,Garage4_001338,Garage4,indoor_garage,2,632.130493,408.823914,691.291992,523.736511,646.920868,426.060804,676.501617,477.771472,10.367188,,>6,false,absent,false,Side,none,none
Garage4_001338#3,Garage4_001338,Garage4,indoor_garage,3,535.453735,405.294067,581.21875,538.840576,546.894989,425.326043,569.777496,485.421972,,>6,>6,true,worn_unknown,true,Side,none,none
Garage4_001350#1,Garage4_001350,Garage4,indoor_garage,1,739.296143,389.452087,957.244507,719.39801,793.783234,438.943975,902.757416,587.419641,2.054688,,<3,true,worn_unsecured,true,Facing,partial,none
Garage4_001350#2,Garage4_001350,Garage4,indoor_garage,2,494.761139,406.170044,561.291016,539.274902,511.393608,426.135773,544.658547,486.032959,9.328125,,>6,true,absent,false,Side,none,none
Garage4_001350#3,Garage4_001350,Garage4,indoor_garage,3,663.435242,406.246307,708.886047,525.552734,674.797943,424.142271,697.523346,477.830163,10.226562,,>6,false,absent,false,Facing,none,none
Garage4_001362#1,Garage4_001362,Garage4,indoor_garage,1,817.177185,378.161591,959.83429,718.890503,852.841461,429.270928,924.170014,582.598938,1.638672,,<3,true,worn_unknown,true,Facing,partial,none
Garage4_001362#2,Garage4_001362,Garage4,indoor_garage,2,466.338501,404.332581,528.019226,541.38446,481.758682,424.890363,512.599045,486.563708,,>6,>6,true,worn_unknown,true,Facing,none,uncertain
Garage4_001362#3,Garage4_001362,Garage4,indoor_garage,3,697.011475,407.088989,740.772766,534.851013,707.951798,426.253293,729.832443,483.746203,,>6,>6,false,absent,false,Facing,none,none
Garage4_001386#1,Garage4_001386,Garage4,indoor_garage,1,749.030151,412.958679,785.704041,545.985352,758.198624,432.91268,776.535568,492.774683,8.757812,,>6,true,absent,false,Facing,none,none
Garage4_001386#2,Garage4_001386,Garage4,indoor_garage,2,431.847015,406.503113,487.130585,550.207764,445.667908,428.058811,473.309692,492.725904,8.601562,,>6,true,worn_unknown,true,Facing,none,none
Garage4_001428#1,Garage4_001428,Garage4,indoor_garage,1,385.066864,405.310089,446.949005,572.590698,400.537399,430.40218,431.47847,505.678454,7.527344,,>6,true,worn_unknown,true,Facing,none,none
Garage4_001428#2,Garage4_001428,Garage4,indoor_garage,2,729.996643,409.452942,791.967957,574.49469,745.489471,434.209204,776.475128,508.477991,7.054688,,>6,false,absent,false,Facing,none,none
Garage4_001500#1,Garage4_001500,Garage4,indoor_garage,1,319.774719,398.694672,421.853668,660.229004,345.294456,437.924822,396.333931,555.615271,5.078125,,3-6,true,absent,false,Facing,none,none
Garage4_001500#2,Garage4_001500,Garage4,indoor_garage,2,508.552734,401.936584,604.135376,613.370667,532.448394,433.651696,580.239715,528.797034,5.949219,,3-6,false,absent,false,Facing,none,none
Garage4_001512#1,Garage4_001512,Garage4,indoor_garage,1,312.946655,394.954559,414.309692,673.28186,338.287414,436.703654,388.968933,561.95094,4.585938,,3-6,true,worn_secured,true,Facing,none,none
Garage4_001512#2,Garage4_001512,Garage4,indoor_garage,2,895.485168,392.714417,959.819641,719.314514,911.568786,441.704432,943.736023,588.674475,,<3,<3,true,worn_unknown,true,Side,partial,uncertain
Garage4_001512#3,Garage4_001512,Garage4,indoor_garage,3,470.13501,395.60202,559.772644,626.233765,492.544419,430.196782,537.363235,533.981067,5.71875,,3-6,false,absent,false,Facing,none,none
Garage4_001530#1,Garage4_001530,Garage4,indoor_garage,1,719.120667,395.749786,935.522095,719.435547,773.221024,444.30265,881.421738,589.961243,2.619141,,<3,true,worn_unknown,true,Back,none,none
Garage4_001530#2,Garage4_001530,Garage4,indoor_garage,2,265.865173,389.308136,398.299744,718.459473,298.973816,438.680837,365.191101,586.798938,4.011719,,3-6,true,worn_secured,true,Facing,none,none
Garage4_001530#3,Garage4_001530,Garage4,indoor_garage,3,428.821014,393.56604,515.174316,646.831665,450.409339,431.555884,493.58599,545.525415,5.117188,,3-6,false,absent,false,Facing,none,none
Garage4_001542#1,Garage4_001542,Garage4,indoor_garage,1,251.811401,390.915619,389.675629,719.60083,286.277458,440.218401,355.209572,588.126746,3.517578,,3-6,true,worn_unsecured,true,Facing,partial,none
Garage4_001542#2,Garage4_001542,Garage4,indoor_garage,2,699.991333,393.539795,828.279968,719.627563,732.063492,442.45296,796.207809,589.192456,3.167969,,3-6,true,worn_unknown,true,Back,none,none
Garage4_001542#3,Garage4_001542,Garage4,indoor_garage,3,383.672699,394.365051,480.511322,671.350342,407.882355,435.912845,456.301666,560.556226,4.689453,,3-6,false,absent,false,Facing,none,none
Garage4_001560#1,Garage4_001560,Garage4,indoor_garage,1,166.558136,382.637604,340.570312,719.673706,210.06118,433.193019,297.067268,584.859265,2.880859,,<3,true,worn_secured,true,Facing,none,none
Garage4_001560#2,Garage4_001560,Garage4,indoor_garage,2,636.771729,403.87619,771.417725,718.218262,670.433228,451.027501,737.756226,592.481433,3.988281,,3-6,true,worn_unknown,true,Back,none,none
Garage4_001560#3,Garage4_001560,Garage4,indoor_garage,3,326.475891,392.988281,434.516846,713.395569,353.48613,441.049374,407.506607,585.232654,4.113281,,3-6,false,absent,false,Facing,partial,none
Garage4_001572#1,Garage4_001572,Garage4,indoor_garage,1,97.83989,381.35556,305.523804,719.6521,149.760868,432.100041,253.602825,584.333484,2.541016,,<3,true,worn_secured,true,Side,none,none
Garage4_001572#2,Garage4_001572,Garage4,indoor_garage,2,274.908752,395.657532,399.970703,719.235413,306.17424,444.194214,368.705215,589.804261,3.681641,,3-6,false,absent,false,Facing,partial,none
Garage4_001572#3,Garage4_001572,Garage4,indoor_garage,3,626.785767,398.444275,721.068481,671.102783,650.356445,439.343051,697.497803,562.03938,4.609375,,3-6,true,worn_unknown,true,Back,none,none
Garage4_001584#1,Garage4_001584,Garage4,indoor_garage,1,29.975693,374.273254,195.473633,719.446777,71.350178,426.049282,154.099148,581.377368,2.167969,,<3,true,worn_secured,true,Side,partial,none
Garage4_001584#2,Garage4_001584,Garage4,indoor_garage,2,213.446457,387.202698,366.798065,719.334961,251.784359,437.022537,328.460163,586.482056,3.296875,,3-6,false,absent,false,Facing,none,none
Garage4_001584#3,Garage4_001584,Garage4,indoor_garage,3,601.219116,401.205505,688.997925,640.513,623.163818,437.101629,667.053223,544.790002,5.199219,,3-6,true,worn_unknown,true,Back,none,none
Garage4_001596#1,Garage4_001596,Garage4,indoor_garage,1,171.072006,384.256622,353.098145,719.516113,216.578541,434.545546,307.59161,585.412317,2.791016,,<3,false,absent,false,Facing,none,none
Garage4_001596#2,Garage4_001596,Garage4,indoor_garage,2,0.228395,373.719299,65.307037,719.255554,16.498055,425.549737,49.037376,581.041052,3.03125,,3-6,true,worn_unknown,true,Side,heavy,uncertain
Garage4_001596#3,Garage4_001596,Garage4,indoor_garage,3,590.487915,405.095825,671.142944,627.486816,610.651672,438.454474,650.979187,538.53042,5.667969,,3-6,true,worn_unknown,true,Back,none,none
Garage4_001614#1,Garage4_001614,Garage4,indoor_garage,1,58.302681,371.809998,302.09787,719.309204,119.251478,423.934879,241.149073,580.309522,2.105469,,<3,false,absent,false,Facing,none,none
Garage4_001614#2,Garage4_001614,Garage4,indoor_garage,2,573.84436,405.223022,643.232605,591.055664,591.191421,433.097918,625.885544,516.722607,6.457031,,>6,true,worn_unknown,true,Back,none,none
Garage4_001626#1,Garage4_001626,Garage4,indoor_garage,1,0.183884,367.227295,302.439758,719.22406,75.747853,420.02681,226.87579,578.425354,1.673828,,<3,false,absent,false,Facing,partial,none
Garage4_001626#2,Garage4_001626,Garage4,indoor_garage,2,569.971191,406.249207,636.645142,582.197998,586.639679,432.641526,619.976654,511.818482,6.871094,,>6,true,worn_unknown,true,Back,none,none
Garage4_001638#1,Garage4_001638,Garage4,indoor_garage,1,6.53421,352.958435,365.403381,719.502747,96.251503,407.940082,275.686088,572.885022,1.328125,,<3,false,absent,false,Side,partial,none
Garage4_001638#2,Garage4_001638,Garage4,indoor_garage,2,563.850769,405.379303,623.435913,571.252075,578.747055,430.260219,608.539627,504.902966,,>6,>6,true,worn_unknown,true,Back,none,none
Garage4_001650#1,Garage4_001650,Garage4,indoor_garage,1,232.868088,360.263916,532.999939,718.75,307.901051,414.036829,457.966976,575.355566,1.02832,,<3,false,absent,false,Side,partial,uncertain
Garage4_001650#2,Garage4_001650,Garage4,indoor_garage,2,556.804138,407.11441,615.382324,557.237305,571.448685,429.632844,600.737777,497.188147,8.171875,,>6,true,worn_unknown,true,Back,none,none
Garage4_001662#1,Garage4_001662,Garage4,indoor_garage,1,433.835815,378.953186,770.042175,719.209595,517.887405,429.991647,685.990585,583.107031,1.070312,,<3,false,absent,false,Back,partial,none
Garage4_001674#1,Garage4_001674,Garage4,indoor_garage,1,557.557251,357.076965,941.234985,719.333374,653.476684,411.415426,845.315552,574.43081,1.302246,,<3,false,absent,false,Back,partial,none
Garage4_001674#2,Garage4_001674,Garage4,indoor_garage,2,546.016724,410.366821,590.542847,538.21875,557.148255,429.54461,579.411316,487.077978,9.382812,,>6,true,worn_unknown,true,Facing,none,none
Garage4_001686#1,Garage4_001686,Garage4,indoor_garage,1,647.951355,378.561676,959.886841,719.351685,725.935226,429.680177,881.90297,583.035681,1.696289,,<3,false,absent,false,Back,partial,none
Garage4_001686#2,Garage4_001686,Garage4,indoor_garage,2,0.187969,374.814514,56.989143,717.60498,14.388262,426.233084,42.788849,580.488794,2.974609,,<3,true,worn_secured,true,Side,partial,none
Garage4_001686#3,Garage4_001686,Garage4,indoor_garage,3,538.560303,409.257202,585.547974,534.480591,550.307221,428.04071,573.801056,484.391235,,>6,>6,true,worn_unknown,true,Back,none,none
Garage4_001698#1,Garage4_001698,Garage4,indoor_garage,1,706.358887,385.459167,955.960571,719.241577,768.759308,435.526528,893.56015,585.728613,2.070312,,<3,false,absent,false,Back,partial,none
Garage4_001698#2,Garage4_001698,Garage4,indoor_garage,2,23.928892,378.891113,205.130615,719.380981,69.229323,429.964593,159.830184,583.185034,3.207031,,3-6,true,worn_secured,true,Side,partial,none
Garage4_001698#3,Garage4_001698,Garage4,indoor_garage,3,531.816711,407.927582,566.844849,523.838623,540.573746,425.314238,558.087814,477.474207,,>6,>6,true,worn_unknown,true,Back,none,none
Garage4_001710#1,Garage4_001710,Garage4,indoor_garage,1,713.820801,384.223206,944.270386,719.439453,771.433197,434.505643,886.65799,585.352954,2.513672,,<3,false,absent,false,Back,none,none
Garage4_001710#2,Garage4_001710,Garage4,indoor_garage,2,120.012062,378.817444,326.896149,719.391418,171.733084,429.90354,275.175127,583.161828,2.390625,,<3,true,worn_unknown,true,Side,partial,none
Garage4_001710#3,Garage4_001710,Garage4,indoor_garage,3,518.183167,405.810669,552.864807,517.625488,526.853577,422.582892,544.194397,472.89956,,>6,>6,true,worn_unknown,true,Back,none,none
Garage4_001728#1,Garage4_001728,Garage4,indoor_garage,1,737.801697,385.725891,892.757812,719.639038,776.540726,435.812863,854.018783,586.073779,3.035156,,3-6,false,absent,false,Back,none,none
Garage4_001728#2,Garage4_001728,Garage4,indoor_garage,2,270.093842,382.859955,394.929016,719.371582,301.302636,433.336699,363.720222,584.766931,2.873047,,<3,true,worn_unknown,true,Back,partial,none
Garage4_001728#3,Garage4_001728,Garage4,indoor_garage,3,501.948669,404.150024,531.877808,509.824219,509.430954,420.001153,524.395523,467.554541,,>6,>6,true,worn_unknown,true,Back,none,none
Garage4_001740#1,Garage4_001740,Garage4,indoor_garage,1,725.339417,391.827942,859.439575,719.682129,758.864456,441.00607,825.914536,588.540454,3.503906,,3-6,false,absent,false,Side,partial,none
Garage4_001740#2,Garage4_001740,Garage4,indoor_garage,2,345.591125,383.230743,469.085144,719.382385,376.46463,433.653489,438.211639,584.921728,3.166016,,3-6,true,worn_unknown,true,Back,none,none
Garage4_001740#3,Garage4_001740,Garage4,indoor_garage,3,487.532776,404.90799,519.212402,505.216644,495.452683,419.954288,511.292495,465.093182,,>6,>6,true,worn_unknown,true,Back,partial,uncertain
Garage4_001752#1,Garage4_001752,Garage4,indoor_garage,1,371.542633,389.190033,513.639221,719.55896,407.06678,438.745372,478.115074,587.411389,3.482422,,3-6,true,worn_unknown,true,Back,none,none
Garage4_001752#2,Garage4_001752,Garage4,indoor_garage,2,698.765869,398.60321,816.641724,719.407959,728.234833,446.723922,787.17276,591.086059,3.976562,,3-6,false,absent,false,Side,none,none
Garage4_001764#1,Garage4_001764,Garage4,indoor_garage,1,438.75647,390.216431,557.588318,719.944458,468.464432,439.675635,527.880356,588.053247,3.849609,,3-6,true,worn_unknown,true,Back,none,none
Garage4_001764#2,Garage4_001764,Garage4,indoor_garage,2,705.973022,393.766968,791.439514,673.763245,727.339645,435.76641,770.072891,561.764734,4.519531,,3-6,false,absent,false,Side,none,none
Garage4_001776#1,Garage4_001776,Garage4,indoor_garage,1,479.50415,395.24292,587.598816,700.098877,506.527816,440.971314,560.57515,578.156494,4.175781,,3-6,true,worn_unknown,true,Back,none,none
Garage4_001776#2,Garage4_001776,Garage4,indoor_garage,2,681.296021,397.76239,772.942505,655.304932,704.207642,436.393771,750.030884,552.287915,4.960938,,3-6,false,absent,false,Back,none,none
Garage4_001776#3,Garage4_001776,Garage4,indoor_garage,3,439.700958,406.997498,468.101532,497.025421,446.801102,420.501686,461.001389,461.014252,,>6,>6,true,worn_unknown,true,Back,partial,uncertain
Garage4_001788#1,Garage4_001788,Garage4,indoor_garage,1,509.326447,396.600952,603.259521,681.283081,532.809715,439.303271,579.776252,567.410229,4.507812,,3-6,true,worn_unknown,true,Back,none,none
Garage4_001788#2,Garage4_001788,Garage4,indoor_garage,2,665.340576,404.784485,776.246216,643.441528,693.066986,440.583041,748.519806,547.978711,4.867188,,3-6,false,absent,false,Back,none,none
Garage4_001788#3,Garage4_001788,Garage4,indoor_garage,3,427.268829,411.750366,452.637726,497.511108,433.611053,424.614477,446.295502,463.206811,,>6,>6,true,uncertain,uncertain,Back,partial,uncertain
Garage4_001800#1,Garage4_001800,Garage4,indoor_garage,1,537.023987,396.105011,622.663086,660.303711,558.433762,435.734816,601.253311,554.624231,4.90625,,3-6,true,worn_unknown,true,Back,none,none
Garage4_001800#2,Garage4_001800,Garage4,indoor_garage,2,689.414368,399.541931,761.41925,619.329041,707.415589,432.509997,743.418029,531.414197,5.882812,,3-6,false,absent,false,Side,none,none
Garage4_001812#1,Garage4_001812,Garage4,indoor_garage,1,547.508057,393.32547,639.049927,648.115112,570.393525,431.543916,616.16446,546.199255,5.15625,,3-6,true,worn_unknown,true,Back,none,none
Garage4_001812#2,Garage4_001812,Garage4,indoor_garage,2,679.774902,401.549652,751.86377,601.22876,697.797119,431.501518,733.841553,521.357117,5.808594,,3-6,false,absent,false,Side,none,uncertain
Garage4_001824#1,Garage4_001824,Garage4,indoor_garage,1,560.984009,393.52121,649.492371,625.017822,583.1111,428.245702,627.365281,532.419177,5.542969,,3-6,true,worn_unknown,true,Back,none,none
Garage4_001824#2,Garage4_001824,Garage4,indoor_garage,2,667.459534,407.099945,753.299683,597.241455,688.919571,435.621172,731.839646,521.184851,6.054688,,>6,false,absent,false,Back,none,none
Garage4_001842#1,Garage4_001842,Garage4,indoor_garage,1,587.39679,399.190704,660.057983,610.34668,605.562088,430.8641,641.892685,525.88429,6.160156,,>6,true,worn_unknown,true,Back,none,none
Garage4_001842#2,Garage4_001842,Garage4,indoor_garage,2,672.663574,406.926544,732.129272,578.300354,687.529999,432.632615,717.262848,509.75083,7.125,,>6,false,absent,false,Side,none,none
Garage4_001842#3,Garage4_001842,Garage4,indoor_garage,3,349.333332,402.333328,369.333332,484.333328,354.333332,414.633328,364.333332,451.533328,,>6,>6,true,worn_unknown,true,Side,heavy,uncertain
Garage4_001854#1,Garage4_001854,Garage4,indoor_garage,1,598.002441,402.883667,660.552124,597.608887,613.639862,432.09245,644.914703,519.718799,6.5,,>6,true,worn_unknown,true,Back,none,none
Garage4_001854#2,Garage4_001854,Garage4,indoor_garage,2,653.529968,405.650085,718.830688,566.717346,669.855148,429.810174,702.505508,502.290442,7.722656,,>6,false,absent,false,Side,none,uncertain
Garage4_001854#3,Garage4_001854,Garage4,indoor_garage,3,329.333332,402.333328,355.333332,455.333328,335.833332,410.283328,348.833332,434.133328,,>6,>6,true,worn_unknown,true,Side,heavy,uncertain
Garage4_001866#1,Garage4_001866,Garage4,indoor_garage,1,613.563721,409.823059,677.224365,590.808167,629.478882,436.970825,661.309204,518.414124,6.851562,,>6,true,worn_unknown,true,Back,none,none
Garage4_001866#2,Garage4_001866,Garage4,indoor_garage,2,651.547852,405.91507,685.375854,556.877686,660.004852,428.559462,676.918854,496.49264,6.984375,,>6,true,absent,false,Back,partial,none
Garage4_001866#3,Garage4_001866,Garage4,indoor_garage,3,305.723236,407.340454,327.14035,436.6474,311.077515,411.736496,321.786071,424.924622,,>6,>6,true,uncertain,uncertain,Side,heavy,uncertain
Garage4_001878#1,Garage4_001878,Garage4,indoor_garage,1,624.523926,408.531311,684.02478,581.606934,639.399139,434.492654,669.149566,512.376685,7.208984,,>6,true,worn_unknown,true,Back,none,none
Garage4_001878#2,Garage4_001878,Garage4,indoor_garage,2,281.333332,404.333328,303.333332,436.333328,286.833332,409.133328,297.833332,423.533328,,>6,>6,uncertain,worn_unknown,true,uncertain,heavy,uncertain
Garage4_001914#1,Garage4_001914,Garage4,indoor_garage,1,637.18103,406.887543,699.914185,561.325745,652.864319,430.053273,684.230896,499.550464,8.28125,,>6,true,worn_unknown,true,Back,none,none
Garage4_001914#2,Garage4_001914,Garage4,indoor_garage,2,541.414124,410.956787,604.745178,533.046753,557.246887,429.270282,588.912415,484.210767,9.492188,,>6,false,absent,false,Side,none,none
Garage4_001980#1,Garage4_001980,Garage4,indoor_garage,1,420.486053,401.188599,485.164581,554.092651,436.655685,424.124207,468.994949,492.93103,8.296875,,>6,false,absent,false,Facing,none,none
Garage4_001980#2,Garage4_001980,Garage4,indoor_garage,2,653.182373,409.463928,689.698425,530.360046,662.311386,427.598346,680.569412,482.001599,,>6,>6,true,worn_unknown,true,Facing,none,none
Garage4_001992#1,Garage4_001992,Garage4,indoor_garage,1,415.329651,401.435852,477.513916,562.589172,430.875717,425.60885,461.96785,498.127844,7.714844,,>6,false,absent,false,Facing,none,none
Garage4_001992#2,Garage4_001992,Garage4,indoor_garage,2,643.536987,407.743378,685.259399,525.967651,653.96759,425.477019,674.828796,478.677942,,>6,>6,true,worn_unknown,true,Back,none,none
Garage4_002010#1,Garage4_002010,Garage4,indoor_garage,1,386.633148,399.827179,456.338837,579.827759,404.05957,426.827266,438.912415,507.827527,7.046875,,>6,false,absent,false,Facing,none,none
Garage4_002010#2,Garage4_002010,Garage4,indoor_garage,2,631.862366,401.049225,665.369934,518.727783,640.239258,418.701009,656.993042,471.65636,,>6,>6,true,worn_unknown,true,Side,none,none
Garage4_002010#3,Garage4_002010,Garage4,indoor_garage,3,316.333332,402.333328,345.333332,444.333328,323.583332,408.633328,338.083332,427.533328,,>6,>6,true,worn_unknown,true,Side,heavy,uncertain
Garage4_002028#1,Garage4_002028,Garage4,indoor_garage,1,366.936829,395.822296,442.034271,604.190002,385.711189,427.077452,423.25991,520.84292,6.226562,,>6,false,absent,false,Facing,none,none
Garage4_002028#2,Garage4_002028,Garage4,indoor_garage,2,608.092224,404.301178,640.253479,512.390015,616.132538,420.514504,632.213165,469.15448,,>6,>6,true,worn_unknown,true,Back,none,uncertain
Garage4_002028#3,Garage4_002028,Garage4,indoor_garage,3,349.101746,408.555176,379.321472,500.782928,356.656678,422.389339,371.766541,463.891827,,>6,>6,true,worn_unknown,true,Facing,partial,uncertain
Garage4_002064#1,Garage4_002064,Garage4,indoor_garage,1,300.106873,393.624847,401.686829,666.729309,325.501862,434.590516,376.29184,557.487524,4.71875,,3-6,false,absent,false,Facing,none,uncertain
Garage4_002064#2,Garage4_002064,Garage4,indoor_garage,2,412.812408,407.035126,442.161102,516.983521,420.149582,423.527385,434.823929,473.004163,,>6,>6,true,worn_unknown,true,Facing,partial,none
Garage4_002064#3,Garage4_002064,Garage4,indoor_garage,3,553.789612,402.572205,580.115417,507.971191,560.371063,418.382053,573.533966,465.811597,11.3125,,>6,true,worn_unknown,true,Side,none,none
Garage4_002076#1,Garage4_002076,Garage4,indoor_garage,1,270.118195,396.760071,383.911377,718.651611,298.56649,445.043802,355.463082,589.894995,4.148438,,3-6,false,absent,false,Facing,none,none
Garage4_002076#2,Garage4_002076,Garage4,indoor_garage,2,426.402771,406.776489,469.251587,522.606262,437.114975,424.150955,458.539383,476.274353,,>6,>6,true,worn_unknown,true,Facing,none,none
Garage4_002076#3,Garage4_002076,Garage4,indoor_garage,3,532.283997,405.953888,561.780334,507.66037,539.658081,421.20986,554.40625,466.977777,,>6,>6,true,worn_unknown,true,Facing,none,none
Garage4_002088#1,Garage4_002088,Garage4,indoor_garage,1,222.416473,392.501404,381.685181,719.24231,262.23365,441.51254,341.868004,588.545948,3.552734,,3-6,false,absent,false,Facing,partial,none
Garage4_002088#2,Garage4_002088,Garage4,indoor_garage,2,451.482147,410.325348,489.630981,527.134521,461.019356,427.846724,480.093773,480.410852,,>6,>6,true,worn_unknown,true,Facing,none,none
Garage4_002088#3,Garage4_002088,Garage4,indoor_garage,3,515.833862,406.558167,546.000854,509.621216,523.37561,422.017624,538.459106,468.395996,,>6,>6,true,worn_unknown,true,Side,none,none
Garage4_002100#1,Garage4_002100,Garage4,indoor_garage,1,217.391602,375.270172,383.982422,719.548462,259.039307,426.911916,342.334717,581.837146,2.951172,,<3,false,absent,false,Facing,none,none
Garage4_002100#2,Garage4_002100,Garage4,indoor_garage,2,473.048218,410.708954,513.634888,537.26123,483.194886,429.691795,503.488221,486.64032,,>6,>6,true,worn_unknown,true,Facing,none,none
Garage4_002100#3,Garage4_002100,Garage4,indoor_garage,3,499.994934,406.466949,530.881531,512.125732,507.716583,422.315766,523.159882,469.862219,,>6,>6,true,worn_unknown,true,Side,none,uncertain
Garage4_002112#1,Garage4_002112,Garage4,indoor_garage,1,124.828125,373.944458,366.287598,719.286133,185.192993,425.745709,305.92273,581.149463,2.341797,,<3,false,absent,false,Facing,none,none
Garage4_002112#2,Garage4_002112,Garage4,indoor_garage,2,489.428009,408.061981,553.075562,541.14502,505.339897,428.024437,537.163674,487.911804,,>6,>6,true,worn_unknown,true,Facing,none,none
Garage4_002112#3,Garage4_002112,Garage4,indoor_garage,3,484.283997,401.613434,511.327332,516.401489,491.044831,418.831642,504.566498,470.486267,,>6,>6,true,worn_unknown,true,Side,partial,none
Garage4_002124#1,Garage4_002124,Garage4,indoor_garage,1,1.988159,371.98645,333.767822,719.570435,84.933075,424.124048,250.822906,580.536841,1.711914,,<3,false,absent,false,Facing,partial,none
Garage4_002124#2,Garage4_002124,Garage4,indoor_garage,2,519.385376,408.879456,584.654907,546.642334,535.702759,429.543888,568.337524,491.537183,,>6,>6,true,worn_unknown,true,Facing,none,none
Garage4_002124#3,Garage4_002124,Garage4,indoor_garage,3,472.365906,407.712799,504.87384,521.722229,480.492889,424.814213,496.746856,476.118457,,>6,>6,true,worn_unknown,true,Facing,none,none
Garage4_002136#1,Garage4_002136,Garage4,indoor_garage,1,0.626839,362.869751,118.918213,719.391724,30.199682,416.348047,89.345369,576.782935,1.077148,,<3,false,absent,false,Facing,partial,none
Garage4_002136#2,Garage4_002136,Garage4,indoor_garage,2,555.498596,405.180084,600.483521,554.352051,566.744827,427.555879,589.23729,494.683264,8.570312,,>6,true,worn_unknown,true,Facing,none,none
Garage4_002136#3,Garage4_002136,Garage4,indoor_garage,3,461.90799,406.326416,492.639679,523.390503,469.590912,423.886029,484.956757,476.564868,,>6,>6,true,worn_unknown,true,Facing,none,none
Garage4_002220#1,Garage4_002220,Garage4,indoor_garage,1,372.849731,405.501831,434.5242,561.333374,388.268348,428.876562,419.105583,499.000757,8.0,,>6,true,worn_secured,true,Facing,none,none
Garage4_002238#1,Garage4_002238,Garage4,indoor_garage,1,342.557251,405.000641,399.614685,572.569519,356.82161,430.135973,385.350326,505.541968,7.199219,,>6,true,worn_secured,true,Facing,none,none
Garage4_002250#1,Garage4_002250,Garage4,indoor_garage,1,314.510651,401.699432,392.535828,585.984253,334.016945,429.342155,373.029534,512.270325,6.875,,>6,true,absent,false,Facing,none,none
Pave1_000246#1,Pave1_000246,Pave1,outdoor_pavement_closed_road_sim,1,0.334007,289.675262,133.696777,719.269653,33.674699,354.114421,100.356084,547.431897,1.333984,,<3,true,worn_secured,true,Side,partial,none
Pave1_000258#1,Pave1_000258,Pave1,outdoor_pavement_closed_road_sim,1,60.700752,306.646301,246.691498,719.572327,107.198439,368.585205,200.193812,554.401917,1.696289,,<3,true,worn_secured,true,Back,partial,none
Pave1_000276#1,Pave1_000276,Pave1,outdoor_pavement_closed_road_sim,1,181.312088,320.936096,413.880005,719.616394,239.454067,380.738141,355.738026,560.144275,2.175781,,<3,true,worn_unknown,true,Back,none,none
Pave1_000336#1,Pave1_000336,Pave1,outdoor_pavement_closed_road_sim,1,656.184204,321.765747,878.531494,719.258423,711.771027,381.389648,822.944671,560.261353,1.871094,,<3,true,worn_unsecured,true,Back,partial,uncertain
Pave1_000336#2,Pave1_000336,Pave1,outdoor_pavement_closed_road_sim,2,369.927124,345.722595,487.895264,701.753601,399.419159,399.127246,458.403229,559.341199,3.503906,,3-6,true,worn_unknown,true,Back,none,none
Pave1_000354#1,Pave1_000354,Pave1,outdoor_pavement_closed_road_sim,1,622.874756,329.888519,804.226929,719.366638,668.212799,388.310237,758.888886,563.57539,2.388672,,<3,true,worn_unknown,true,Back,none,none
Pave1_000354#2,Pave1_000354,Pave1,outdoor_pavement_closed_road_sim,2,415.915649,346.460205,520.230835,669.960327,441.994445,394.985223,494.152038,540.560278,3.892578,,3-6,true,worn_unknown,true,Back,none,none
Pave1_000366#1,Pave1_000366,Pave1,outdoor_pavement_closed_road_sim,1,594.534424,329.366821,766.496338,719.424133,637.524902,387.875418,723.50586,563.401208,2.765625,,<3,true,worn_unknown,true,Back,partial,none
Pave1_000366#2,Pave1_000366,Pave1,outdoor_pavement_closed_road_sim,2,412.173615,349.103149,505.209778,638.798828,435.432656,392.557501,481.950737,522.920556,4.103516,,3-6,true,worn_unknown,true,Back,none,none
Pave1_000378#1,Pave1_000378,Pave1,outdoor_pavement_closed_road_sim,1,572.82373,336.967163,719.008423,717.82782,609.369903,394.096262,682.46225,565.483557,3.056641,,3-6,true,worn_unknown,true,Back,partial,none
Pave1_000378#2,Pave1_000378,Pave1,outdoor_pavement_closed_road_sim,2,402.77002,349.212402,491.442688,625.373901,424.938187,390.636627,469.274521,514.909301,4.476562,,3-6,true,worn_unknown,true,Back,none,none
Pave1_000396#1,Pave1_000396,Pave1,outdoor_pavement_closed_road_sim,1,548.563293,340.741089,672.44165,698.878174,579.532882,394.461652,641.472061,555.62334,3.615234,,3-6,true,worn_unknown,true,Back,none,none
Pave1_000396#2,Pave1_000396,Pave1,outdoor_pavement_closed_road_sim,2,369.545685,346.572388,455.829163,594.805969,391.116555,383.807425,434.258293,495.512537,4.910156,,3-6,true,worn_unknown,true,Back,none,none
Pave1_000414#1,Pave1_000414,Pave1,outdoor_pavement_closed_road_sim,1,512.587891,342.143646,628.886047,649.092957,541.66243,388.186043,599.811508,526.313233,4.261719,,3-6,true,worn_unknown,true,Back,none,none
Pave1_000414#2,Pave1_000414,Pave1,outdoor_pavement_closed_road_sim,2,322.390625,344.896149,391.377808,580.37384,339.637421,380.217803,374.131012,486.182764,5.238281,,3-6,true,worn_unknown,true,Side,none,none
Pave1_000432#1,Pave1_000432,Pave1,outdoor_pavement_closed_road_sim,1,489.677032,344.883118,581.368408,605.116577,512.599876,383.918137,558.445564,501.023193,4.910156,,3-6,true,worn_unknown,true,Back,none,none
Pave1_000432#2,Pave1_000432,Pave1,outdoor_pavement_closed_road_sim,2,259.801849,341.073181,321.268616,574.722046,275.168541,376.120511,305.901924,481.2625,5.195312,,3-6,true,worn_unknown,true,Side,none,none
Pave1_000444#1,Pave1_000444,Pave1,outdoor_pavement_closed_road_sim,1,193.953369,341.549072,304.545898,577.114258,221.601501,376.88385,276.897766,482.888184,5.244141,,3-6,true,worn_secured,true,Side,none,none
Pave1_000444#2,Pave1_000444,Pave1,outdoor_pavement_closed_road_sim,2,478.127563,344.866638,558.180298,587.392151,498.140747,381.245465,538.167114,490.381946,5.425781,,3-6,true,worn_unknown,true,Back,none,none
Pave1_000456#1,Pave1_000456,Pave1,outdoor_pavement_closed_road_sim,1,132.651169,340.381714,269.439606,594.987488,166.848278,378.57258,235.242497,493.145178,,3-6,3-6,true,worn_secured,true,Facing,none,none
Pave1_000456#2,Pave1_000456,Pave1,outdoor_pavement_closed_road_sim,2,461.309052,349.460999,549.537476,575.688721,483.366158,383.395157,527.48037,485.197632,5.566406,,3-6,true,worn_unknown,true,Back,none,none
Pave1_000468#1,Pave1_000468,Pave1,outdoor_pavement_closed_road_sim,1,136.375549,339.876495,232.683563,602.67041,160.452552,379.295582,208.60656,497.552844,4.816406,,3-6,true,worn_secured,true,Facing,none,none
Pave1_000468#2,Pave1_000468,Pave1,outdoor_pavement_closed_road_sim,2,469.391113,346.853149,543.482727,553.661377,487.914017,377.874383,524.959823,470.938086,6.199219,,>6,true,worn_unknown,true,Back,none,none
Pave1_000480#1,Pave1_000480,Pave1,outdoor_pavement_closed_road_sim,1,101.572746,336.481171,215.422699,632.324158,130.035234,380.857619,186.960211,513.986963,4.515625,,3-6,true,worn_secured,true,Facing,none,none
Pave1_000480#2,Pave1_000480,Pave1,outdoor_pavement_closed_road_sim,2,470.689545,349.805908,536.758667,547.321899,487.206825,379.433307,520.241386,468.315503,6.582031,,>6,true,worn_unknown,true,Back,none,none
Pave1_000492#1,Pave1_000492,Pave1,outdoor_pavement_closed_road_sim,1,95.241165,334.439728,221.051483,635.52063,126.693744,379.601863,189.598904,515.088269,4.234375,,3-6,true,worn_secured,true,Facing,none,none
Pave1_000492#2,Pave1_000492,Pave1,outdoor_pavement_closed_road_sim,2,464.343109,349.894043,536.090698,531.55719,482.280006,377.143515,518.153801,458.891931,6.832031,,>6,true,worn_unknown,true,Back,none,none
Pave1_000516#1,Pave1_000516,Pave1,outdoor_pavement_closed_road_sim,1,152.516235,336.880829,263.788269,695.373169,180.334244,390.65468,235.97026,551.976233,5.636719,,3-6,true,worn_secured,true,Side,none,none
Pave1_000516#2,Pave1_000516,Pave1,outdoor_pavement_closed_road_sim,2,466.757324,355.36145,517.154175,511.872162,479.356537,378.838057,504.554962,449.267877,7.09375,,>6,true,worn_unknown,true,Back,partial,none
Pave1_000540#1,Pave1_000540,Pave1,outdoor_pavement_closed_road_sim,1,217.161255,335.838806,351.67218,719.558838,250.788986,393.396811,318.044449,566.070825,3.117188,,3-6,true,worn_secured,true,Facing,none,none
Pave1_000540#2,Pave1_000540,Pave1,outdoor_pavement_closed_road_sim,2,427.470795,351.359467,467.562103,500.38092,437.493622,373.712685,457.539276,440.772339,8.085938,,>6,true,worn_unknown,true,Side,none,none
Pave1_000552#1,Pave1_000552,Pave1,outdoor_pavement_closed_road_sim,1,277.244385,338.962646,434.554596,719.477661,316.571938,396.039898,395.227043,567.271655,2.929688,,<3,true,worn_secured,true,Facing,none,none
Pave1_000552#3,Pave1_000552,Pave1,outdoor_pavement_closed_road_sim,3,395.206268,355.306274,440.784515,483.794678,406.60083,374.579535,429.389953,432.399316,,>6,>6,true,worn_unsecured,true,Back,partial,uncertain
Pave1_000564#1,Pave1_000564,Pave1,outdoor_pavement_closed_road_sim,1,362.908386,332.892181,471.455322,719.45636,390.04512,390.876808,444.318588,564.830688,2.632812,,<3,true,worn_secured,true,Side,partial,none
Pave1_000564#2,Pave1_000564,Pave1,outdoor_pavement_closed_road_sim,2,353.333332,352.333328,393.333332,423.333328,363.333332,362.983328,383.333332,394.933328,,>6,>6,true,worn_secured,true,Side,none,none
Pave1_000618#1,Pave1_000618,Pave1,outdoor_pavement_closed_road_sim,1,781.328796,328.108063,959.410217,719.247314,825.849151,386.778951,914.889862,562.791614,1.772461,,<3,true,worn_secured,true,Side,partial,none
Pave1_000618#3,Pave1_000618,Pave1,outdoor_pavement_closed_road_sim,3,222.768585,345.913788,272.053955,528.379272,235.089927,373.283611,259.732612,455.393078,,>6,>6,true,worn_unknown,true,Facing,none,none
Pave1_000630#1,Pave1_000630,Pave1,outdoor_pavement_closed_road_sim,1,884.290771,419.455658,960.0,712.523315,903.218078,463.415807,941.072693,595.296252,,<3,<3,true,worn_unknown,true,Facing,heavy,uncertain
Pave1_000630#2,Pave1_000630,Pave1,outdoor_pavement_closed_road_sim,2,203.758011,342.634125,263.275696,532.443359,218.637432,371.10551,248.396275,456.519665,,>6,>6,true,worn_unknown,true,Facing,none,none
Pave1_000654#1,Pave1_000654,Pave1,outdoor_pavement_closed_road_sim,1,152.477539,333.571289,245.002045,568.313416,175.608666,368.782608,221.870919,474.416565,5.667969,,3-6,true,worn_unsecured,true,Facing,none,none
Pave1_000666#1,Pave1_000666,Pave1,outdoor_pavement_closed_road_sim,1,152.935257,330.79248,249.823151,581.012695,177.15723,368.325512,225.601178,480.924609,5.058594,,3-6,true,worn_unsecured,true,Facing,none,none
Pave1_000702#1,Pave1_000702,Pave1,outdoor_pavement_closed_road_sim,1,508.141479,322.895813,765.789795,719.239258,572.553558,382.34733,701.377716,560.70188,1.748047,,<3,true,worn_unknown,true,Back,partial,none
Pave1_000702#2,Pave1_000702,Pave1,outdoor_pavement_closed_road_sim,2,181.822266,338.817505,293.882202,650.557007,209.83725,385.57843,265.867218,525.861206,4.017578,,3-6,true,worn_unknown,true,Facing,none,viewing
Pave1_000732#1,Pave1_000732,Pave1,outdoor_pavement_closed_road_sim,1,186.577682,341.022827,338.427521,718.928162,224.540142,397.708627,300.465061,567.766028,3.001953,,3-6,true,worn_unsecured,true,Facing,none,viewing
Pave1_000732#2,Pave1_000732,Pave1,outdoor_pavement_closed_road_sim,2,432.90271,335.855835,581.336426,719.443237,470.011139,393.393945,544.227997,566.008276,2.611328,,<3,true,worn_unknown,true,Back,none,none
Pave1_000744#1,Pave1_000744,Pave1,outdoor_pavement_closed_road_sim,1,217.82753,328.509277,389.904907,719.397278,260.846874,387.142477,346.885563,563.042078,2.550781,,<3,true,worn_unsecured,true,Facing,partial,viewing
Pave1_000744#2,Pave1_000744,Pave1,outdoor_pavement_closed_road_sim,2,423.701477,344.081146,556.28302,718.445068,456.846863,400.235734,523.137634,568.699499,2.994141,,<3,true,worn_unknown,true,Back,none,none
Pave1_000762#1,Pave1_000762,Pave1,outdoor_pavement_closed_road_sim,1,240.725784,314.776825,447.221436,719.450867,292.349697,375.477931,395.597523,557.58125,1.873047,,<3,true,worn_unsecured,true,Facing,partial,viewing
Pave1_000762#2,Pave1_000762,Pave1,outdoor_pavement_closed_road_sim,2,417.825165,348.484039,510.949951,697.114929,441.106362,400.778672,487.668754,557.662573,3.504883,,3-6,true,worn_unknown,true,Back,partial,none
Pave1_000786#1,Pave1_000786,Pave1,outdoor_pavement_closed_road_sim,1,442.070709,328.949066,741.386841,719.286438,516.899742,387.499672,666.557808,563.151489,1.223633,,<3,true,worn_secured,true,Facing,partial,viewing
Pave1_000786#2,Pave1_000786,Pave1,outdoor_pavement_closed_road_sim,2,404.45929,347.393372,490.522888,622.073853,425.975189,388.595444,469.006989,512.201661,4.390625,,3-6,true,worn_unknown,true,Back,none,none
Pave1_000798#1,Pave1_000798,Pave1,outdoor_pavement_closed_road_sim,1,626.031738,329.298279,959.887756,718.940063,709.495743,387.744547,876.423751,563.083349,0.880859,,<3,true,worn_secured,true,Side,partial,none
Pave1_000798#2,Pave1_000798,Pave1,outdoor_pavement_closed_road_sim,2,389.462311,349.216614,473.479431,604.952881,410.466591,387.577054,452.475151,502.658374,4.792969,,3-6,true,worn_unknown,true,Back,none,none
Pave1_000816#1,Pave1_000816,Pave1,outdoor_pavement_closed_road_sim,1,384.340668,348.945801,461.466705,579.526489,403.622177,383.532904,442.185196,487.294214,5.310547,,3-6,true,worn_unknown,true,Back,none,none
Pave1_000828#1,Pave1_000828,Pave1,outdoor_pavement_closed_road_sim,1,384.307251,350.958466,445.442139,572.0495,399.590973,384.122121,430.158417,483.613086,5.628906,,3-6,true,worn_unknown,true,Back,none,none
Pave1_000840#1,Pave1_000840,Pave1,outdoor_pavement_closed_road_sim,1,354.616882,349.392639,448.936157,560.534119,378.196701,381.063861,425.356338,476.077527,8.34375,,>6,true,worn_unknown,true,Back,none,none
Pave1_000858#1,Pave1_000858,Pave1,outdoor_pavement_closed_road_sim,1,320.604736,348.337189,401.089172,541.717041,340.725845,377.344167,380.968063,464.3651,6.449219,,>6,true,worn_unknown,true,Side,none,none
Pave1_000876#1,Pave1_000876,Pave1,outdoor_pavement_closed_road_sim,1,274.487823,350.25946,353.038147,537.364624,294.125404,378.325235,333.400566,462.522558,6.478516,,>6,true,worn_unknown,true,Side,none,none
Pave1_000888#1,Pave1_000888,Pave1,outdoor_pavement_closed_road_sim,1,259.378479,343.649536,319.014282,539.17688,274.28743,372.978638,304.105331,460.965942,,>6,>6,true,worn_unknown,true,Side,none,none
Pave1_000888#2,Pave1_000888,Pave1,outdoor_pavement_closed_road_sim,2,930.353271,586.770386,959.746338,719.499268,937.701538,606.679718,952.398071,666.407715,,<3,<3,uncertain,uncertain,uncertain,uncertain,heavy,uncertain
Pave1_000942#1,Pave1_000942,Pave1,outdoor_pavement_closed_road_sim,1,685.72998,352.521179,825.029175,636.739075,720.554779,395.153863,790.204376,523.051917,4.236328,,3-6,true,worn_unknown,true,Back,none,none
Pave1_000942#2,Pave1_000942,Pave1,outdoor_pavement_closed_road_sim,2,136.469543,339.139771,225.881531,578.917847,158.82254,375.106482,203.528534,483.006617,5.138672,,3-6,true,worn_unknown,true,Facing,none,none
Pave1_000954#1,Pave1_000954,Pave1,outdoor_pavement_closed_road_sim,1,133.448135,341.028564,229.90155,608.801392,157.561489,381.194488,205.788196,501.692261,4.792969,,3-6,true,worn_unknown,true,Facing,none,none
Pave1_000954#2,Pave1_000954,Pave1,outdoor_pavement_closed_road_sim,2,672.431152,347.917358,765.677979,600.318115,695.742859,385.777472,742.366272,499.357812,5.035156,,3-6,true,worn_unknown,true,Back,none,none
Pave1_000978#1,Pave1_000978,Pave1,outdoor_pavement_closed_road_sim,1,163.165665,342.299774,283.64035,641.799683,193.284336,387.22476,253.521679,521.999719,4.175781,,3-6,true,worn_unsecured,true,Facing,none,none
Pave1_000978#2,Pave1_000978,Pave1,outdoor_pavement_closed_road_sim,2,627.672241,353.987579,722.233032,567.181274,651.312439,385.966633,698.592834,481.903796,6.1875,,>6,true,worn_unknown,true,Back,none,none
Pave1_000990#1,Pave1_000990,Pave1,outdoor_pavement_closed_road_sim,1,196.619202,339.495422,308.605133,667.887695,224.615685,388.754263,280.60865,536.530786,3.837891,,3-6,true,worn_unknown,true,Facing,none,none
Pave1_000990#2,Pave1_000990,Pave1,outdoor_pavement_closed_road_sim,2,632.159058,355.285553,685.259399,547.136353,645.434143,384.063173,671.984314,470.396033,6.464844,,>6,true,worn_unknown,true,Back,none,none
Pave1_001014#1,Pave1_001014,Pave1,outdoor_pavement_closed_road_sim,1,271.458496,340.643433,422.718262,719.422607,309.273438,397.460309,384.903321,567.910937,3.296875,,3-6,true,worn_secured,true,Facing,none,none
Pave1_001014#2,Pave1_001014,Pave1,outdoor_pavement_closed_road_sim,2,570.911621,357.769958,632.282349,521.319092,586.254303,382.302328,616.939667,455.899438,,>6,>6,true,worn_unknown,true,Side,none,none
Pave1_001044#1,Pave1_001044,Pave1,outdoor_pavement_closed_road_sim,1,453.834045,334.813599,600.557007,719.513794,490.514786,392.518628,563.876267,565.633716,2.462891,,<3,true,worn_secured,true,Side,partial,none
Pave1_001086#1,Pave1_001086,Pave1,outdoor_pavement_closed_road_sim,1,343.242249,348.56073,424.160645,500.391846,363.471848,371.335397,403.931046,439.6594,17.8125,,>6,true,worn_unknown,true,Side,none,none
Pave1_001098#1,Pave1_001098,Pave1,outdoor_pavement_closed_road_sim,1,299.398987,346.964172,370.076965,501.953979,317.068481,370.212643,352.40747,439.958056,7.853516,,>6,true,worn_unknown,true,Facing,none,none
Pave1_001110#1,Pave1_001110,Pave1,outdoor_pavement_closed_road_sim,1,277.719299,346.167572,323.286499,502.894592,289.111099,369.676625,311.894699,440.203784,7.833984,,>6,true,worn_unknown,true,Side,none,none
Pave1_001122#1,Pave1_001122,Pave1,outdoor_pavement_closed_road_sim,1,216.662781,345.740784,302.958008,507.078308,238.236588,369.941413,281.384201,442.543298,7.830078,,>6,true,worn_unknown,true,Facing,none,none
Pave1_001134#1,Pave1_001134,Pave1,outdoor_pavement_closed_road_sim,1,188.567474,338.400208,244.29071,520.414185,202.498283,365.702305,230.359901,447.608594,,>6,>6,true,worn_unknown,true,Side,none,none
Pave1_001146#1,Pave1_001146,Pave1,outdoor_pavement_closed_road_sim,1,160.670059,338.456421,229.458847,525.36261,177.867256,366.492349,212.26165,450.600134,6.84375,,>6,true,worn_unknown,true,Facing,none,none
Pave1_001164#1,Pave1_001164,Pave1,outdoor_pavement_closed_road_sim,1,131.776428,334.793365,214.7789,546.449524,152.527046,366.541789,194.028282,461.78706,5.878906,,3-6,true,worn_unsecured,true,Facing,none,none
Pave1_001176#1,Pave1_001176,Pave1,outdoor_pavement_closed_road_sim,1,133.484131,336.976685,216.667755,569.879639,154.280037,371.912128,195.871849,476.718457,5.582031,,3-6,true,worn_unknown,true,Facing,none,none
Pave1_001188#1,Pave1_001188,Pave1,outdoor_pavement_closed_road_sim,1,142.928467,339.470154,239.738754,590.403015,167.131039,377.110083,215.536182,490.029871,5.21875,,3-6,true,worn_unknown,true,Facing,none,none
Pave1_001236#1,Pave1_001236,Pave1,outdoor_pavement_closed_road_sim,1,308.845459,340.911346,418.84845,666.213501,336.346207,389.706669,391.347702,536.092639,3.880859,,3-6,true,worn_unsecured,true,Side,none,none
Pave1_001236#2,Pave1_001236,Pave1,outdoor_pavement_closed_road_sim,2,638.630005,350.138031,751.472656,667.129883,666.840668,397.686809,723.261993,540.333142,3.9375,,3-6,true,worn_secured,true,Side,none,none
Pave1_001254#1,Pave1_001254,Pave1,outdoor_pavement_closed_road_sim,1,369.361206,346.345917,525.321289,698.111206,408.351227,399.11071,486.331268,557.40509,3.513672,,3-6,true,worn_unsecured,true,Side,none,uncertain
Pave1_001254#2,Pave1_001254,Pave1,outdoor_pavement_closed_road_sim,2,560.705933,350.803375,655.424683,633.704224,584.38562,393.238502,631.744995,520.543884,4.21875,,3-6,true,worn_unknown,true,Side,none,none
Pave1_001272#1,Pave1_001272,Pave1,outdoor_pavement_closed_road_sim,1,541.344147,343.705688,618.954224,714.280884,560.746666,399.291967,599.551705,566.050806,3.072266,,3-6,true,worn_unsecured,true,Side,partial,none
Pave1_001272#2,Pave1_001272,Pave1,outdoor_pavement_closed_road_sim,2,477.51889,345.518341,524.714355,614.318481,489.317756,385.838362,512.915489,506.798425,,3-6,3-6,true,worn_secured,true,Side,partial,none
Pave1_001326#1,Pave1_001326,Pave1,outdoor_pavement_closed_road_sim,1,241.997833,342.796448,351.076477,575.439453,269.267494,377.692899,323.806816,482.382251,5.355469,,3-6,true,worn_unknown,true,Back,none,none
Pave1_001326#2,Pave1_001326,Pave1,outdoor_pavement_closed_road_sim,2,910.024109,449.472198,959.822571,718.650879,922.473725,489.849,947.372955,610.979407,,<3,<3,uncertain,uncertain,uncertain,uncertain,heavy,uncertain
Pave1_001344#1,Pave1_001344,Pave1,outdoor_pavement_closed_road_sim,1,185.868759,341.613922,289.372314,559.522461,211.744648,374.300203,263.496425,472.359045,5.597656,,3-6,true,worn_unknown,true,Side,none,none
Pave1_001380#1,Pave1_001380,Pave1,outdoor_pavement_closed_road_sim,1,523.491394,314.2966,883.044067,719.355713,613.379562,375.055467,793.155899,557.332068,1.368164,,<3,true,in_hand,false,Side,none,viewing
Pave1_001380#2,Pave1_001380,Pave1,outdoor_pavement_closed_road_sim,2,62.844269,338.93219,174.763336,574.680481,90.824036,374.294434,146.783569,480.381165,,3-6,3-6,true,worn_unknown,true,Facing,none,none
Pave1_001428#1,Pave1_001428,Pave1,outdoor_pavement_closed_road_sim,1,93.799255,323.347687,285.284302,719.432739,141.670517,382.760445,237.41304,560.998718,2.201172,,<3,true,in_hand,false,Back,partial,none
Pave1_001428#2,Pave1_001428,Pave1,outdoor_pavement_closed_road_sim,2,0.124752,328.634979,45.453201,637.524292,11.456864,374.968376,34.121089,513.968567,,3-6,3-6,true,worn_unknown,true,Facing,heavy,uncertain
Pave1_001452#1,Pave1_001452,Pave1,outdoor_pavement_closed_road_sim,1,56.237175,323.679474,212.668442,718.134399,95.344992,382.847713,173.560625,560.352429,2.900391,,<3,true,absent,false,Back,partial,none
Pave1_001464#1,Pave1_001464,Pave1,outdoor_pavement_closed_road_sim,1,66.914474,332.742706,211.597198,699.685364,103.085155,387.784105,175.426517,552.908301,3.34668,,3-6,true,absent,false,Back,none,none
Pave1_001482#1,Pave1_001482,Pave1,outdoor_pavement_closed_road_sim,1,49.148483,331.669128,173.419495,647.023804,80.216236,378.972329,142.351742,520.881934,3.894531,,3-6,true,absent,false,Back,none,none
Pave1_001500#1,Pave1_001500,Pave1,outdoor_pavement_closed_road_sim,1,56.505341,336.30365,166.837341,616.311523,84.088341,378.304831,139.254341,504.308374,4.390625,,3-6,true,absent,false,Back,partial,none
Pave1_001536#1,Pave1_001536,Pave1,outdoor_pavement_closed_road_sim,1,107.939987,317.346436,267.739929,719.604614,147.889972,377.685163,227.789944,558.701343,1.807617,,<3,true,worn_secured,true,Side,partial,none
Pave1_001554#1,Pave1_001554,Pave1,outdoor_pavement_closed_road_sim,1,342.55423,321.155396,467.921265,719.407593,373.895989,380.893226,436.579506,560.106714,1.861328,,<3,true,worn_secured,true,Side,partial,none
Pave1_001554#2,Pave1_001554,Pave1,outdoor_pavement_closed_road_sim,2,237.484741,343.495392,311.539581,549.086792,255.998451,374.334102,293.025871,466.850232,,3-6,3-6,true,absent,false,Side,none,call
Pave1_001566#1,Pave1_001566,Pave1,outdoor_pavement_closed_road_sim,1,393.371338,332.532532,648.327759,719.735229,457.110443,390.612937,584.588654,564.85415,2.047852,,<3,true,worn_secured,true,Back,partial,none
Pave1_001566#2,Pave1_001566,Pave1,outdoor_pavement_closed_road_sim,2,272.245514,349.49707,366.592438,541.922729,295.832245,378.360919,343.005707,464.952465,6.234375,,>6,true,absent,false,Side,none,call
Pave1_001596#1,Pave1_001596,Pave1,outdoor_pavement_closed_road_sim,1,552.142212,337.176849,743.869324,719.559265,600.07399,394.534211,695.937546,566.606299,2.65625,,<3,true,worn_unknown,true,Back,none,none
Pave1_001596#2,Pave1_001596,Pave1,outdoor_pavement_closed_road_sim,2,369.668457,353.95816,450.693726,547.185974,389.924774,382.942332,430.437409,469.894848,6.125,,>6,true,absent,false,Side,none,call
Pave1_001614#1,Pave1_001614,Pave1,outdoor_pavement_closed_road_sim,1,594.610596,342.300171,729.576965,719.448364,628.352188,398.8724,695.835373,568.589087,3.201172,,3-6,true,worn_unknown,true,Back,none,none
Pave1_001614#2,Pave1_001614,Pave1,outdoor_pavement_closed_road_sim,2,438.414917,353.78653,509.944977,567.039734,456.297432,385.774511,492.062462,481.738452,5.693359,,3-6,true,absent,false,Facing,none,call
Pave1_001626#1,Pave1_001626,Pave1,outdoor_pavement_closed_road_sim,1,580.232544,346.535522,704.244263,688.464844,611.235474,397.82492,673.241333,551.693115,3.560547,,3-6,true,worn_unknown,true,Back,none,none
Pave1_001626#2,Pave1_001626,Pave1,outdoor_pavement_closed_road_sim,2,452.170654,356.123352,539.074341,590.219849,473.896576,391.237827,517.348419,496.58125,5.378906,,3-6,true,absent,false,Facing,none,call
Pave1_001644#1,Pave1_001644,Pave1,outdoor_pavement_closed_road_sim,1,577.670166,347.801819,689.89502,648.949158,605.72638,392.97392,661.838807,528.490222,4.125,,3-6,true,worn_unknown,true,Back,none,none
Pave1_001644#2,Pave1_001644,Pave1,outdoor_pavement_closed_road_sim,2,457.490021,355.737366,563.317627,627.696472,483.946923,396.531232,536.860726,518.91283,4.730469,,3-6,true,absent,false,Facing,none,call
Pave1_001674#1,Pave1_001674,Pave1,outdoor_pavement_closed_road_sim,1,493.553284,346.765869,612.257629,677.628418,523.22937,396.395251,582.581543,545.283398,3.753906,,3-6,true,absent,false,Facing,none,none
Pave1_001686#1,Pave1_001686,Pave1,outdoor_pavement_closed_road_sim,1,503.585205,349.552887,649.725342,719.741272,540.120239,405.081145,613.190308,571.665918,3.367188,,3-6,true,in_hand,false,Facing,none,viewing
Pave1_001686#2,Pave1_001686,Pave1,outdoor_pavement_closed_road_sim,2,496.50708,354.779419,559.283264,570.690796,512.201126,387.166126,543.589218,484.326245,3.495117,,3-6,true,worn_unknown,true,Side,partial,uncertain
Pave1_001698#1,Pave1_001698,Pave1,outdoor_pavement_closed_road_sim,1,543.044495,343.470428,700.104309,719.449829,582.309448,399.867338,660.839356,569.058069,2.980469,,<3,true,in_hand,false,Facing,none,viewing
Pave1_001698#2,Pave1_001698,Pave1,outdoor_pavement_closed_road_sim,2,463.524811,349.36496,540.124634,565.356445,482.674767,381.763683,520.974678,478.959851,5.796875,,3-6,true,worn_unknown,true,Side,none,none
Pave1_001710#1,Pave1_001710,Pave1,outdoor_pavement_closed_road_sim,1,588.286621,337.177612,768.74353,719.890015,633.400848,394.584472,723.629303,566.805054,2.585938,,<3,true,in_hand,false,Facing,partial,call
Pave1_001710#2,Pave1_001710,Pave1,outdoor_pavement_closed_road_sim,2,430.611053,349.805664,500.239655,559.03009,448.018204,381.189328,482.832505,475.34032,5.986328,,3-6,true,worn_unknown,true,Side,none,none
Pave1_001722#1,Pave1_001722,Pave1,outdoor_pavement_closed_road_sim,1,603.954163,338.967041,831.370422,720.0,660.808228,396.121985,774.516357,567.586816,2.244141,,<3,true,in_hand,false,Facing,partial,call
Pave1_001722#2,Pave1_001722,Pave1,outdoor_pavement_closed_road_sim,2,411.850616,352.916718,459.770172,548.970154,423.830505,382.324733,447.790283,470.54878,,>6,>6,true,worn_unknown,true,Side,none,uncertain
Pave1_001734#1,Pave1_001734,Pave1,outdoor_pavement_closed_road_sim,1,548.017334,325.676056,845.942017,718.940002,622.498505,384.665648,771.460846,561.634424,1.882812,,<3,true,in_hand,false,Facing,partial,call
Pave1_001734#2,Pave1_001734,Pave1,outdoor_pavement_closed_road_sim,2,377.437805,357.449646,428.332581,550.685791,390.161499,386.435068,415.608887,473.391333,6.294922,,>6,true,worn_unknown,true,Side,none,none
Pave1_001746#1,Pave1_001746,Pave1,outdoor_pavement_closed_road_sim,1,467.197449,329.326263,778.205566,719.6427,544.949478,387.873729,700.453537,563.516125,1.585938,,<3,true,in_hand,false,Facing,partial,call
Pave1_001746#2,Pave1_001746,Pave1,outdoor_pavement_closed_road_sim,2,326.165955,358.77774,397.364441,548.469482,343.965576,387.231501,379.564819,472.592785,6.417969,,>6,true,worn_unknown,true,Side,none,none
Pave1_001776#1,Pave1_001776,Pave1,outdoor_pavement_closed_road_sim,1,108.377075,304.585724,298.704102,720.0,155.958832,366.897865,251.122345,553.83429,1.376953,,<3,true,in_hand,false,Side,partial,none
Pave1_001830#1,Pave1_001830,Pave1,outdoor_pavement_closed_road_sim,1,93.633659,336.900574,201.885864,596.52655,120.69671,375.84447,174.822813,492.67616,4.597656,,3-6,true,worn_unsecured,true,Facing,none,none
Pave1_001842#1,Pave1_001842,Pave1,outdoor_pavement_closed_road_sim,1,102.259003,341.129456,209.322968,621.376221,129.024994,383.166471,182.556977,509.277515,4.511719,,3-6,true,worn_unsecured,true,Facing,none,none
Pave1_001854#1,Pave1_001854,Pave1,outdoor_pavement_closed_road_sim,1,103.08046,337.861267,218.61351,656.634888,131.963722,385.67731,189.730247,529.12544,4.183594,,3-6,true,worn_unknown,true,Facing,none,none
Pave1_001866#1,Pave1_001866,Pave1,outdoor_pavement_closed_road_sim,1,110.999908,331.618164,234.584885,659.26001,141.896152,380.764441,203.688641,528.203272,3.837891,,3-6,true,worn_unknown,true,Facing,none,none
Pave1_001878#1,Pave1_001878,Pave1,outdoor_pavement_closed_road_sim,1,135.682281,337.605743,266.007263,684.048157,168.263527,389.572105,233.426018,545.471191,3.509766,,3-6,true,worn_secured,true,Facing,none,none
Pave1_001896#1,Pave1_001896,Pave1,outdoor_pavement_closed_road_sim,1,207.973022,334.259766,339.356506,719.664062,240.818893,392.07041,306.510635,565.502344,3.130859,,3-6,true,worn_secured,true,Facing,none,none
Pave1_001908#1,Pave1_001908,Pave1,outdoor_pavement_closed_road_sim,1,243.065369,340.071289,373.411926,719.138245,275.652008,396.931332,340.825287,567.511463,2.826172,,<3,true,worn_secured,true,Facing,none,none
Pave1_001920#1,Pave1_001920,Pave1,outdoor_pavement_closed_road_sim,1,301.74527,337.028198,509.946167,719.993286,353.795494,394.472961,457.895943,566.807251,2.605469,,<3,true,worn_secured,true,Facing,partial,none
Pave1_001950#1,Pave1_001950,Pave1,outdoor_pavement_closed_road_sim,1,526.507446,334.743439,678.398193,719.571899,564.480133,392.467708,640.425506,565.640515,1.879883,,<3,true,worn_secured,true,Side,partial,none
Pave1_001950#2,Pave1_001950,Pave1,outdoor_pavement_closed_road_sim,2,29.956432,345.706726,106.756699,527.296631,49.156499,372.945212,87.556632,454.660669,,3-6,3-6,true,uncertain,uncertain,Back,partial,none
Pave1_002004#1,Pave1_002004,Pave1,outdoor_pavement_closed_road_sim,1,637.937378,338.130371,822.294189,719.40155,684.026581,395.321048,776.204986,566.893078,2.154297,,<3,true,worn_unknown,true,Back,partial,none
Pave1_002004#2,Pave1_002004,Pave1,outdoor_pavement_closed_road_sim,2,210.567993,349.512329,263.705994,502.385834,223.852493,372.443355,250.421494,441.236432,,>6,>6,true,worn_unknown,true,Side,none,uncertain
Pave1_002022#1,Pave1_002022,Pave1,outdoor_pavement_closed_road_sim,1,628.455688,339.999603,778.359192,720.0,665.931564,396.999663,740.883316,567.999841,2.505859,,<3,true,worn_unknown,true,Back,none,none
Pave1_002022#2,Pave1_002022,Pave1,outdoor_pavement_closed_road_sim,2,248.548325,351.824829,313.426514,501.360107,264.767872,374.255121,297.206967,441.545996,7.890625,,>6,true,worn_unknown,true,Side,none,none
Pave1_002040#1,Pave1_002040,Pave1,outdoor_pavement_closed_road_sim,1,579.26886,342.341064,736.293701,719.505737,618.52507,398.915765,697.037491,568.639868,2.914062,,<3,true,worn_unknown,true,Back,partial,none
Pave1_002040#2,Pave1_002040,Pave1,outdoor_pavement_closed_road_sim,2,311.161102,355.503998,360.302917,499.864746,323.446556,377.15811,348.017463,442.120447,7.277344,,>6,true,worn_unknown,true,Side,none,none
Pave1_002076#1,Pave1_002076,Pave1,outdoor_pavement_closed_road_sim,1,540.422729,347.264343,662.56958,680.884399,570.959442,397.307351,632.032867,547.436377,3.730469,,3-6,true,worn_unknown,true,Back,none,none
Pave1_002076#2,Pave1_002076,Pave1,outdoor_pavement_closed_road_sim,2,394.615479,350.73172,431.386963,499.313599,403.80835,373.019002,422.194092,439.880847,7.755859,,>6,true,in_hand,false,Facing,none,none
Pave1_002088#1,Pave1_002088,Pave1,outdoor_pavement_closed_road_sim,1,541.772217,349.009888,630.618042,649.46106,563.983673,394.077564,608.406586,529.280591,4.042969,,3-6,true,worn_unknown,true,Back,none,none
Pave1_002088#2,Pave1_002088,Pave1,outdoor_pavement_closed_road_sim,2,394.28894,358.195618,452.048096,498.787476,408.728729,379.284397,437.608307,442.550733,8.148438,,>6,true,in_hand,false,Facing,partial,none
Pave1_002106#1,Pave1_002106,Pave1,outdoor_pavement_closed_road_sim,1,514.072876,350.262726,615.790771,622.038696,539.50235,391.029121,590.361297,513.328308,4.488281,,3-6,true,worn_unknown,true,Back,none,none
Pave1_002106#2,Pave1_002106,Pave1,outdoor_pavement_closed_road_sim,2,397.804199,363.177856,442.670532,497.753479,409.020782,383.364199,431.453949,443.92323,8.84375,,>6,true,in_hand,false,Facing,none,uncertain
Pave1_002118#1,Pave1_002118,Pave1,outdoor_pavement_closed_road_sim,1,505.780273,352.039368,597.878052,614.956726,528.804718,391.476972,574.853607,509.789783,4.824219,,3-6,true,worn_unknown,true,Back,none,none
Pave1_002118#2,Pave1_002118,Pave1,outdoor_pavement_closed_road_sim,2,404.325562,352.83371,437.255554,488.476685,412.55806,373.180156,429.023056,434.219495,,>6,>6,true,in_hand,false,Facing,partial,uncertain
Pave1_002148#1,Pave1_002148,Pave1,outdoor_pavement_closed_road_sim,1,486.069641,348.966431,569.099792,573.717896,506.827179,382.679151,548.342254,483.81731,5.658203,,3-6,true,worn_unknown,true,Back,none,none
Pave1_002148#2,Pave1_002148,Pave1,outdoor_pavement_closed_road_sim,2,367.406281,354.662292,417.62384,487.638702,379.960671,374.608753,405.06945,434.448138,,>6,>6,true,worn_unknown,true,Side,none,none
Pave1_002160#1,Pave1_002160,Pave1,outdoor_pavement_closed_road_sim,1,482.167236,349.258057,542.71936,555.642944,497.305267,380.21579,527.581329,473.088989,5.972656,,3-6,true,worn_unknown,true,Side,none,none
Pave1_002160#2,Pave1_002160,Pave1,outdoor_pavement_closed_road_sim,2,354.496735,349.261932,398.792542,489.199585,365.570687,370.25258,387.71859,433.224524,,>6,>6,true,worn_unknown,true,Facing,none,uncertain
Pave1_002172#1,Pave1_002172,Pave1,outdoor_pavement_closed_road_sim,1,464.474243,353.255768,522.218201,548.749878,478.910233,382.579884,507.782212,470.552234,6.101562,,>6,true,worn_unknown,true,Side,none,none
Pave1_002172#2,Pave1_002172,Pave1,outdoor_pavement_closed_road_sim,2,331.853333,350.471252,387.408203,494.701416,345.742051,372.105777,373.519486,437.00935,8.484375,,>6,true,worn_unknown,true,Facing,none,uncertain
Pave1_002190#1,Pave1_002190,Pave1,outdoor_pavement_closed_road_sim,1,438.25647,351.840027,494.311279,538.989136,452.270172,379.912393,480.297577,464.129492,6.734375,,>6,true,worn_unknown,true,Side,none,none
Pave1_002190#2,Pave1_002190,Pave1,outdoor_pavement_closed_road_sim,2,310.075806,349.517426,359.862183,501.761658,322.5224,372.354061,347.415589,440.863965,,>6,>6,true,worn_unknown,true,Facing,none,uncertain
Pave1_002202#1,Pave1_002202,Pave1,outdoor_pavement_closed_road_sim,1,433.157959,351.282776,473.576385,530.262573,443.262565,378.129746,463.471779,458.670654,,>6,>6,true,worn_unknown,true,Side,none,none
Pave1_002202#2,Pave1_002202,Pave1,outdoor_pavement_closed_road_sim,2,301.301697,353.694885,349.863098,506.409363,313.442047,376.602057,337.722748,445.323572,,>6,>6,true,worn_unknown,true,Side,none,uncertain
Pave1_002214#1,Pave1_002214,Pave1,outdoor_pavement_closed_road_sim,1,268.527405,350.311584,335.322601,508.270477,285.226204,374.005418,318.623802,445.08692,7.140625,,>6,true,worn_unknown,true,Facing,none,none
Pave1_002214#2,Pave1_002214,Pave1,outdoor_pavement_closed_road_sim,2,392.858459,351.041687,447.02655,527.852905,406.400482,377.56337,433.484527,457.128418,6.949219,,>6,true,worn_unknown,true,Side,none,none
Pave1_002232#1,Pave1_002232,Pave1,outdoor_pavement_closed_road_sim,1,337.900177,349.471527,421.585999,526.439209,358.821632,376.016679,400.664544,455.652136,6.958984,,>6,true,worn_unknown,true,Facing,none,none
Pave1_002232#2,Pave1_002232,Pave1,outdoor_pavement_closed_road_sim,2,253.444611,352.805481,312.405029,511.049866,268.184716,376.542139,297.664924,447.752112,7.234375,,>6,true,worn_unknown,true,Facing,none,uncertain
Pave1_002244#1,Pave1_002244,Pave1,outdoor_pavement_closed_road_sim,1,345.763306,352.474243,411.911316,538.167358,362.300309,380.32821,395.374313,463.890112,,>6,>6,true,worn_unknown,true,Facing,none,none
Pave1_002244#2,Pave1_002244,Pave1,outdoor_pavement_closed_road_sim,2,258.047913,359.592621,312.350525,510.7099,271.623566,382.260213,298.774872,450.262988,7.363281,,>6,true,worn_unknown,true,Facing,none,uncertain
Pave1_002262#1,Pave1_002262,Pave1,outdoor_pavement_closed_road_sim,1,332.460327,351.561768,403.074371,550.886475,350.113838,381.460474,385.42086,471.156592,6.507812,,>6,true,worn_unknown,true,Facing,none,none
Pave1_002262#2,Pave1_002262,Pave1,outdoor_pavement_closed_road_sim,2,262.348572,349.84552,322.613098,510.743408,277.414703,373.980203,307.546966,446.384253,7.509766,,>6,true,worn_unknown,true,Facing,none,uncertain
Pave1_002274#1,Pave1_002274,Pave1,outdoor_pavement_closed_road_sim,1,321.890503,347.863342,401.886353,553.786072,341.889466,378.751752,381.88739,471.41698,6.164062,,>6,true,worn_unknown,true,Facing,none,none
Pave1_002274#2,Pave1_002274,Pave1,outdoor_pavement_closed_road_sim,2,260.909851,347.532867,323.176453,510.527893,276.476501,371.982121,307.609803,445.329883,7.496094,,>6,true,worn_unknown,true,Facing,none,uncertain
Pave1_002286#1,Pave1_002286,Pave1,outdoor_pavement_closed_road_sim,1,329.957336,348.421417,404.20578,570.936279,348.519447,381.798646,385.643669,481.930334,5.742188,,3-6,true,worn_unsecured,true,Facing,none,none
Pave1_002286#2,Pave1_002286,Pave1,outdoor_pavement_closed_road_sim,2,261.728271,357.031555,320.480957,511.174011,276.416443,380.152923,305.792785,449.517029,7.46875,,>6,true,worn_unknown,true,Facing,partial,uncertain
Pave1_002298#1,Pave1_002298,Pave1,outdoor_pavement_closed_road_sim,1,324.386444,349.772919,412.143311,588.819214,346.325661,385.629863,390.204094,493.200696,5.417969,,3-6,true,worn_unknown,true,Facing,none,none
Pave1_002298#2,Pave1_002298,Pave1,outdoor_pavement_closed_road_sim,2,262.687256,360.760223,319.866455,510.738464,276.982056,383.256959,305.571655,450.747168,7.328125,,>6,true,worn_unknown,true,Facing,partial,uncertain
Pave1_002310#1,Pave1_002310,Pave1,outdoor_pavement_closed_road_sim,1,321.12561,347.434082,408.871399,593.863831,343.062057,384.398544,386.934952,495.291931,5.054688,,3-6,true,worn_unsecured,true,Facing,none,none
Pave1_002310#2,Pave1_002310,Pave1,outdoor_pavement_closed_road_sim,2,239.173553,350.928162,315.907471,512.959106,258.357033,375.232804,296.723992,448.146728,6.9375,,>6,true,worn_unknown,true,Side,none,uncertain
Pave1_002322#1,Pave1_002322,Pave1,outdoor_pavement_closed_road_sim,1,322.844604,348.159912,418.14267,621.801208,346.669121,389.206106,394.318153,512.34469,4.746094,,3-6,true,worn_unsecured,true,Facing,none,none
Pave1_002322#2,Pave1_002322,Pave1,outdoor_pavement_closed_road_sim,2,232.438782,346.601593,303.118439,518.237,250.108696,372.346904,285.448525,449.582837,6.480469,,>6,true,worn_unknown,true,Facing,none,uncertain
Pave1_002334#1,Pave1_002334,Pave1,outdoor_pavement_closed_road_sim,1,322.128418,345.139191,426.064636,644.509827,348.112473,390.044786,400.080581,524.761573,4.34375,,3-6,true,worn_unknown,true,Facing,none,none
Pave1_002334#2,Pave1_002334,Pave1,outdoor_pavement_closed_road_sim,2,220.630463,344.697083,273.910858,527.514648,233.950562,372.119718,260.590759,454.387622,6.820312,,>6,true,worn_unknown,true,Facing,partial,call
Pave1_002346#1,Pave1_002346,Pave1,outdoor_pavement_closed_road_sim,1,314.282654,343.596527,424.133667,660.348999,341.745407,391.109398,396.670914,533.64801,3.988281,,3-6,true,worn_secured,true,Facing,none,none
Pave1_002346#2,Pave1_002346,Pave1,outdoor_pavement_closed_road_sim,2,194.969177,343.729065,263.991974,535.570862,212.224876,372.505335,246.736275,458.834143,6.417969,,>6,true,worn_unknown,true,Facing,none,uncertain
Pave1_002424#1,Pave1_002424,Pave1,outdoor_pavement_closed_road_sim,1,487.376678,324.209564,689.27356,719.508789,537.850898,383.504448,638.799339,561.389099,1.697266,,<3,true,worn_secured,true,Side,partial,none
Pave1_002424#2,Pave1_002424,Pave1,outdoor_pavement_closed_road_sim,2,100.703911,336.775085,204.397751,635.875122,126.627371,381.640091,178.474291,516.235107,4.265625,,3-6,true,absent,false,Facing,none,none
Pave1_002436#1,Pave1_002436,Pave1,outdoor_pavement_closed_road_sim,1,559.296997,320.304932,837.382507,719.439453,628.818375,380.17511,767.86113,559.785645,1.454102,,<3,true,worn_secured,true,Facing,partial,none
Pave1_002436#2,Pave1_002436,Pave1,outdoor_pavement_closed_road_sim,2,100.091171,324.686371,239.127869,643.429077,134.850346,372.497777,204.368695,515.931995,3.980469,,3-6,true,worn_secured,true,Facing,none,none
Pave1_002454#1,Pave1_002454,Pave1,outdoor_pavement_closed_road_sim,1,601.286804,305.497681,957.751831,719.299927,690.403061,367.568018,868.635574,553.779029,1.152344,,<3,true,worn_secured,true,Facing,none,none
Pave1_002454#2,Pave1_002454,Pave1,outdoor_pavement_closed_road_sim,2,145.161194,322.628357,278.392517,707.18042,178.469025,380.311166,245.084686,553.359595,3.404297,,3-6,true,worn_secured,true,Facing,none,none
Pave1_002472#1,Pave1_002472,Pave1,outdoor_pavement_closed_road_sim,1,675.386963,288.683167,959.473999,719.369019,746.408722,353.286045,888.45224,547.094678,0.945312,,<3,true,worn_unsecured,true,Side,partial,none
Pave1_002472#2,Pave1_002472,Pave1,outdoor_pavement_closed_road_sim,2,185.762772,320.070953,348.952698,718.459534,226.560254,379.82924,308.155216,559.104102,2.957031,,<3,true,worn_secured,true,Facing,none,none
Pave1_002490#1,Pave1_002490,Pave1,outdoor_pavement_closed_road_sim,1,612.133423,308.954132,875.910095,719.359009,678.077591,370.514864,809.965927,555.197058,1.112305,,<3,true,worn_unsecured,true,Side,partial,none
Pave1_002490#2,Pave1_002490,Pave1,outdoor_pavement_closed_road_sim,2,178.624283,315.161682,366.89209,719.746094,225.691235,375.849344,319.825138,557.912329,2.255859,,<3,true,worn_unknown,true,Facing,partial,none
Pave1_002502#1,Pave1_002502,Pave1,outdoor_pavement_closed_road_sim,1,16.283089,314.662354,342.633057,719.33252,97.870581,375.362879,261.045565,557.464454,1.708008,,<3,true,worn_secured,true,Facing,partial,none
Pave1_002502#2,Pave1_002502,Pave1,outdoor_pavement_closed_road_sim,2,543.386902,317.01532,811.215454,719.489258,610.34404,377.386411,744.258316,558.499683,1.342773,,<3,true,worn_unsecured,true,Back,partial,none
Pave1_002514#1,Pave1_002514,Pave1,outdoor_pavement_closed_road_sim,1,0.556046,252.963379,248.625763,718.379028,62.573475,322.775726,186.608334,532.212768,1.175781,,<3,true,worn_secured,true,Facing,partial,none
Pave1_002514#2,Pave1_002514,Pave1,outdoor_pavement_closed_road_sim,2,462.96579,320.423706,738.906128,719.116089,531.950875,380.227563,669.921043,559.639136,1.648926,,<3,true,worn_unknown,true,Back,none,none
Pave1_002526#1,Pave1_002526,Pave1,outdoor_pavement_closed_road_sim,1,461.886383,330.216125,661.687683,719.379028,511.836708,388.59056,611.737358,563.713867,1.954102,,<3,true,worn_unknown,true,Back,partial,none
Pave1_002538#1,Pave1_002538,Pave1,outdoor_pavement_closed_road_sim,1,462.879913,334.510498,608.187012,719.196594,499.206688,392.213412,571.860237,565.322156,2.212891,,<3,true,worn_unknown,true,Back,partial,none
Pave1_002550#1,Pave1_002550,Pave1,outdoor_pavement_closed_road_sim,1,443.582428,334.926056,579.548462,719.217407,477.573937,392.569759,545.556953,565.500867,2.503906,,<3,true,worn_unknown,true,Back,none,none
Pave1_002562#1,Pave1_002562,Pave1,outdoor_pavement_closed_road_sim,1,468.23941,333.394348,591.808716,719.676147,499.131736,391.336618,560.91639,565.163427,2.736328,,<3,true,worn_secured,true,Side,partial,none
Pave1_002580#1,Pave1_002580,Pave1,outdoor_pavement_closed_road_sim,1,512.985352,336.825439,653.279175,718.78833,548.058808,394.119873,618.205719,566.003174,2.730469,,<3,true,worn_secured,true,Facing,none,none
Pave1_002592#1,Pave1_002592,Pave1,outdoor_pavement_closed_road_sim,1,550.46521,339.757263,727.651978,719.482849,594.761902,396.716101,683.355286,567.592615,2.513672,,<3,true,worn_secured,true,Facing,partial,none
Pave1_002610#1,Pave1_002610,Pave1,outdoor_pavement_closed_road_sim,1,559.837891,335.975555,767.466309,719.42627,611.744995,393.493162,715.559205,566.045984,2.138672,,<3,true,worn_secured,true,Facing,none,none
Pave1_002622#1,Pave1_002622,Pave1,outdoor_pavement_closed_road_sim,1,626.943237,338.4021,789.837158,719.497437,667.666717,395.566401,749.113678,567.059302,1.902344,,<3,true,worn_secured,true,Facing,partial,none
Pave1_002634#1,Pave1_002634,Pave1,outdoor_pavement_closed_road_sim,1,649.893677,329.288361,959.216125,719.43219,727.224289,387.809935,881.885513,563.374658,1.68457,,<3,true,worn_secured,true,Facing,partial,none
Pave1_002646#1,Pave1_002646,Pave1,outdoor_pavement_closed_road_sim,1,761.910767,336.366821,959.246948,719.303345,811.244812,393.8073,909.912903,566.128735,1.438477,,<3,true,worn_secured,true,Facing,partial,none
Pave2_000000#1,Pave2_000000,Pave2,outdoor_pavement_closed_road_sim,1,153.671631,290.258484,447.944031,719.203613,227.239731,354.600253,374.375931,547.625561,1.276367,,<3,true,worn_secured,true,Back,none,none
Pave2_000012#1,Pave2_000012,Pave2,outdoor_pavement_closed_road_sim,1,256.629364,312.159485,542.342041,719.566528,328.057533,373.270541,470.913872,556.603711,1.613281,,<3,true,worn_secured,true,Back,partial,none
Pave2_000024#1,Pave2_000024,Pave2,outdoor_pavement_closed_road_sim,1,407.726257,320.71344,568.836548,719.490234,448.00383,380.529959,528.558975,559.979516,1.875977,,<3,true,worn_unknown,true,Back,none,none
Pave2_000024#2,Pave2_000024,Pave2,outdoor_pavement_closed_road_sim,2,257.052551,363.218262,272.841736,400.194122,260.999847,368.764641,268.89444,385.403778,18.46875,,>6,false,absent,false,Side,heavy,uncertain
Pave2_000036#1,Pave2_000036,Pave2,outdoor_pavement_closed_road_sim,1,479.29541,323.332916,705.798706,719.438965,535.921234,382.748823,649.172882,560.996545,2.161133,,<3,true,worn_unknown,true,Back,partial,none
Pave2_000036#2,Pave2_000036,Pave2,outdoor_pavement_closed_road_sim,2,254.925964,365.796143,270.927277,400.802246,258.926292,371.047058,266.926949,386.799805,18.46875,,>6,false,absent,false,Side,heavy,uncertain
Pave2_000048#1,Pave2_000048,Pave2,outdoor_pavement_closed_road_sim,1,544.461365,336.970947,718.818054,719.844666,588.050537,394.402005,675.228882,566.695178,2.523438,,<3,true,worn_unknown,true,Back,partial,none
Pave2_000048#2,Pave2_000048,Pave2,outdoor_pavement_closed_road_sim,2,249.292923,361.860474,265.194519,399.174988,253.268322,367.457651,261.21912,384.249182,18.5625,,>6,false,absent,false,Side,heavy,uncertain
Pave2_000066#1,Pave2_000066,Pave2,outdoor_pavement_closed_road_sim,1,639.18042,338.112671,799.874023,719.265198,679.353821,395.28555,759.700622,566.804187,2.916016,,<3,true,worn_unknown,true,Back,none,none
Pave2_000066#2,Pave2_000066,Pave2,outdoor_pavement_closed_road_sim,2,244.073685,361.046875,260.126892,398.296814,248.086987,366.634366,256.11359,383.396838,18.578125,,>6,false,absent,false,Back,heavy,uncertain
Pave2_000084#1,Pave2_000084,Pave2,outdoor_pavement_closed_road_sim,1,670.589172,346.286255,799.481506,701.361572,702.812255,399.547553,767.258422,559.331445,3.453125,,3-6,true,worn_unknown,true,Back,none,none
Pave2_000084#2,Pave2_000084,Pave2,outdoor_pavement_closed_road_sim,2,234.325195,361.281311,256.046021,398.094849,239.755402,366.803342,250.615814,383.369434,18.140625,,>6,false,absent,false,uncertain,partial,uncertain
Pave2_000096#1,Pave2_000096,Pave2,outdoor_pavement_closed_road_sim,1,672.357605,347.515259,802.064026,671.34021,704.78421,396.089002,769.637421,541.81023,3.728516,,3-6,true,worn_secured,true,Back,none,none
Pave2_000096#2,Pave2_000096,Pave2,outdoor_pavement_closed_road_sim,2,232.417023,362.15271,252.911072,397.455688,237.540535,367.448157,247.78756,383.334497,18.492188,,>6,false,absent,false,uncertain,uncertain,uncertain
Pave2_000120#1,Pave2_000120,Pave2,outdoor_pavement_closed_road_sim,1,677.775696,347.527069,811.139282,638.913391,711.116593,391.235017,777.798385,522.358862,4.371094,,3-6,true,worn_unknown,true,Back,none,none
Pave2_000120#2,Pave2_000120,Pave2,outdoor_pavement_closed_road_sim,2,221.333332,363.333328,245.333332,394.333328,227.333332,367.983328,239.333332,381.933328,18.382812,,>6,false,absent,false,uncertain,heavy,uncertain
Pave2_000132#1,Pave2_000132,Pave2,outdoor_pavement_closed_road_sim,1,684.957092,348.917023,777.776123,611.163574,708.16185,388.254006,754.571365,506.264954,4.722656,,3-6,true,worn_unknown,true,Back,none,none
Pave2_000144#1,Pave2_000144,Pave2,outdoor_pavement_closed_road_sim,1,666.374512,351.331573,753.220215,601.567017,688.085938,388.86689,731.508789,501.472839,5.035156,,3-6,true,worn_unknown,true,Back,none,none
Pave2_000156#1,Pave2_000156,Pave2,outdoor_pavement_closed_road_sim,1,646.645935,352.815491,744.199219,585.061523,671.034256,387.652396,719.810898,492.16311,5.431641,,3-6,true,worn_unknown,true,Back,none,none
Pave2_000168#1,Pave2_000168,Pave2,outdoor_pavement_closed_road_sim,1,635.749023,351.488617,711.728271,563.522095,654.743835,383.293639,692.733459,478.708704,5.839844,,3-6,true,worn_unknown,true,Back,none,none
Pave2_000180#1,Pave2_000180,Pave2,outdoor_pavement_closed_road_sim,1,630.506226,353.658783,689.905212,552.186951,645.355973,383.438008,675.055465,472.775684,6.261719,,>6,true,worn_unknown,true,Back,none,none
Pave2_000192#1,Pave2_000192,Pave2,outdoor_pavement_closed_road_sim,1,600.475647,354.336578,689.14917,548.239197,622.644028,383.421971,666.980789,470.678149,17.28125,,>6,true,worn_unknown,true,Back,none,none
Pave2_000210#1,Pave2_000210,Pave2,outdoor_pavement_closed_road_sim,1,573.181885,356.849792,645.82489,530.892395,591.342636,382.956182,627.664139,461.275354,7.226562,,>6,true,worn_unknown,true,Side,none,none
Pave2_000222#1,Pave2_000222,Pave2,outdoor_pavement_closed_road_sim,1,539.821655,353.093384,604.358459,523.856384,555.955856,378.707834,588.224258,455.551184,,>6,>6,true,worn_unknown,true,Side,none,none
Pave2_000234#1,Pave2_000234,Pave2,outdoor_pavement_closed_road_sim,1,521.617493,351.822784,563.144653,513.423828,531.999283,376.062941,552.762863,448.78341,,>6,>6,true,worn_secured,true,Side,none,uncertain
Pave2_000246#1,Pave2_000246,Pave2,outdoor_pavement_closed_road_sim,1,479.157806,355.614624,540.468506,517.106445,494.485481,379.838397,525.140831,452.509717,16.710938,,>6,true,worn_unknown,true,Side,none,none
Pave2_000258#1,Pave2_000258,Pave2,outdoor_pavement_closed_road_sim,1,428.969971,352.394867,508.366699,511.733826,448.819153,376.295711,488.517517,447.998242,16.84375,,>6,true,worn_unknown,true,Side,none,none
Pave2_000270#1,Pave2_000270,Pave2,outdoor_pavement_closed_road_sim,1,387.088806,348.867615,468.534668,510.948608,407.450271,373.179764,448.173203,446.116211,19.101562,,>6,true,worn_unknown,true,Facing,none,none
Pave2_000282#1,Pave2_000282,Pave2,outdoor_pavement_closed_road_sim,1,382.652283,350.231567,435.201691,515.381714,395.789635,375.004089,422.064339,449.321655,7.404297,,>6,true,worn_unknown,true,Facing,none,none
Pave2_000300#1,Pave2_000300,Pave2,outdoor_pavement_closed_road_sim,1,323.348206,349.830536,398.598389,524.669678,342.160752,376.056407,379.785843,454.734021,7.208984,,>6,true,worn_unknown,true,Facing,none,none
Pave2_000312#1,Pave2_000312,Pave2,outdoor_pavement_closed_road_sim,1,316.13324,355.761292,387.500732,540.651733,333.975113,383.494858,369.658859,466.695557,6.570312,,>6,true,worn_unknown,true,Facing,none,none
Pave2_000324#1,Pave2_000324,Pave2,outdoor_pavement_closed_road_sim,1,289.075073,356.349792,366.857422,551.479248,308.52066,385.61921,347.411835,473.427466,,>6,>6,true,worn_unknown,true,Facing,none,none
Pave2_000342#1,Pave2_000342,Pave2,outdoor_pavement_closed_road_sim,1,268.582855,347.503326,355.269104,573.708801,290.254417,381.434147,333.597542,483.226611,5.582031,,3-6,true,worn_unknown,true,Facing,none,none
Pave2_000360#1,Pave2_000360,Pave2,outdoor_pavement_closed_road_sim,1,256.272247,348.453064,345.05014,603.364258,278.46672,386.689743,322.855667,501.39978,5.0625,,3-6,true,worn_unknown,true,Facing,none,none
Pave2_000384#1,Pave2_000384,Pave2,outdoor_pavement_closed_road_sim,1,265.068298,343.986938,368.234436,636.314819,290.859833,387.83612,342.442902,519.383667,4.316406,,3-6,true,worn_unknown,true,Facing,none,none
Pave2_000396#1,Pave2_000396,Pave2,outdoor_pavement_closed_road_sim,1,265.616547,344.37561,391.586884,686.00293,297.109131,395.619708,360.0943,549.352002,3.898438,,3-6,true,worn_unknown,true,Facing,none,none
Pave2_000408#1,Pave2_000408,Pave2,outdoor_pavement_closed_road_sim,1,303.374634,338.23822,414.045227,700.17218,331.042282,392.528314,386.377579,555.398596,3.457031,,3-6,true,worn_secured,true,Facing,none,none
Pave2_000420#1,Pave2_000420,Pave2,outdoor_pavement_closed_road_sim,1,350.888824,336.741486,487.506042,719.774963,385.043128,394.196508,453.351738,566.561572,3.140625,,3-6,true,worn_secured,true,Facing,none,none
Pave2_000432#1,Pave2_000432,Pave2,outdoor_pavement_closed_road_sim,1,404.713135,342.699097,567.205688,719.963257,445.336273,399.288721,526.58255,569.057593,2.785156,,<3,true,worn_secured,true,Side,none,none
Pave2_000456#1,Pave2_000456,Pave2,outdoor_pavement_closed_road_sim,1,630.282837,337.545685,807.18988,719.419373,674.509598,394.826738,762.963119,566.669898,2.201172,,<3,true,worn_secured,true,Side,partial,none
Pave2_000468#1,Pave2_000468,Pave2,outdoor_pavement_closed_road_sim,1,781.358459,332.168152,959.338806,719.602112,825.853546,390.283246,914.843719,564.628528,1.867188,,<3,true,worn_secured,true,Side,partial,none
Pave2_000618#1,Pave2_000618,Pave2,outdoor_pavement_closed_road_sim,1,624.644653,336.774048,764.84021,719.651245,659.693542,394.205628,729.791321,566.500366,2.820312,,<3,true,worn_secured,true,Side,partial,none
Pave2_000630#1,Pave2_000630,Pave2,outdoor_pavement_closed_road_sim,1,558.644287,341.350281,687.567505,719.373535,590.875091,398.053769,655.336701,568.164233,3.230469,,3-6,true,worn_secured,true,Side,none,none
Pave2_000660#1,Pave2_000660,Pave2,outdoor_pavement_closed_road_sim,1,435.870605,346.124115,531.173645,642.782593,459.696365,390.622887,507.347885,524.119202,4.035156,,3-6,true,worn_unknown,true,Back,none,none
Pave2_000672#1,Pave2_000672,Pave2,outdoor_pavement_closed_road_sim,1,381.760559,348.619873,492.004822,635.023621,409.321625,391.580435,464.443756,520.462122,4.40625,,3-6,true,worn_unknown,true,Back,none,none
Pave2_000684#1,Pave2_000684,Pave2,outdoor_pavement_closed_road_sim,1,358.140869,345.890747,449.680206,608.062439,381.025703,385.216501,426.795372,503.193762,4.792969,,3-6,true,worn_unknown,true,Back,none,none
Pave2_000696#1,Pave2_000696,Pave2,outdoor_pavement_closed_road_sim,1,325.703705,344.4599,421.560791,589.891785,349.667977,381.274683,397.596519,491.719031,5.09375,,3-6,true,worn_unknown,true,Back,none,none
Pave2_000708#1,Pave2_000708,Pave2,outdoor_pavement_closed_road_sim,1,320.711365,345.973022,397.987732,567.798584,340.030457,379.246856,378.66864,479.068359,5.550781,,3-6,true,worn_unknown,true,Back,none,none
Pave2_000732#1,Pave2_000732,Pave2,outdoor_pavement_closed_road_sim,1,305.802002,351.049713,377.70874,548.383484,323.778686,380.649779,359.732056,469.449976,,>6,>6,true,worn_unknown,true,Back,partial,none
Pave2_000750#1,Pave2_000750,Pave2,outdoor_pavement_closed_road_sim,1,317.961731,354.802612,394.025574,538.037231,336.977692,382.287805,375.009613,464.743383,6.492188,,>6,true,worn_unknown,true,Side,none,none
Pave2_000768#1,Pave2_000768,Pave2,outdoor_pavement_closed_road_sim,1,361.346619,353.454407,454.018372,538.176575,384.514557,381.162732,430.850434,464.287708,6.621094,,>6,true,worn_unknown,true,Side,none,none
Pave2_000786#1,Pave2_000786,Pave2,outdoor_pavement_closed_road_sim,1,420.928162,353.098633,514.349487,546.992737,444.283493,382.182749,490.994156,469.435095,6.388672,,>6,true,worn_unknown,true,Facing,none,none
Pave2_000822#1,Pave2_000822,Pave2,outdoor_pavement_closed_road_sim,1,537.091797,351.704285,622.875488,588.085938,558.53772,387.161533,601.429565,493.533277,5.232422,,3-6,true,worn_secured,true,Facing,none,none
Pave2_000840#1,Pave2_000840,Pave2,outdoor_pavement_closed_road_sim,1,603.397095,351.518402,699.218811,622.447449,627.352524,392.157759,675.263382,514.07583,4.699219,,3-6,true,worn_unsecured,true,Facing,none,none
Pave2_000870#1,Pave2_000870,Pave2,outdoor_pavement_closed_road_sim,1,631.934143,348.768188,733.852478,684.295044,657.413727,399.097216,708.372894,550.084302,3.828125,,3-6,true,worn_secured,true,Facing,none,none
Pave2_000888#1,Pave2_000888,Pave2,outdoor_pavement_closed_road_sim,1,560.641846,346.593811,703.069702,718.462524,596.24881,402.374118,667.462738,569.715039,3.412109,,3-6,true,worn_secured,true,Side,none,none
Pave2_000906#1,Pave2_000906,Pave2,outdoor_pavement_closed_road_sim,1,464.10376,344.59433,623.111328,718.367554,503.855652,400.660314,583.359436,568.858264,3.46875,,3-6,true,worn_secured,true,Side,none,none
Pave2_000918#1,Pave2_000918,Pave2,outdoor_pavement_closed_road_sim,1,439.399658,346.925995,555.437073,683.395752,468.409012,397.396459,526.427719,548.807849,3.689453,,3-6,true,worn_unknown,true,Back,none,none
Pave2_000930#1,Pave2_000930,Pave2,outdoor_pavement_closed_road_sim,1,400.016602,345.711731,528.71521,651.809692,432.191254,391.626425,496.540558,529.370508,3.984375,,3-6,true,worn_unknown,true,Back,none,none
Pave2_000948#1,Pave2_000948,Pave2,outdoor_pavement_closed_road_sim,1,421.403992,346.506714,515.370056,612.711609,444.895508,386.437448,491.87854,506.229651,4.570312,,3-6,true,worn_unknown,true,Back,none,none
Pave2_000960#1,Pave2_000960,Pave2,outdoor_pavement_closed_road_sim,1,416.53894,349.56308,512.778259,600.701477,440.59877,387.23384,488.718429,500.246118,4.90625,,3-6,true,worn_unknown,true,Back,none,none
Pave2_000972#1,Pave2_000972,Pave2,outdoor_pavement_closed_road_sim,1,434.391266,350.396484,508.437103,583.688965,452.902725,385.390356,489.925644,490.371973,5.296875,,3-6,true,worn_unknown,true,Back,none,none
Pave2_000984#1,Pave2_000984,Pave2,outdoor_pavement_closed_road_sim,1,432.419586,349.059509,512.228149,564.272705,452.371727,381.341488,492.276008,478.187427,5.703125,,3-6,true,worn_unknown,true,Back,none,none
Pave2_000996#1,Pave2_000996,Pave2,outdoor_pavement_closed_road_sim,1,437.378082,350.760986,507.908478,550.089233,455.010681,380.660223,490.275879,470.357934,6.078125,,>6,true,worn_unknown,true,Back,none,none
Pave2_001014#1,Pave2_001014,Pave2,outdoor_pavement_closed_road_sim,1,437.837097,349.731506,505.497864,536.896118,454.752289,377.806198,488.582672,462.030273,6.638672,,>6,true,worn_unknown,true,Back,partial,none
Pave2_001038#1,Pave2_001038,Pave2,outdoor_pavement_closed_road_sim,1,407.01535,350.038239,465.799438,525.889038,421.711372,376.415859,451.103416,455.548718,7.007812,,>6,true,worn_unknown,true,Side,none,none
Pave2_001050#1,Pave2_001050,Pave2,outdoor_pavement_closed_road_sim,1,383.447693,348.267059,448.050934,525.078857,399.598503,374.788829,431.900124,454.354138,6.871094,,>6,true,worn_unknown,true,Facing,none,none
Pave2_001068#1,Pave2_001068,Pave2,outdoor_pavement_closed_road_sim,1,380.012238,352.479553,438.080566,536.636414,394.52932,380.103082,423.563484,462.97367,6.585938,,>6,true,absent,false,Facing,none,none
Pave2_001080#1,Pave2_001080,Pave2,outdoor_pavement_closed_road_sim,1,357.351654,351.96582,434.864044,548.013306,376.729752,381.372943,415.485946,469.594312,6.267578,,>6,true,worn_unknown,true,Facing,none,none
Pave2_001110#1,Pave2_001110,Pave2,outdoor_pavement_closed_road_sim,1,356.89325,347.09317,447.538422,573.694702,379.554543,381.0834,424.877129,483.054089,5.488281,,3-6,true,worn_unsecured,true,Facing,none,none
Pave2_001122#1,Pave2_001122,Pave2,outdoor_pavement_closed_road_sim,1,361.25174,346.696991,447.401001,602.971252,382.789055,385.13813,425.863686,500.461548,5.101562,,3-6,true,worn_unknown,true,Facing,none,none
Pave2_001134#1,Pave2_001134,Pave2,outdoor_pavement_closed_road_sim,1,363.277313,346.207306,454.559692,627.519287,386.097908,388.404103,431.739097,514.994495,4.644531,,3-6,true,worn_unknown,true,Facing,none,none
Pave2_001152#1,Pave2_001152,Pave2,outdoor_pavement_closed_road_sim,1,367.390381,347.569122,473.524384,684.496216,393.923882,398.108186,446.990883,549.725378,3.945312,,3-6,true,worn_unknown,true,Facing,none,none
Pave2_001170#1,Pave2_001170,Pave2,outdoor_pavement_closed_road_sim,1,393.005402,344.812378,503.592224,720.0,420.652107,401.090521,475.945518,569.924951,3.28125,,3-6,true,worn_secured,true,Facing,none,none
Pave2_001182#1,Pave2_001182,Pave2,outdoor_pavement_closed_road_sim,1,427.510315,342.063599,588.176758,719.431396,467.676926,398.668769,548.010147,568.484277,2.958984,,<3,true,worn_secured,true,Facing,none,none
Pave2_001194#1,Pave2_001194,Pave2,outdoor_pavement_closed_road_sim,1,495.402924,332.22699,623.764038,718.919739,527.493203,390.230902,591.673759,564.242639,2.529297,,<3,true,worn_secured,true,Side,none,none
Pave2_001212#1,Pave2_001212,Pave2,outdoor_pavement_closed_road_sim,1,645.324219,331.499542,812.875488,719.415405,687.212036,389.686921,770.987671,564.24906,2.099609,,<3,true,worn_secured,true,Side,none,none
Pave2_001422#1,Pave2_001422,Pave2,outdoor_pavement_closed_road_sim,1,795.09906,333.018341,959.391541,719.616943,836.17218,391.008131,918.318421,564.977502,2.40332,,<3,true,worn_secured,true,Side,partial,none
Pave2_001434#1,Pave2_001434,Pave2,outdoor_pavement_closed_road_sim,1,749.889038,331.389679,950.432556,719.480896,800.024918,389.603362,900.296676,564.244409,2.050781,,<3,true,worn_secured,true,Side,none,none
Pave2_001452#1,Pave2_001452,Pave2,outdoor_pavement_closed_road_sim,1,549.025818,323.857178,785.413208,719.527466,608.122666,383.207721,726.31636,561.259351,1.938477,,<3,true,worn_unsecured,true,Side,none,none
Pave2_001470#1,Pave2_001470,Pave2,outdoor_pavement_closed_road_sim,1,433.106873,315.107605,624.501892,719.256714,480.955628,375.729971,576.653137,557.59707,1.685547,,<3,true,worn_secured,true,Side,partial,none
Pave2_001482#1,Pave2_001482,Pave2,outdoor_pavement_closed_road_sim,1,312.135223,309.761078,487.918671,719.474731,356.081085,371.218126,443.972809,555.58927,1.537109,,<3,true,worn_secured,true,Side,partial,none
Pave2_001494#1,Pave2_001494,Pave2,outdoor_pavement_closed_road_sim,1,135.42337,302.290375,354.112366,719.369995,190.095619,364.852318,299.440117,552.538147,1.400391,,<3,true,worn_unsecured,true,Side,none,none
Pave2_001506#1,Pave2_001506,Pave2,outdoor_pavement_closed_road_sim,1,0.343414,287.088348,232.866486,719.347778,58.474182,351.927262,174.735718,546.444006,1.284668,,<3,true,worn_unknown,true,Back,partial,none
Pave2_001518#1,Pave2_001518,Pave2,outdoor_pavement_closed_road_sim,1,0.248085,298.294067,228.339249,719.319092,57.270876,361.447821,171.316458,550.909082,1.484375,,<3,true,worn_unknown,true,Back,partial,none
Pave2_001530#1,Pave2_001530,Pave2,outdoor_pavement_closed_road_sim,1,0.258408,307.352173,270.553833,719.058411,67.832264,369.108109,202.979977,554.375916,1.727539,,<3,true,worn_secured,true,Back,partial,none
Pave2_001542#1,Pave2_001542,Pave2,outdoor_pavement_closed_road_sim,1,131.783096,319.581848,327.093018,719.456421,180.610576,379.563034,278.265537,559.506592,2.091797,,<3,true,worn_secured,true,Back,none,none
Pave2_001554#1,Pave2_001554,Pave2,outdoor_pavement_closed_road_sim,1,240.955582,332.309601,400.248108,719.411499,280.778713,390.374886,360.424977,564.57074,2.443359,,<3,true,worn_unknown,true,Back,none,none
Pave2_001572#1,Pave2_001572,Pave2,outdoor_pavement_closed_road_sim,1,380.126587,341.575928,525.727539,719.207336,416.526825,398.220639,489.327301,568.154773,2.912109,,<3,true,worn_unknown,true,Back,none,none
Pave2_001590#1,Pave2_001590,Pave2,outdoor_pavement_closed_road_sim,1,490.029144,342.289124,624.515015,703.655823,523.650612,396.494129,590.893547,559.109143,3.347656,,3-6,true,worn_unknown,true,Back,none,none
Pave2_001608#1,Pave2_001608,Pave2,outdoor_pavement_closed_road_sim,1,560.865356,346.671112,655.804932,664.470459,584.60025,394.341014,632.070038,537.35072,3.833984,,3-6,true,worn_unsecured,true,Back,none,none
Pave2_001620#1,Pave2_001620,Pave2,outdoor_pavement_closed_road_sim,1,587.584595,349.841095,698.362183,647.138855,615.278992,394.435759,670.667786,528.219751,4.164062,,3-6,true,worn_unknown,true,Back,none,none
Pave2_001638#1,Pave2_001638,Pave2,outdoor_pavement_closed_road_sim,1,621.092285,349.645538,724.197144,619.021912,646.8685,390.051994,698.420929,511.271362,4.648438,,3-6,true,worn_unknown,true,Back,none,none
Pave2_001650#1,Pave2_001650,Pave2,outdoor_pavement_closed_road_sim,1,642.82605,350.11795,728.709351,606.260193,664.296875,388.539286,707.238526,503.803296,4.949219,,3-6,true,worn_unknown,true,Back,none,none
Pave2_001662#1,Pave2_001662,Pave2,outdoor_pavement_closed_road_sim,1,642.123779,349.751251,731.418091,587.624634,664.447357,385.432258,709.094513,492.475281,5.265625,,3-6,true,worn_unknown,true,Back,none,none
Pave2_001674#1,Pave2_001674,Pave2,outdoor_pavement_closed_road_sim,1,637.432373,353.643005,715.001465,569.591187,656.824646,386.035232,695.609192,483.211914,5.625,,3-6,true,worn_unknown,true,Back,none,none
Pave2_001686#1,Pave2_001686,Pave2,outdoor_pavement_closed_road_sim,1,631.354248,353.273621,711.43103,563.920349,651.373444,384.87063,691.411834,479.661658,6.011719,,>6,true,worn_unknown,true,Back,none,uncertain
Pave2_001698#1,Pave2_001698,Pave2,outdoor_pavement_closed_road_sim,1,620.168579,352.797485,684.748779,549.792603,636.313629,382.346753,668.603729,470.994556,6.164062,,>6,true,worn_unknown,true,Back,none,none
Pave2_001710#1,Pave2_001710,Pave2,outdoor_pavement_closed_road_sim,1,597.288391,354.496704,664.363037,541.637634,614.057053,382.567844,647.594375,466.781262,6.660156,,>6,true,worn_unknown,true,Side,none,uncertain
Pave2_001722#1,Pave2_001722,Pave2,outdoor_pavement_closed_road_sim,1,581.890442,352.529297,637.922302,536.966431,595.898407,380.194867,623.914337,463.191577,,>6,>6,true,worn_unknown,true,Side,none,none
Pave2_001740#1,Pave2_001740,Pave2,outdoor_pavement_closed_road_sim,1,550.195984,348.607941,612.22345,543.556519,565.70285,377.850228,596.716583,465.577088,6.679688,,>6,true,worn_unknown,true,Facing,none,none
Pave2_001752#1,Pave2_001752,Pave2,outdoor_pavement_closed_road_sim,1,534.177734,355.631958,609.281616,546.193481,552.953704,384.216186,590.505646,469.968872,6.492188,,>6,true,worn_unknown,true,Facing,none,none
Pave2_001764#1,Pave2_001764,Pave2,outdoor_pavement_closed_road_sim,1,519.362732,353.494202,594.163879,560.338013,538.063019,384.520774,575.463592,477.600489,5.941406,,3-6,true,worn_unknown,true,Facing,none,none
Pave2_001806#1,Pave2_001806,Pave2,outdoor_pavement_closed_road_sim,1,488.519989,353.33606,585.953369,614.953735,512.878334,392.578711,561.595024,510.306665,4.789062,,3-6,true,worn_unknown,true,Facing,none,none
